unit,begich,bye,palin,peltola,ranking,treat,age,gender,race,partisanship,education,vote_likelihood,display_order
1,2,4,1,3,2413,0,61,Female,White,Republican,Some college but no degree,Very likely,Nick Begich (Registered Republican)|Sarah Palin (Registered Republican)|Chris Bye (Registered Libertarian)|Mary S. Peltola (Registered Democrat)
2,3,2,1,4,3214,0,27,Male,White,Independent,Some college but no degree,Likely,Chris Bye (Registered Libertarian)|Mary S. Peltola (Registered Democrat)|Sarah Palin (Registered Republican)|Nick Begich (Registered Republican)
3,4,3,2,1,4321,0,35,Male,Black or African American,Democrat,Master's degree,Very likely,Mary S. Peltola (Registered Democrat)|Sarah Palin (Registered Republican)|Chris Bye (Registered Libertarian)|Nick Begich (Registered Republican)
4,2,3,1,4,2314,0,55,Female,White,Republican,Some college but no degree,Very likely,Sarah Palin (Registered Republican)|Chris Bye (Registered Libertarian)|Nick Begich (Registered Republican)|Mary S. Peltola (Registered Democrat)
5,4,3,2,1,4321,0,45,Female,White,Independent,Bachelor's degree,Very likely,Mary S. Peltola (Registered Democrat)|Sarah Palin (Registered Republican)|Nick Begich (Registered Republican)|Chris Bye (Registered Libertarian)
6,1,3,2,4,1324,0,69,Male,White,Independent,Bachelor's degree,Very likely,Chris Bye (Registered Libertarian)|Mary S. Peltola (Registered Democrat)|Sarah Palin (Registered Republican)|Nick Begich (Registered Republican)
7,2,3,1,4,2314,0,68,Female,White,Republican,High school diploma or equivalent,I already voted using Vote-by-Mail,Mary S. Peltola (Registered Democrat)|Chris Bye (Registered Libertarian)|Sarah Palin (Registered Republican)|Nick Begich (Registered Republican)
8,2,3,1,4,2314,0,25,Female,White,Independent,Some college but no degree,Very likely,Chris Bye (Registered Libertarian)|Sarah Palin (Registered Republican)|Nick Begich (Registered Republican)|Mary S. Peltola (Registered Democrat)
9,4,2,3,1,4231,0,29,Female,White,Independent,Bachelor's degree,Likely,Sarah Palin (Registered Republican)|Nick Begich (Registered Republican)|Chris Bye (Registered Libertarian)|Mary S. Peltola (Registered Democrat)
10,1,3,4,2,1342,0,36,Female,White,Republican,High school diploma or equivalent,Likely,Chris Bye (Registered Libertarian)|Sarah Palin (Registered Republican)|Nick Begich (Registered Republican)|Mary S. Peltola (Registered Democrat)
11,1,3,2,4,1324,0,27,Female,American Indian and Alaska Native,Independent,High school diploma or equivalent,Likely,Chris Bye (Registered Libertarian)|Mary S. Peltola (Registered Democrat)|Sarah Palin (Registered Republican)|Nick Begich (Registered Republican)
12,2,4,1,3,2413,0,32,Female,White,Democrat,Associate degree,Very likely,Mary S. Peltola (Registered Democrat)|Chris Bye (Registered Libertarian)|Nick Begich (Registered Republican)|Sarah Palin (Registered Republican)
13,3,2,1,4,3214,0,33,Female,White,Other Party,Some college but no degree,Likely,Nick Begich (Registered Republican)|Chris Bye (Registered Libertarian)|Mary S. Peltola (Registered Democrat)|Sarah Palin (Registered Republican)
14,3,2,4,1,3241,0,36,Female,White,Democrat,High school diploma or equivalent,Likely,Nick Begich (Registered Republican)|Mary S. Peltola (Registered Democrat)|Sarah Palin (Registered Republican)|Chris Bye (Registered Libertarian)
15,2,3,1,4,2314,0,49,Male,White,Republican,Bachelor's degree,Very likely,Sarah Palin (Registered Republican)|Nick Begich (Registered Republican)|Chris Bye (Registered Libertarian)|Mary S. Peltola (Registered Democrat)
16,1,3,2,4,1324,0,57,Female,White,Independent,Bachelor's degree,Very likely,Sarah Palin (Registered Republican)|Mary S. Peltola (Registered Democrat)|Nick Begich (Registered Republican)|Chris Bye (Registered Libertarian)
17,3,1,4,2,3142,0,24,Other,White,Independent,High school diploma or equivalent,Unlikely,Chris Bye (Registered Libertarian)|Nick Begich (Registered Republican)|Sarah Palin (Registered Republican)|Mary S. Peltola (Registered Democrat)
18,3,4,2,1,3421,0,30,Male,Black or African American,Democrat,High school diploma or equivalent,Very likely,Mary S. Peltola (Registered Democrat)|Sarah Palin (Registered Republican)|Nick Begich (Registered Republican)|Chris Bye (Registered Libertarian)
19,2,3,1,4,2314,0,54,Male,White,Republican,Associate degree,Very likely,Mary S. Peltola (Registered Democrat)|Chris Bye (Registered Libertarian)|Nick Begich (Registered Republican)|Sarah Palin (Registered Republican)
20,2,4,1,3,2413,0,51,Female,White,Republican,Master's degree,Very likely,Nick Begich (Registered Republican)|Chris Bye (Registered Libertarian)|Sarah Palin (Registered Republican)|Mary S. Peltola (Registered Democrat)
21,3,2,1,4,3214,0,70,Male,White,Independent,Associate degree,Very unlikely,Sarah Palin (Registered Republican)|Mary S. Peltola (Registered Democrat)|Nick Begich (Registered Republican)|Chris Bye (Registered Libertarian)
22,2,3,4,1,2341,0,29,Male,American Indian and Alaska Native,Independent,High school diploma or equivalent,Unlikely,Sarah Palin (Registered Republican)|Nick Begich (Registered Republican)|Mary S. Peltola (Registered Democrat)|Chris Bye (Registered Libertarian)
23,4,2,3,1,4231,0,18,Male,White,Independent,Bachelor's degree,Likely,Mary S. Peltola (Registered Democrat)|Nick Begich (Registered Republican)|Chris Bye (Registered Libertarian)|Sarah Palin (Registered Republican)
24,4,3,2,1,4321,0,37,Male,White,Democrat,Bachelor's degree,Very likely,Chris Bye (Registered Libertarian)|Sarah Palin (Registered Republican)|Mary S. Peltola (Registered Democrat)|Nick Begich (Registered Republican)
25,3,1,4,2,3142,0,80,Female,White,Independent,Some college but no degree,Very likely,Sarah Palin (Registered Republican)|Nick Begich (Registered Republican)|Chris Bye (Registered Libertarian)|Mary S. Peltola (Registered Democrat)
26,1,3,2,4,1324,0,69,Male,American Indian and Alaska Native,Independent,Bachelor's degree,Very likely,Sarah Palin (Registered Republican)|Mary S. Peltola (Registered Democrat)|Nick Begich (Registered Republican)|Chris Bye (Registered Libertarian)
27,3,2,4,1,3241,0,25,Female,White,Independent,Some college but no degree,Likely,Mary S. Peltola (Registered Democrat)|Chris Bye (Registered Libertarian)|Sarah Palin (Registered Republican)|Nick Begich (Registered Republican)
28,3,4,2,1,3421,0,23,Female,American Indian and Alaska Native,Independent,Bachelor's degree,Very likely,Chris Bye (Registered Libertarian)|Nick Begich (Registered Republican)|Mary S. Peltola (Registered Democrat)|Sarah Palin (Registered Republican)
29,3,2,4,1,3241,0,33,Female,American Indian and Alaska Native,Other Party,Less than high school diploma,Likely,Sarah Palin (Registered Republican)|Mary S. Peltola (Registered Democrat)|Chris Bye (Registered Libertarian)|Nick Begich (Registered Republican)
30,3,2,4,1,3241,0,59,Male,White,Independent,Associate degree,Very unlikely,Nick Begich (Registered Republican)|Chris Bye (Registered Libertarian)|Mary S. Peltola (Registered Democrat)|Sarah Palin (Registered Republican)
31,2,3,1,4,2314,0,76,Male,White,Republican,Some college but no degree,Very likely,Sarah Palin (Registered Republican)|Chris Bye (Registered Libertarian)|Mary S. Peltola (Registered Democrat)|Nick Begich (Registered Republican)
32,1,4,2,3,1423,0,22,Female,White,Republican,High school diploma or equivalent,Very likely,Nick Begich (Registered Republican)|Sarah Palin (Registered Republican)|Chris Bye (Registered Libertarian)|Mary S. Peltola (Registered Democrat)
33,3,4,2,1,3421,0,58,Female,White,Democrat,High school diploma or equivalent,Very likely,Sarah Palin (Registered Republican)|Nick Begich (Registered Republican)|Chris Bye (Registered Libertarian)|Mary S. Peltola (Registered Democrat)
34,3,1,4,2,3142,0,22,Male,White,Other Party,High school diploma or equivalent,Likely,Chris Bye (Registered Libertarian)|Mary S. Peltola (Registered Democrat)|Nick Begich (Registered Republican)|Sarah Palin (Registered Republican)
35,3,2,4,1,3241,0,44,Female,White,Republican,Some college but no degree,Very unlikely,Nick Begich (Registered Republican)|Mary S. Peltola (Registered Democrat)|Sarah Palin (Registered Republican)|Chris Bye (Registered Libertarian)
36,2,3,1,4,2314,0,70,Male,White,Republican,Associate degree,Very likely,Nick Begich (Registered Republican)|Chris Bye (Registered Libertarian)|Sarah Palin (Registered Republican)|Mary S. Peltola (Registered Democrat)
37,3,2,4,1,3241,0,26,Male,American Indian and Alaska Native,Independent,High school diploma or equivalent,Very likely,Sarah Palin (Registered Republican)|Nick Begich (Registered Republican)|Mary S. Peltola (Registered Democrat)|Chris Bye (Registered Libertarian)
38,2,3,4,1,2341,0,50,Male,White,Independent,Master's degree,Very likely,Nick Begich (Registered Republican)|Chris Bye (Registered Libertarian)|Mary S. Peltola (Registered Democrat)|Sarah Palin (Registered Republican)
39,2,1,4,3,2143,0,34,Female,White,Independent,Associate degree,Likely,Chris Bye (Registered Libertarian)|Nick Begich (Registered Republican)|Mary S. Peltola (Registered Democrat)|Sarah Palin (Registered Republican)
40,3,2,4,1,3241,0,47,Male,Latino or Hispanic,Independent,Some college but no degree,Very likely,Sarah Palin (Registered Republican)|Chris Bye (Registered Libertarian)|Nick Begich (Registered Republican)|Mary S. Peltola (Registered Democrat)
41,4,2,3,1,4231,0,45,Female,White,Democrat,Associate degree,Very likely,Mary S. Peltola (Registered Democrat)|Chris Bye (Registered Libertarian)|Nick Begich (Registered Republican)|Sarah Palin (Registered Republican)
42,2,3,1,4,2314,0,44,Male,White,Republican,Associate degree,Very likely,Chris Bye (Registered Libertarian)|Mary S. Peltola (Registered Democrat)|Sarah Palin (Registered Republican)|Nick Begich (Registered Republican)
43,2,1,4,3,2143,0,18,Male,Latino or Hispanic,Republican,Less than high school diploma,Unlikely,Nick Begich (Registered Republican)|Chris Bye (Registered Libertarian)|Mary S. Peltola (Registered Democrat)|Sarah Palin (Registered Republican)
44,3,4,1,2,3412,0,31,Female,White,Other Party,Less than high school diploma,Unlikely,Nick Begich (Registered Republican)|Mary S. Peltola (Registered Democrat)|Sarah Palin (Registered Republican)|Chris Bye (Registered Libertarian)
45,1,4,3,2,1432,0,23,Male,Other,Other Party,High school diploma or equivalent,Likely,Chris Bye (Registered Libertarian)|Sarah Palin (Registered Republican)|Mary S. Peltola (Registered Democrat)|Nick Begich (Registered Republican)
46,1,3,2,4,1324,0,81,Male,White,Republican,Some college but no degree,Very likely,Nick Begich (Registered Republican)|Mary S. Peltola (Registered Democrat)|Sarah Palin (Registered Republican)|Chris Bye (Registered Libertarian)
47,2,3,4,1,2341,0,66,Male,White,Democrat,Master's degree,Very likely,Sarah Palin (Registered Republican)|Mary S. Peltola (Registered Democrat)|Nick Begich (Registered Republican)|Chris Bye (Registered Libertarian)
48,1,3,2,4,1324,0,39,Male,White,Democrat,Doctorate degree,I already voted using in-person Early Voting,Chris Bye (Registered Libertarian)|Mary S. Peltola (Registered Democrat)|Sarah Palin (Registered Republican)|Nick Begich (Registered Republican)
49,2,4,3,1,2431,0,31,Male,White,Democrat,Master's degree,Likely,Nick Begich (Registered Republican)|Mary S. Peltola (Registered Democrat)|Sarah Palin (Registered Republican)|Chris Bye (Registered Libertarian)
50,4,2,1,3,4213,0,24,Male,White,Democrat,Bachelor's degree,Very likely,Mary S. Peltola (Registered Democrat)|Chris Bye (Registered Libertarian)|Sarah Palin (Registered Republican)|Nick Begich (Registered Republican)
51,1,4,2,3,1423,0,52,Female,American Indian and Alaska Native,Republican,High school diploma or equivalent,Other,Nick Begich (Registered Republican)|Chris Bye (Registered Libertarian)|Sarah Palin (Registered Republican)|Mary S. Peltola (Registered Democrat)
52,2,3,1,4,2314,0,31,Female,White,Republican,Bachelor's degree,Very likely,Sarah Palin (Registered Republican)|Nick Begich (Registered Republican)|Chris Bye (Registered Libertarian)|Mary S. Peltola (Registered Democrat)
53,2,4,3,1,2431,0,32,Male,White,Democrat,Master's degree,Likely,Mary S. Peltola (Registered Democrat)|Nick Begich (Registered Republican)|Chris Bye (Registered Libertarian)|Sarah Palin (Registered Republican)
54,4,3,1,2,4312,0,30,Male,Latino or Hispanic,Independent,Doctorate degree,I already voted using in-person Early Voting,Mary S. Peltola (Registered Democrat)|Chris Bye (Registered Libertarian)|Sarah Palin (Registered Republican)|Nick Begich (Registered Republican)
55,3,2,4,1,3241,0,25,Male,White,Democrat,Bachelor's degree,Very likely,Chris Bye (Registered Libertarian)|Mary S. Peltola (Registered Democrat)|Nick Begich (Registered Republican)|Sarah Palin (Registered Republican)
56,2,3,4,1,2341,0,70,Female,Other,Independent,Master's degree,I already voted using in-person Early Voting,Chris Bye (Registered Libertarian)|Sarah Palin (Registered Republican)|Nick Begich (Registered Republican)|Mary S. Peltola (Registered Democrat)
57,4,1,3,2,4132,0,22,Male,Black or African American,Republican,Master's degree,Very likely,Chris Bye (Registered Libertarian)|Mary S. Peltola (Registered Democrat)|Sarah Palin (Registered Republican)|Nick Begich (Registered Republican)
58,3,4,1,2,3412,0,30,Female,Latino or Hispanic,Independent,Master's degree,Very likely,Nick Begich (Registered Republican)|Chris Bye (Registered Libertarian)|Mary S. Peltola (Registered Democrat)|Sarah Palin (Registered Republican)
59,3,1,4,2,3142,0,23,Male,Black or African American,Republican,Master's degree,Very likely,Chris Bye (Registered Libertarian)|Mary S. Peltola (Registered Democrat)|Nick Begich (Registered Republican)|Sarah Palin (Registered Republican)
60,4,1,2,3,4123,0,41,Male,White,Independent,Bachelor's degree,Unlikely,Sarah Palin (Registered Republican)|Chris Bye (Registered Libertarian)|Nick Begich (Registered Republican)|Mary S. Peltola (Registered Democrat)
61,3,4,2,1,3421,0,28,Male,Latino or Hispanic,Independent,Master's degree,Very likely,Mary S. Peltola (Registered Democrat)|Sarah Palin (Registered Republican)|Chris Bye (Registered Libertarian)|Nick Begich (Registered Republican)
62,3,4,2,1,3421,0,22,Male,Black or African American,Republican,Bachelor's degree,Very likely,Mary S. Peltola (Registered Democrat)|Sarah Palin (Registered Republican)|Nick Begich (Registered Republican)|Chris Bye (Registered Libertarian)
63,3,4,1,2,3412,0,37,Male,White,Democrat,Doctorate degree,Likely,Mary S. Peltola (Registered Democrat)|Nick Begich (Registered Republican)|Chris Bye (Registered Libertarian)|Sarah Palin (Registered Republican)
64,2,3,1,4,2314,0,62,Female,White,Independent,Associate degree,Very likely,Chris Bye (Registered Libertarian)|Sarah Palin (Registered Republican)|Nick Begich (Registered Republican)|Mary S. Peltola (Registered Democrat)
65,2,3,4,1,2341,0,22,Male,Black or African American,Republican,Master's degree,Very likely,Mary S. Peltola (Registered Democrat)|Nick Begich (Registered Republican)|Chris Bye (Registered Libertarian)|Sarah Palin (Registered Republican)
66,3,1,4,2,3142,0,23,Male,Black or African American,Republican,Professional school degree,Very likely,Chris Bye (Registered Libertarian)|Mary S. Peltola (Registered Democrat)|Nick Begich (Registered Republican)|Sarah Palin (Registered Republican)
67,3,2,1,4,3214,0,22,Male,Black or African American,Republican,Master's degree,Very likely,Mary S. Peltola (Registered Democrat)|Nick Begich (Registered Republican)|Chris Bye (Registered Libertarian)|Sarah Palin (Registered Republican)
68,4,3,1,2,4312,0,23,Male,Black or African American,Republican,Master's degree,Very likely,Sarah Palin (Registered Republican)|Mary S. Peltola (Registered Democrat)|Chris Bye (Registered Libertarian)|Nick Begich (Registered Republican)
69,3,1,4,2,3142,0,22,Male,Black or African American,Republican,Bachelor's degree,Very likely,Chris Bye (Registered Libertarian)|Mary S. Peltola (Registered Democrat)|Nick Begich (Registered Republican)|Sarah Palin (Registered Republican)
70,1,2,3,4,1234,0,67,Male,White,Independent,Bachelor's degree,Very likely,Sarah Palin (Registered Republican)|Chris Bye (Registered Libertarian)|Mary S. Peltola (Registered Democrat)|Nick Begich (Registered Republican)
71,4,1,2,3,4123,0,22,Male,Black or African American,Republican,Bachelor's degree,Very likely,Chris Bye (Registered Libertarian)|Sarah Palin (Registered Republican)|Mary S. Peltola (Registered Democrat)|Nick Begich (Registered Republican)
72,4,1,2,3,4123,0,22,Male,Black or African American,Republican,Bachelor's degree,Very likely,Chris Bye (Registered Libertarian)|Sarah Palin (Registered Republican)|Mary S. Peltola (Registered Democrat)|Nick Begich (Registered Republican)
73,1,4,3,2,1432,0,24,Male,Black or African American,Republican,Bachelor's degree,Very likely,Nick Begich (Registered Republican)|Mary S. Peltola (Registered Democrat)|Sarah Palin (Registered Republican)|Chris Bye (Registered Libertarian)
74,3,2,4,1,3241,0,34,Female,American Indian and Alaska Native,Independent,High school diploma or equivalent,Very likely,Mary S. Peltola (Registered Democrat)|Nick Begich (Registered Republican)|Chris Bye (Registered Libertarian)|Sarah Palin (Registered Republican)
75,2,3,1,4,2314,0,25,Male,Black or African American,Republican,Bachelor's degree,Very likely,Sarah Palin (Registered Republican)|Nick Begich (Registered Republican)|Chris Bye (Registered Libertarian)|Mary S. Peltola (Registered Democrat)
76,1,4,3,2,1432,0,36,Female,White,Republican,Master's degree,Very likely,Nick Begich (Registered Republican)|Mary S. Peltola (Registered Democrat)|Chris Bye (Registered Libertarian)|Sarah Palin (Registered Republican)
77,2,1,3,4,2134,0,24,Male,Black or African American,Republican,Bachelor's degree,Very likely,Chris Bye (Registered Libertarian)|Nick Begich (Registered Republican)|Sarah Palin (Registered Republican)|Mary S. Peltola (Registered Democrat)
78,2,3,1,4,2314,0,77,Male,White,Republican,High school diploma or equivalent,Very likely,Sarah Palin (Registered Republican)|Nick Begich (Registered Republican)|Chris Bye (Registered Libertarian)|Mary S. Peltola (Registered Democrat)
79,4,3,1,2,4312,0,42,Male,American Indian and Alaska Native,Independent,High school diploma or equivalent,Very likely,Chris Bye (Registered Libertarian)|Nick Begich (Registered Republican)|Sarah Palin (Registered Republican)|Mary S. Peltola (Registered Democrat)
80,4,3,1,2,4312,0,24,Male,Black or African American,Republican,Bachelor's degree,Very likely,Sarah Palin (Registered Republican)|Mary S. Peltola (Registered Democrat)|Chris Bye (Registered Libertarian)|Nick Begich (Registered Republican)
81,3,2,1,4,3214,0,25,Male,Black or African American,Republican,Bachelor's degree,Very likely,Sarah Palin (Registered Republican)|Chris Bye (Registered Libertarian)|Nick Begich (Registered Republican)|Mary S. Peltola (Registered Democrat)
82,4,2,3,1,4231,0,28,Female,Asian and Pacific Islanders,Independent,Bachelor's degree,Likely,Mary S. Peltola (Registered Democrat)|Sarah Palin (Registered Republican)|Nick Begich (Registered Republican)|Chris Bye (Registered Libertarian)
83,2,4,1,3,2413,0,19,Male,Asian and Pacific Islanders,Republican,High school diploma or equivalent,Likely,Nick Begich (Registered Republican)|Mary S. Peltola (Registered Democrat)|Chris Bye (Registered Libertarian)|Sarah Palin (Registered Republican)
84,1,4,2,3,1423,0,39,Female,White,Independent,High school diploma or equivalent,Very likely,Mary S. Peltola (Registered Democrat)|Chris Bye (Registered Libertarian)|Sarah Palin (Registered Republican)|Nick Begich (Registered Republican)
85,2,3,4,1,2341,0,38,Male,Asian and Pacific Islanders,Republican,High school diploma or equivalent,Likely,Mary S. Peltola (Registered Democrat)|Nick Begich (Registered Republican)|Chris Bye (Registered Libertarian)|Sarah Palin (Registered Republican)
86,1,3,2,4,1324,0,52,Female,White,Republican,Some college but no degree,Likely,Nick Begich (Registered Republican)|Sarah Palin (Registered Republican)|Mary S. Peltola (Registered Democrat)|Chris Bye (Registered Libertarian)
87,3,1,4,2,3142,0,29,Female,White,Independent,Master's degree,Very unlikely,Mary S. Peltola (Registered Democrat)|Chris Bye (Registered Libertarian)|Nick Begich (Registered Republican)|Sarah Palin (Registered Republican)
88,1,3,4,2,1342,0,23,Male,Black or African American,Republican,Bachelor's degree,Very likely,Nick Begich (Registered Republican)|Mary S. Peltola (Registered Democrat)|Chris Bye (Registered Libertarian)|Sarah Palin (Registered Republican)
89,1,3,2,4,1324,0,64,Male,White,Independent,Professional school degree,Very likely,Chris Bye (Registered Libertarian)|Mary S. Peltola (Registered Democrat)|Nick Begich (Registered Republican)|Sarah Palin (Registered Republican)
90,3,4,2,1,3421,0,23,Male,Black or African American,Republican,Bachelor's degree,Very likely,Mary S. Peltola (Registered Democrat)|Sarah Palin (Registered Republican)|Nick Begich (Registered Republican)|Chris Bye (Registered Libertarian)
91,1,3,2,4,1324,0,78,Male,White,Republican,Professional school degree,Very likely,Mary S. Peltola (Registered Democrat)|Sarah Palin (Registered Republican)|Chris Bye (Registered Libertarian)|Nick Begich (Registered Republican)
92,3,2,4,1,3241,0,65,Female,American Indian and Alaska Native,Other Party,Associate degree,Very likely,Mary S. Peltola (Registered Democrat)|Chris Bye (Registered Libertarian)|Nick Begich (Registered Republican)|Sarah Palin (Registered Republican)
93,2,4,3,1,2431,0,23,Male,White,Republican,Bachelor's degree,Very likely,Mary S. Peltola (Registered Democrat)|Nick Begich (Registered Republican)|Sarah Palin (Registered Republican)|Chris Bye (Registered Libertarian)
94,2,4,1,3,2413,0,23,Male,White,Republican,Bachelor's degree,Very likely,Sarah Palin (Registered Republican)|Nick Begich (Registered Republican)|Mary S. Peltola (Registered Democrat)|Chris Bye (Registered Libertarian)
95,3,2,1,4,3214,0,28,Female,White,Independent,Bachelor's degree,I already voted using in-person Early Voting,Sarah Palin (Registered Republican)|Chris Bye (Registered Libertarian)|Nick Begich (Registered Republican)|Mary S. Peltola (Registered Democrat)
96,3,1,4,2,3142,0,23,Male,White,Republican,Bachelor's degree,Very likely,Chris Bye (Registered Libertarian)|Mary S. Peltola (Registered Democrat)|Nick Begich (Registered Republican)|Sarah Palin (Registered Republican)
97,1,3,2,4,1324,0,34,Male,White,Republican,Some college but no degree,Very likely,Sarah Palin (Registered Republican)|Nick Begich (Registered Republican)|Chris Bye (Registered Libertarian)|Mary S. Peltola (Registered Democrat)
98,1,2,3,4,1234,0,39,Male,White,Republican,High school diploma or equivalent,Very likely,Sarah Palin (Registered Republican)|Nick Begich (Registered Republican)|Chris Bye (Registered Libertarian)|Mary S. Peltola (Registered Democrat)
99,3,1,4,2,3142,0,23,Male,White,Republican,Bachelor's degree,Very likely,Chris Bye (Registered Libertarian)|Mary S. Peltola (Registered Democrat)|Nick Begich (Registered Republican)|Sarah Palin (Registered Republican)
100,1,3,2,4,1324,0,63,Female,White,Republican,Some college but no degree,Very likely,Nick Begich (Registered Republican)|Mary S. Peltola (Registered Democrat)|Chris Bye (Registered Libertarian)|Sarah Palin (Registered Republican)
101,2,3,4,1,2341,0,69,Male,White,Republican,Bachelor's degree,Very likely,Mary S. Peltola (Registered Democrat)|Nick Begich (Registered Republican)|Chris Bye (Registered Libertarian)|Sarah Palin (Registered Republican)
102,3,4,2,1,3421,0,23,Male,White,Republican,Bachelor's degree,Very likely,Mary S. Peltola (Registered Democrat)|Sarah Palin (Registered Republican)|Nick Begich (Registered Republican)|Chris Bye (Registered Libertarian)
103,3,2,1,4,3214,0,23,Male,Black or African American,Republican,Bachelor's degree,Very likely,Sarah Palin (Registered Republican)|Chris Bye (Registered Libertarian)|Nick Begich (Registered Republican)|Mary S. Peltola (Registered Democrat)
104,2,3,1,4,2314,0,76,Male,White,Republican,Associate degree,Very likely,Mary S. Peltola (Registered Democrat)|Chris Bye (Registered Libertarian)|Sarah Palin (Registered Republican)|Nick Begich (Registered Republican)
105,2,1,3,4,2134,0,23,Male,White,Republican,Bachelor's degree,Very likely,Chris Bye (Registered Libertarian)|Nick Begich (Registered Republican)|Sarah Palin (Registered Republican)|Mary S. Peltola (Registered Democrat)
106,1,2,3,4,1234,0,23,Male,Black or African American,Republican,Bachelor's degree,Very likely,Nick Begich (Registered Republican)|Chris Bye (Registered Libertarian)|Sarah Palin (Registered Republican)|Mary S. Peltola (Registered Democrat)
107,3,2,4,1,3241,0,23,Male,White,Republican,Bachelor's degree,Very likely,Mary S. Peltola (Registered Democrat)|Chris Bye (Registered Libertarian)|Nick Begich (Registered Republican)|Sarah Palin (Registered Republican)
108,4,2,3,1,4231,0,23,Male,Black or African American,Republican,Bachelor's degree,Very likely,Sarah Palin (Registered Republican)|Chris Bye (Registered Libertarian)|Mary S. Peltola (Registered Democrat)|Nick Begich (Registered Republican)
109,1,3,2,4,1324,0,73,Female,White,Republican,Some college but no degree,Very likely,Sarah Palin (Registered Republican)|Nick Begich (Registered Republican)|Chris Bye (Registered Libertarian)|Mary S. Peltola (Registered Democrat)
110,4,3,2,1,4321,0,22,Male,Black or African American,Republican,Bachelor's degree,Very likely,Sarah Palin (Registered Republican)|Mary S. Peltola (Registered Democrat)|Chris Bye (Registered Libertarian)|Nick Begich (Registered Republican)
111,3,2,4,1,3241,0,38,Male,Other,Independent,Professional school degree,Very likely,Chris Bye (Registered Libertarian)|Mary S. Peltola (Registered Democrat)|Nick Begich (Registered Republican)|Sarah Palin (Registered Republican)
112,4,2,1,3,4213,0,24,Male,Black or African American,Republican,Bachelor's degree,Very likely,Mary S. Peltola (Registered Democrat)|Chris Bye (Registered Libertarian)|Sarah Palin (Registered Republican)|Nick Begich (Registered Republican)
113,2,4,1,3,2413,0,25,Male,Black or African American,Republican,Bachelor's degree,Very likely,Sarah Palin (Registered Republican)|Nick Begich (Registered Republican)|Mary S. Peltola (Registered Democrat)|Chris Bye (Registered Libertarian)
114,2,4,1,3,2413,0,23,Male,White,Republican,Bachelor's degree,Very likely,Sarah Palin (Registered Republican)|Nick Begich (Registered Republican)|Mary S. Peltola (Registered Democrat)|Chris Bye (Registered Libertarian)
115,3,2,1,4,3214,0,31,Female,Asian and Pacific Islanders,Republican,Bachelor's degree,Likely,Mary S. Peltola (Registered Democrat)|Chris Bye (Registered Libertarian)|Sarah Palin (Registered Republican)|Nick Begich (Registered Republican)
116,1,4,2,3,1423,0,22,Male,Black or African American,Republican,Bachelor's degree,Very likely,Sarah Palin (Registered Republican)|Nick Begich (Registered Republican)|Mary S. Peltola (Registered Democrat)|Chris Bye (Registered Libertarian)
117,4,1,2,3,4123,0,23,Male,White,Republican,Bachelor's degree,Very likely,Chris Bye (Registered Libertarian)|Sarah Palin (Registered Republican)|Mary S. Peltola (Registered Democrat)|Nick Begich (Registered Republican)
118,4,1,2,3,4123,0,25,Male,Black or African American,Republican,Bachelor's degree,Very likely,Chris Bye (Registered Libertarian)|Sarah Palin (Registered Republican)|Mary S. Peltola (Registered Democrat)|Nick Begich (Registered Republican)
119,4,2,3,1,4231,0,23,Male,White,Republican,Bachelor's degree,Very likely,Mary S. Peltola (Registered Democrat)|Chris Bye (Registered Libertarian)|Sarah Palin (Registered Republican)|Nick Begich (Registered Republican)
120,3,4,2,1,3421,0,23,Male,Black or African American,Republican,Bachelor's degree,Very likely,Sarah Palin (Registered Republican)|Mary S. Peltola (Registered Democrat)|Nick Begich (Registered Republican)|Chris Bye (Registered Libertarian)
121,2,1,4,3,2143,0,22,Male,Other,Republican,Bachelor's degree,Very likely,Nick Begich (Registered Republican)|Chris Bye (Registered Libertarian)|Mary S. Peltola (Registered Democrat)|Sarah Palin (Registered Republican)
122,1,3,4,2,1342,0,23,Male,White,Republican,Bachelor's degree,Very likely,Nick Begich (Registered Republican)|Mary S. Peltola (Registered Democrat)|Chris Bye (Registered Libertarian)|Sarah Palin (Registered Republican)
123,2,1,3,4,2134,0,23,Male,Black or African American,Republican,Bachelor's degree,Very likely,Chris Bye (Registered Libertarian)|Nick Begich (Registered Republican)|Sarah Palin (Registered Republican)|Mary S. Peltola (Registered Democrat)
124,4,3,2,1,4321,0,23,Male,White,Republican,Bachelor's degree,Very likely,Mary S. Peltola (Registered Democrat)|Sarah Palin (Registered Republican)|Chris Bye (Registered Libertarian)|Nick Begich (Registered Republican)
125,3,2,4,1,3241,0,39,Female,White,Democrat,Bachelor's degree,Likely,Chris Bye (Registered Libertarian)|Mary S. Peltola (Registered Democrat)|Nick Begich (Registered Republican)|Sarah Palin (Registered Republican)
126,4,2,1,3,4213,0,81,Male,White,Republican,Some college but no degree,Very likely,Sarah Palin (Registered Republican)|Mary S. Peltola (Registered Democrat)|Chris Bye (Registered Libertarian)|Nick Begich (Registered Republican)
127,3,2,4,1,3241,0,35,Female,White,Democrat,Some college but no degree,Unlikely,Mary S. Peltola (Registered Democrat)|Nick Begich (Registered Republican)|Sarah Palin (Registered Republican)|Chris Bye (Registered Libertarian)
128,2,4,3,1,2431,0,23,Male,White,Republican,Bachelor's degree,Very likely,Mary S. Peltola (Registered Democrat)|Nick Begich (Registered Republican)|Sarah Palin (Registered Republican)|Chris Bye (Registered Libertarian)
129,1,4,3,2,1432,0,22,Male,Black or African American,Republican,Bachelor's degree,Very likely,Nick Begich (Registered Republican)|Mary S. Peltola (Registered Democrat)|Sarah Palin (Registered Republican)|Chris Bye (Registered Libertarian)
130,1,4,3,2,1432,0,68,Female,White,Independent,Associate degree,Very likely,Chris Bye (Registered Libertarian)|Nick Begich (Registered Republican)|Mary S. Peltola (Registered Democrat)|Sarah Palin (Registered Republican)
131,3,4,2,1,3421,0,22,Male,Black or African American,Republican,Bachelor's degree,Very likely,Mary S. Peltola (Registered Democrat)|Sarah Palin (Registered Republican)|Nick Begich (Registered Republican)|Chris Bye (Registered Libertarian)
132,1,3,2,4,1324,0,23,Male,White,Republican,Bachelor's degree,Very likely,Nick Begich (Registered Republican)|Sarah Palin (Registered Republican)|Chris Bye (Registered Libertarian)|Mary S. Peltola (Registered Democrat)
133,2,4,3,1,2431,0,23,Male,Black or African American,Republican,Bachelor's degree,Very likely,Mary S. Peltola (Registered Democrat)|Nick Begich (Registered Republican)|Sarah Palin (Registered Republican)|Chris Bye (Registered Libertarian)
134,3,2,4,1,3241,0,65,Male,White,Independent,Bachelor's degree,Very likely,Chris Bye (Registered Libertarian)|Nick Begich (Registered Republican)|Sarah Palin (Registered Republican)|Mary S. Peltola (Registered Democrat)
135,3,1,4,2,3142,0,23,Male,White,Republican,Bachelor's degree,Very likely,Chris Bye (Registered Libertarian)|Mary S. Peltola (Registered Democrat)|Nick Begich (Registered Republican)|Sarah Palin (Registered Republican)
136,2,4,1,3,2413,0,48,Female,Other,Republican,Professional school degree,Very likely,Nick Begich (Registered Republican)|Sarah Palin (Registered Republican)|Chris Bye (Registered Libertarian)|Mary S. Peltola (Registered Democrat)
137,4,2,3,1,4231,0,40,Male,American Indian and Alaska Native,Democrat,Some college but no degree,Very likely,Chris Bye (Registered Libertarian)|Sarah Palin (Registered Republican)|Nick Begich (Registered Republican)|Mary S. Peltola (Registered Democrat)
138,4,2,3,1,4231,0,32,Female,American Indian and Alaska Native,Independent,High school diploma or equivalent,Likely,Sarah Palin (Registered Republican)|Mary S. Peltola (Registered Democrat)|Nick Begich (Registered Republican)|Chris Bye (Registered Libertarian)
139,2,4,3,1,2431,0,23,Male,White,Republican,Bachelor's degree,Very likely,Mary S. Peltola (Registered Democrat)|Nick Begich (Registered Republican)|Sarah Palin (Registered Republican)|Chris Bye (Registered Libertarian)
140,2,1,4,3,2143,0,23,Male,White,Republican,Bachelor's degree,Very likely,Chris Bye (Registered Libertarian)|Nick Begich (Registered Republican)|Mary S. Peltola (Registered Democrat)|Sarah Palin (Registered Republican)
141,3,2,4,1,3241,0,57,Female,White,Democrat,High school diploma or equivalent,Very likely,Nick Begich (Registered Republican)|Sarah Palin (Registered Republican)|Chris Bye (Registered Libertarian)|Mary S. Peltola (Registered Democrat)
142,1,3,4,2,1342,0,23,Male,White,Republican,Bachelor's degree,Very likely,Nick Begich (Registered Republican)|Mary S. Peltola (Registered Democrat)|Chris Bye (Registered Libertarian)|Sarah Palin (Registered Republican)
143,3,1,2,4,3124,0,23,Male,White,Republican,Bachelor's degree,Very likely,Chris Bye (Registered Libertarian)|Sarah Palin (Registered Republican)|Nick Begich (Registered Republican)|Mary S. Peltola (Registered Democrat)
144,4,2,3,1,4231,0,23,Male,Black or African American,Republican,Bachelor's degree,Very likely,Mary S. Peltola (Registered Democrat)|Chris Bye (Registered Libertarian)|Sarah Palin (Registered Republican)|Nick Begich (Registered Republican)
145,3,2,1,4,3214,0,23,Male,White,Republican,Bachelor's degree,Very likely,Sarah Palin (Registered Republican)|Chris Bye (Registered Libertarian)|Nick Begich (Registered Republican)|Mary S. Peltola (Registered Democrat)
146,2,3,4,1,2341,0,40,Male,White,Republican,Some college but no degree,Very likely,Chris Bye (Registered Libertarian)|Sarah Palin (Registered Republican)|Nick Begich (Registered Republican)|Mary S. Peltola (Registered Democrat)
147,3,4,1,2,3412,0,23,Male,White,Republican,Bachelor's degree,Very likely,Sarah Palin (Registered Republican)|Mary S. Peltola (Registered Democrat)|Nick Begich (Registered Republican)|Chris Bye (Registered Libertarian)
148,3,2,1,4,3214,0,23,Male,Black or African American,Republican,Bachelor's degree,Very likely,Chris Bye (Registered Libertarian)|Sarah Palin (Registered Republican)|Nick Begich (Registered Republican)|Mary S. Peltola (Registered Democrat)
149,2,3,1,4,2314,0,44,Female,White,Republican,Some college but no degree,Very likely,Chris Bye (Registered Libertarian)|Mary S. Peltola (Registered Democrat)|Nick Begich (Registered Republican)|Sarah Palin (Registered Republican)
150,4,1,3,2,4132,0,23,Male,Black or African American,Republican,Bachelor's degree,Very likely,Chris Bye (Registered Libertarian)|Mary S. Peltola (Registered Democrat)|Sarah Palin (Registered Republican)|Nick Begich (Registered Republican)
151,4,3,2,1,4321,0,23,Male,White,Republican,Bachelor's degree,Very likely,Mary S. Peltola (Registered Democrat)|Sarah Palin (Registered Republican)|Chris Bye (Registered Libertarian)|Nick Begich (Registered Republican)
152,1,2,3,4,1234,0,23,Male,White,Republican,Bachelor's degree,Very likely,Nick Begich (Registered Republican)|Chris Bye (Registered Libertarian)|Sarah Palin (Registered Republican)|Mary S. Peltola (Registered Democrat)
153,3,4,1,2,3412,0,23,Male,Black or African American,Republican,Bachelor's degree,Very likely,Sarah Palin (Registered Republican)|Mary S. Peltola (Registered Democrat)|Nick Begich (Registered Republican)|Chris Bye (Registered Libertarian)
154,2,3,1,4,2314,0,71,Female,White,Republican,High school diploma or equivalent,Very likely,Nick Begich (Registered Republican)|Sarah Palin (Registered Republican)|Chris Bye (Registered Libertarian)|Mary S. Peltola (Registered Democrat)
155,4,2,1,3,4213,0,23,Male,White,Republican,Bachelor's degree,Very likely,Sarah Palin (Registered Republican)|Chris Bye (Registered Libertarian)|Mary S. Peltola (Registered Democrat)|Nick Begich (Registered Republican)
156,3,4,1,2,3412,0,40,Male,White,Democrat,Associate degree,Very likely,Mary S. Peltola (Registered Democrat)|Sarah Palin (Registered Republican)|Nick Begich (Registered Republican)|Chris Bye (Registered Libertarian)
157,3,4,1,2,3412,0,56,Female,White,Democrat,Bachelor's degree,Very likely,Chris Bye (Registered Libertarian)|Mary S. Peltola (Registered Democrat)|Nick Begich (Registered Republican)|Sarah Palin (Registered Republican)
158,2,3,4,1,2341,0,39,Female,White,Democrat,High school diploma or equivalent,Very unlikely,Chris Bye (Registered Libertarian)|Mary S. Peltola (Registered Democrat)|Nick Begich (Registered Republican)|Sarah Palin (Registered Republican)
159,3,4,1,2,3412,0,23,Female,Asian and Pacific Islanders,Democrat,Some college but no degree,Likely,Nick Begich (Registered Republican)|Sarah Palin (Registered Republican)|Chris Bye (Registered Libertarian)|Mary S. Peltola (Registered Democrat)
160,4,2,3,1,4231,0,24,Female,White,Democrat,High school diploma or equivalent,Very likely,Mary S. Peltola (Registered Democrat)|Chris Bye (Registered Libertarian)|Sarah Palin (Registered Republican)|Nick Begich (Registered Republican)
161,1,4,2,3,1423,0,30,Female,White,Independent,Professional school degree,Unlikely,Sarah Palin (Registered Republican)|Mary S. Peltola (Registered Democrat)|Chris Bye (Registered Libertarian)|Nick Begich (Registered Republican)
162,3,2,4,1,3241,0,63,Female,White,Independent,Associate degree,Very likely,Chris Bye (Registered Libertarian)|Nick Begich (Registered Republican)|Mary S. Peltola (Registered Democrat)|Sarah Palin (Registered Republican)
163,2,3,4,1,2341,0,64,Female,White,Other Party,Some college but no degree,Very likely,Chris Bye (Registered Libertarian)|Sarah Palin (Registered Republican)|Mary S. Peltola (Registered Democrat)|Nick Begich (Registered Republican)
164,3,4,1,2,3412,0,31,Female,White,Independent,Less than high school diploma,Other,Sarah Palin (Registered Republican)|Chris Bye (Registered Libertarian)|Nick Begich (Registered Republican)|Mary S. Peltola (Registered Democrat)
165,2,3,4,1,2341,0,76,Female,White,Democrat,Bachelor's degree,Very likely,Sarah Palin (Registered Republican)|Mary S. Peltola (Registered Democrat)|Chris Bye (Registered Libertarian)|Nick Begich (Registered Republican)
166,1,3,2,4,1324,0,37,Female,White,Independent,Associate degree,Likely,Nick Begich (Registered Republican)|Chris Bye (Registered Libertarian)|Mary S. Peltola (Registered Democrat)|Sarah Palin (Registered Republican)
167,1,4,2,3,1423,0,50,Female,Black or African American,Republican,Bachelor's degree,Unlikely,Sarah Palin (Registered Republican)|Chris Bye (Registered Libertarian)|Mary S. Peltola (Registered Democrat)|Nick Begich (Registered Republican)
168,3,1,2,4,3124,0,87,Female,White,Republican,High school diploma or equivalent,Very unlikely,Sarah Palin (Registered Republican)|Mary S. Peltola (Registered Democrat)|Chris Bye (Registered Libertarian)|Nick Begich (Registered Republican)
169,2,3,1,4,2314,0,39,Female,White,Independent,Some college but no degree,Very likely,Mary S. Peltola (Registered Democrat)|Sarah Palin (Registered Republican)|Chris Bye (Registered Libertarian)|Nick Begich (Registered Republican)
170,1,3,2,4,1324,0,75,Female,White,Republican,Master's degree,Very likely,Nick Begich (Registered Republican)|Mary S. Peltola (Registered Democrat)|Chris Bye (Registered Libertarian)|Sarah Palin (Registered Republican)
171,1,2,4,3,1243,0,29,Female,White,Republican,Some college but no degree,Very likely,Chris Bye (Registered Libertarian)|Mary S. Peltola (Registered Democrat)|Sarah Palin (Registered Republican)|Nick Begich (Registered Republican)
172,1,3,2,4,1324,0,31,Female,White,Democrat,High school diploma or equivalent,Very unlikely,Mary S. Peltola (Registered Democrat)|Nick Begich (Registered Republican)|Sarah Palin (Registered Republican)|Chris Bye (Registered Libertarian)
173,3,2,4,1,3241,0,66,Female,White,Independent,Master's degree,Very likely,Nick Begich (Registered Republican)|Chris Bye (Registered Libertarian)|Sarah Palin (Registered Republican)|Mary S. Peltola (Registered Democrat)
174,3,2,4,1,3241,0,39,Male,White,Republican,Associate degree,Very likely,Mary S. Peltola (Registered Democrat)|Chris Bye (Registered Libertarian)|Nick Begich (Registered Republican)|Sarah Palin (Registered Republican)
175,1,2,4,3,1243,0,18,Female,White,Independent,Associate degree,Very likely,Chris Bye (Registered Libertarian)|Nick Begich (Registered Republican)|Sarah Palin (Registered Republican)|Mary S. Peltola (Registered Democrat)
176,4,3,2,1,4321,0,27,Male,White,Independent,Some college but no degree,Likely,Nick Begich (Registered Republican)|Chris Bye (Registered Libertarian)|Sarah Palin (Registered Republican)|Mary S. Peltola (Registered Democrat)
177,3,2,4,1,3241,0,29,Female,White,Republican,Less than high school diploma,Very unlikely,Chris Bye (Registered Libertarian)|Mary S. Peltola (Registered Democrat)|Nick Begich (Registered Republican)|Sarah Palin (Registered Republican)
178,2,3,1,4,2314,0,77,Male,White,Other Party,Master's degree,Very likely,Chris Bye (Registered Libertarian)|Sarah Palin (Registered Republican)|Nick Begich (Registered Republican)|Mary S. Peltola (Registered Democrat)
179,4,1,3,2,4132,0,47,Female,White,Independent,Bachelor's degree,Very likely,Sarah Palin (Registered Republican)|Nick Begich (Registered Republican)|Mary S. Peltola (Registered Democrat)|Chris Bye (Registered Libertarian)
180,3,1,4,2,3142,0,24,Male,White,Independent,High school diploma or equivalent,Very unlikely,Mary S. Peltola (Registered Democrat)|Sarah Palin (Registered Republican)|Nick Begich (Registered Republican)|Chris Bye (Registered Libertarian)
181,2,4,1,3,2413,0,20,Female,White,Other Party,High school diploma or equivalent,Unlikely,Chris Bye (Registered Libertarian)|Nick Begich (Registered Republican)|Mary S. Peltola (Registered Democrat)|Sarah Palin (Registered Republican)
182,4,2,1,3,4213,0,22,Male,American Indian and Alaska Native,Independent,Some college but no degree,Unlikely,Sarah Palin (Registered Republican)|Mary S. Peltola (Registered Democrat)|Chris Bye (Registered Libertarian)|Nick Begich (Registered Republican)
183,3,4,2,1,3421,0,23,Male,Black or African American,Republican,Bachelor's degree,Very likely,Mary S. Peltola (Registered Democrat)|Sarah Palin (Registered Republican)|Nick Begich (Registered Republican)|Chris Bye (Registered Libertarian)
184,1,3,4,2,1342,0,23,Male,White,Republican,Bachelor's degree,Very likely,Nick Begich (Registered Republican)|Mary S. Peltola (Registered Democrat)|Chris Bye (Registered Libertarian)|Sarah Palin (Registered Republican)
185,2,3,1,4,2314,0,23,Male,Black or African American,Republican,Bachelor's degree,Very likely,Sarah Palin (Registered Republican)|Nick Begich (Registered Republican)|Chris Bye (Registered Libertarian)|Mary S. Peltola (Registered Democrat)
186,4,2,1,3,4213,0,24,Male,Black or African American,Republican,Bachelor's degree,Very likely,Sarah Palin (Registered Republican)|Chris Bye (Registered Libertarian)|Mary S. Peltola (Registered Democrat)|Nick Begich (Registered Republican)
187,1,2,3,4,1234,0,23,Male,White,Republican,Bachelor's degree,Very likely,Nick Begich (Registered Republican)|Chris Bye (Registered Libertarian)|Sarah Palin (Registered Republican)|Mary S. Peltola (Registered Democrat)
188,1,3,4,2,1342,0,25,Male,Black or African American,Republican,Bachelor's degree,Very likely,Nick Begich (Registered Republican)|Mary S. Peltola (Registered Democrat)|Chris Bye (Registered Libertarian)|Sarah Palin (Registered Republican)
189,3,2,1,4,3214,0,23,Male,Black or African American,Republican,Bachelor's degree,Very likely,Sarah Palin (Registered Republican)|Chris Bye (Registered Libertarian)|Nick Begich (Registered Republican)|Mary S. Peltola (Registered Democrat)
190,1,2,3,4,1234,0,23,Male,White,Republican,Bachelor's degree,Very likely,Nick Begich (Registered Republican)|Chris Bye (Registered Libertarian)|Sarah Palin (Registered Republican)|Mary S. Peltola (Registered Democrat)
191,1,3,2,4,1324,0,18,Male,Black or African American,Independent,High school diploma or equivalent,Other,Sarah Palin (Registered Republican)|Mary S. Peltola (Registered Democrat)|Nick Begich (Registered Republican)|Chris Bye (Registered Libertarian)
192,4,3,1,2,4312,0,23,Male,Black or African American,Republican,Bachelor's degree,Very unlikely,Sarah Palin (Registered Republican)|Mary S. Peltola (Registered Democrat)|Chris Bye (Registered Libertarian)|Nick Begich (Registered Republican)
193,2,4,3,1,2431,0,31,Male,White,Democrat,Bachelor's degree,Very likely,Chris Bye (Registered Libertarian)|Nick Begich (Registered Republican)|Mary S. Peltola (Registered Democrat)|Sarah Palin (Registered Republican)
194,2,4,1,3,2413,0,25,Male,Black or African American,Republican,Bachelor's degree,Very likely,Sarah Palin (Registered Republican)|Nick Begich (Registered Republican)|Mary S. Peltola (Registered Democrat)|Chris Bye (Registered Libertarian)
195,4,3,2,1,4321,0,26,Male,Black or African American,Republican,Bachelor's degree,Very likely,Sarah Palin (Registered Republican)|Chris Bye (Registered Libertarian)|Nick Begich (Registered Republican)|Mary S. Peltola (Registered Democrat)
196,4,2,3,1,4231,0,23,Male,White,Republican,Master's degree,Very likely,Mary S. Peltola (Registered Democrat)|Chris Bye (Registered Libertarian)|Sarah Palin (Registered Republican)|Nick Begich (Registered Republican)
197,3,2,1,4,3214,0,24,Male,Black or African American,Republican,Bachelor's degree,Very likely,Sarah Palin (Registered Republican)|Chris Bye (Registered Libertarian)|Nick Begich (Registered Republican)|Mary S. Peltola (Registered Democrat)
198,2,4,3,1,2431,0,26,Male,Black or African American,Republican,Bachelor's degree,Very likely,Mary S. Peltola (Registered Democrat)|Nick Begich (Registered Republican)|Sarah Palin (Registered Republican)|Chris Bye (Registered Libertarian)
199,3,1,2,4,3124,0,23,Male,Latino or Hispanic,Democrat,Associate degree,Very likely,Chris Bye (Registered Libertarian)|Sarah Palin (Registered Republican)|Nick Begich (Registered Republican)|Mary S. Peltola (Registered Democrat)
200,3,4,2,1,3421,0,25,Male,Black or African American,Republican,Bachelor's degree,Very likely,Mary S. Peltola (Registered Democrat)|Sarah Palin (Registered Republican)|Nick Begich (Registered Republican)|Chris Bye (Registered Libertarian)
201,3,1,4,2,3142,0,23,Male,Black or African American,Republican,Bachelor's degree,Very likely,Chris Bye (Registered Libertarian)|Mary S. Peltola (Registered Democrat)|Nick Begich (Registered Republican)|Sarah Palin (Registered Republican)
202,3,2,1,4,3214,0,25,Male,Black or African American,Republican,Bachelor's degree,Very likely,Sarah Palin (Registered Republican)|Chris Bye (Registered Libertarian)|Nick Begich (Registered Republican)|Mary S. Peltola (Registered Democrat)
203,1,3,4,2,1342,0,31,Male,White,Democrat,Master's degree,Very unlikely,Nick Begich (Registered Republican)|Mary S. Peltola (Registered Democrat)|Chris Bye (Registered Libertarian)|Sarah Palin (Registered Republican)
204,4,1,3,2,4132,0,23,Male,White,Republican,Bachelor's degree,Very likely,Chris Bye (Registered Libertarian)|Mary S. Peltola (Registered Democrat)|Sarah Palin (Registered Republican)|Nick Begich (Registered Republican)
205,1,3,2,4,1324,0,24,Female,White,Republican,Some college but no degree,Very likely,Chris Bye (Registered Libertarian)|Sarah Palin (Registered Republican)|Mary S. Peltola (Registered Democrat)|Nick Begich (Registered Republican)
206,3,2,4,1,3241,0,23,Male,Black or African American,Republican,Bachelor's degree,Very likely,Mary S. Peltola (Registered Democrat)|Chris Bye (Registered Libertarian)|Nick Begich (Registered Republican)|Sarah Palin (Registered Republican)
207,1,2,4,3,1243,0,24,Male,Black or African American,Republican,Bachelor's degree,Very likely,Nick Begich (Registered Republican)|Chris Bye (Registered Libertarian)|Mary S. Peltola (Registered Democrat)|Sarah Palin (Registered Republican)
208,4,3,2,1,4321,0,23,Male,White,Republican,Bachelor's degree,Very likely,Mary S. Peltola (Registered Democrat)|Sarah Palin (Registered Republican)|Chris Bye (Registered Libertarian)|Nick Begich (Registered Republican)
209,4,3,1,2,4312,0,27,Female,Black or African American,Republican,High school diploma or equivalent,Likely,Sarah Palin (Registered Republican)|Chris Bye (Registered Libertarian)|Mary S. Peltola (Registered Democrat)|Nick Begich (Registered Republican)
210,3,1,2,4,3124,0,39,Male,American Indian and Alaska Native,Independent,Some college but no degree,Unlikely,Chris Bye (Registered Libertarian)|Sarah Palin (Registered Republican)|Nick Begich (Registered Republican)|Mary S. Peltola (Registered Democrat)
211,4,3,2,1,4321,0,23,Male,Black or African American,Republican,Bachelor's degree,Very likely,Mary S. Peltola (Registered Democrat)|Sarah Palin (Registered Republican)|Chris Bye (Registered Libertarian)|Nick Begich (Registered Republican)
212,2,1,3,4,2134,0,23,Male,Black or African American,Republican,Bachelor's degree,Very likely,Chris Bye (Registered Libertarian)|Nick Begich (Registered Republican)|Sarah Palin (Registered Republican)|Mary S. Peltola (Registered Democrat)
213,4,1,3,2,4132,0,24,Male,Black or African American,Republican,Bachelor's degree,Very likely,Chris Bye (Registered Libertarian)|Mary S. Peltola (Registered Democrat)|Sarah Palin (Registered Republican)|Nick Begich (Registered Republican)
214,2,1,3,4,2134,0,23,Male,White,Republican,Bachelor's degree,Very likely,Chris Bye (Registered Libertarian)|Nick Begich (Registered Republican)|Sarah Palin (Registered Republican)|Mary S. Peltola (Registered Democrat)
215,2,4,1,3,2413,0,25,Male,Black or African American,Republican,Bachelor's degree,Very likely,Sarah Palin (Registered Republican)|Nick Begich (Registered Republican)|Mary S. Peltola (Registered Democrat)|Chris Bye (Registered Libertarian)
216,2,4,1,3,2413,0,62,Male,American Indian and Alaska Native,Republican,Some college but no degree,Very likely,Mary S. Peltola (Registered Democrat)|Chris Bye (Registered Libertarian)|Sarah Palin (Registered Republican)|Nick Begich (Registered Republican)
217,3,1,2,4,3124,0,30,Female,White,Other Party,Some college but no degree,Other,Sarah Palin (Registered Republican)|Nick Begich (Registered Republican)|Chris Bye (Registered Libertarian)|Mary S. Peltola (Registered Democrat)
218,2,3,1,4,2314,0,22,Female,White,Republican,High school diploma or equivalent,Likely,Sarah Palin (Registered Republican)|Nick Begich (Registered Republican)|Chris Bye (Registered Libertarian)|Mary S. Peltola (Registered Democrat)
219,2,4,1,3,2413,0,82,Female,White,Republican,Some college but no degree,Very likely,Mary S. Peltola (Registered Democrat)|Chris Bye (Registered Libertarian)|Sarah Palin (Registered Republican)|Nick Begich (Registered Republican)
220,2,4,3,1,2431,0,37,Female,White,Democrat,Bachelor's degree,Very likely,Nick Begich (Registered Republican)|Sarah Palin (Registered Republican)|Mary S. Peltola (Registered Democrat)|Chris Bye (Registered Libertarian)
221,4,3,2,1,4321,0,36,Female,White,Democrat,Bachelor's degree,Very likely,Chris Bye (Registered Libertarian)|Nick Begich (Registered Republican)|Sarah Palin (Registered Republican)|Mary S. Peltola (Registered Democrat)
222,4,3,1,2,4312,0,47,Female,Black or African American,Independent,Some college but no degree,Other,Nick Begich (Registered Republican)|Chris Bye (Registered Libertarian)|Sarah Palin (Registered Republican)|Mary S. Peltola (Registered Democrat)
223,2,3,1,4,2314,0,32,Female,Asian and Pacific Islanders,Independent,Bachelor's degree,I already voted using Vote-by-Mail,Mary S. Peltola (Registered Democrat)|Chris Bye (Registered Libertarian)|Nick Begich (Registered Republican)|Sarah Palin (Registered Republican)
224,2,3,4,1,2341,0,60,Female,White,Democrat,High school diploma or equivalent,Very likely,Mary S. Peltola (Registered Democrat)|Chris Bye (Registered Libertarian)|Sarah Palin (Registered Republican)|Nick Begich (Registered Republican)
225,4,2,3,1,4231,0,38,Female,White,Democrat,Bachelor's degree,Very likely,Chris Bye (Registered Libertarian)|Nick Begich (Registered Republican)|Mary S. Peltola (Registered Democrat)|Sarah Palin (Registered Republican)
226,4,1,3,2,4132,0,24,Female,White,Other Party,Some college but no degree,Very unlikely,Mary S. Peltola (Registered Democrat)|Nick Begich (Registered Republican)|Sarah Palin (Registered Republican)|Chris Bye (Registered Libertarian)
227,2,4,1,3,2413,0,36,Female,White,Republican,High school diploma or equivalent,Very likely,Chris Bye (Registered Libertarian)|Nick Begich (Registered Republican)|Mary S. Peltola (Registered Democrat)|Sarah Palin (Registered Republican)
228,2,1,4,3,2143,0,29,Female,White,Independent,Bachelor's degree,Likely,Mary S. Peltola (Registered Democrat)|Sarah Palin (Registered Republican)|Nick Begich (Registered Republican)|Chris Bye (Registered Libertarian)
229,2,3,4,1,2341,0,63,Female,American Indian and Alaska Native,Republican,Some college but no degree,Unlikely,Nick Begich (Registered Republican)|Sarah Palin (Registered Republican)|Mary S. Peltola (Registered Democrat)|Chris Bye (Registered Libertarian)
230,2,3,4,1,2341,0,29,Female,White,Democrat,Some college but no degree,Likely,Sarah Palin (Registered Republican)|Nick Begich (Registered Republican)|Chris Bye (Registered Libertarian)|Mary S. Peltola (Registered Democrat)
231,4,2,3,1,4231,0,42,Female,White,Democrat,Bachelor's degree,Very likely,Mary S. Peltola (Registered Democrat)|Sarah Palin (Registered Republican)|Chris Bye (Registered Libertarian)|Nick Begich (Registered Republican)
232,3,2,4,1,3241,0,32,Female,Other,Independent,Master's degree,Likely,Chris Bye (Registered Libertarian)|Nick Begich (Registered Republican)|Mary S. Peltola (Registered Democrat)|Sarah Palin (Registered Republican)
233,3,2,4,1,3241,0,55,Female,White,Independent,Master's degree,Very likely,Mary S. Peltola (Registered Democrat)|Nick Begich (Registered Republican)|Sarah Palin (Registered Republican)|Chris Bye (Registered Libertarian)
234,2,3,4,1,2341,0,47,Female,American Indian and Alaska Native,Independent,Bachelor's degree,Very likely,Sarah Palin (Registered Republican)|Nick Begich (Registered Republican)|Chris Bye (Registered Libertarian)|Mary S. Peltola (Registered Democrat)
235,2,1,3,4,2134,0,43,Female,White,Republican,Associate degree,Likely,Sarah Palin (Registered Republican)|Mary S. Peltola (Registered Democrat)|Nick Begich (Registered Republican)|Chris Bye (Registered Libertarian)
236,1,3,4,2,1342,0,63,Female,White,Republican,Some college but no degree,Likely,Chris Bye (Registered Libertarian)|Sarah Palin (Registered Republican)|Nick Begich (Registered Republican)|Mary S. Peltola (Registered Democrat)
237,4,3,1,2,4312,0,36,Female,White,Republican,High school diploma or equivalent,Very likely,Mary S. Peltola (Registered Democrat)|Chris Bye (Registered Libertarian)|Nick Begich (Registered Republican)|Sarah Palin (Registered Republican)
238,3,2,4,1,3241,0,29,Female,White,Independent,High school diploma or equivalent,Very likely,Mary S. Peltola (Registered Democrat)|Nick Begich (Registered Republican)|Sarah Palin (Registered Republican)|Chris Bye (Registered Libertarian)
239,4,1,2,3,4123,0,32,Male,White,Republican,Master's degree,Very likely,Chris Bye (Registered Libertarian)|Sarah Palin (Registered Republican)|Mary S. Peltola (Registered Democrat)|Nick Begich (Registered Republican)
240,2,3,4,1,2341,0,65,Female,White,Other Party,Associate degree,Likely,Sarah Palin (Registered Republican)|Chris Bye (Registered Libertarian)|Nick Begich (Registered Republican)|Mary S. Peltola (Registered Democrat)
241,1,2,4,3,1243,0,46,Male,White,Independent,High school diploma or equivalent,Likely,Nick Begich (Registered Republican)|Mary S. Peltola (Registered Democrat)|Chris Bye (Registered Libertarian)|Sarah Palin (Registered Republican)
242,4,3,1,2,4312,0,40,Female,White,Republican,Some college but no degree,Likely,Chris Bye (Registered Libertarian)|Mary S. Peltola (Registered Democrat)|Sarah Palin (Registered Republican)|Nick Begich (Registered Republican)
243,1,4,2,3,1423,0,36,Male,White,Democrat,Bachelor's degree,Very likely,Chris Bye (Registered Libertarian)|Mary S. Peltola (Registered Democrat)|Sarah Palin (Registered Republican)|Nick Begich (Registered Republican)
244,1,3,2,4,1324,0,45,Female,White,Republican,Some college but no degree,Very unlikely,Chris Bye (Registered Libertarian)|Sarah Palin (Registered Republican)|Nick Begich (Registered Republican)|Mary S. Peltola (Registered Democrat)
245,4,2,3,1,4231,0,30,Male,White,Democrat,Master's degree,Unlikely,Mary S. Peltola (Registered Democrat)|Chris Bye (Registered Libertarian)|Sarah Palin (Registered Republican)|Nick Begich (Registered Republican)
246,2,4,1,3,2413,0,48,Male,Asian and Pacific Islanders,Republican,Bachelor's degree,Very likely,Nick Begich (Registered Republican)|Sarah Palin (Registered Republican)|Mary S. Peltola (Registered Democrat)|Chris Bye (Registered Libertarian)
247,3,2,4,1,3241,0,71,Female,White,Democrat,High school diploma or equivalent,Very likely,Mary S. Peltola (Registered Democrat)|Sarah Palin (Registered Republican)|Chris Bye (Registered Libertarian)|Nick Begich (Registered Republican)
248,1,4,2,3,1423,0,37,Female,Latino or Hispanic,Republican,Associate degree,Very likely,Nick Begich (Registered Republican)|Chris Bye (Registered Libertarian)|Mary S. Peltola (Registered Democrat)|Sarah Palin (Registered Republican)
249,1,3,4,2,1342,0,22,Female,White,Republican,High school diploma or equivalent,Very likely,Nick Begich (Registered Republican)|Sarah Palin (Registered Republican)|Mary S. Peltola (Registered Democrat)|Chris Bye (Registered Libertarian)
250,1,3,2,4,1324,0,73,Female,White,Republican,Some college but no degree,Very likely,Chris Bye (Registered Libertarian)|Sarah Palin (Registered Republican)|Nick Begich (Registered Republican)|Mary S. Peltola (Registered Democrat)
251,3,2,4,1,3241,0,74,Other,White,Democrat,Bachelor's degree,Very likely,Mary S. Peltola (Registered Democrat)|Chris Bye (Registered Libertarian)|Nick Begich (Registered Republican)|Sarah Palin (Registered Republican)
252,3,2,4,1,3241,0,66,Female,White,Independent,Some college but no degree,Very unlikely,Mary S. Peltola (Registered Democrat)|Chris Bye (Registered Libertarian)|Nick Begich (Registered Republican)|Sarah Palin (Registered Republican)
253,4,3,2,1,4321,0,30,Female,Latino or Hispanic,Independent,High school diploma or equivalent,Unlikely,Nick Begich (Registered Republican)|Chris Bye (Registered Libertarian)|Mary S. Peltola (Registered Democrat)|Sarah Palin (Registered Republican)
254,3,2,4,1,3241,0,57,Female,White,Independent,Bachelor's degree,Very likely,Nick Begich (Registered Republican)|Mary S. Peltola (Registered Democrat)|Chris Bye (Registered Libertarian)|Sarah Palin (Registered Republican)
255,3,2,1,4,3214,0,48,Female,White,Republican,Bachelor's degree,Very likely,Sarah Palin (Registered Republican)|Chris Bye (Registered Libertarian)|Nick Begich (Registered Republican)|Mary S. Peltola (Registered Democrat)
256,3,4,2,1,3421,0,39,Female,Other,Republican,High school diploma or equivalent,Likely,Chris Bye (Registered Libertarian)|Sarah Palin (Registered Republican)|Mary S. Peltola (Registered Democrat)|Nick Begich (Registered Republican)
257,3,2,4,1,3241,0,61,Female,American Indian and Alaska Native,Independent,Some college but no degree,Very likely,Mary S. Peltola (Registered Democrat)|Sarah Palin (Registered Republican)|Chris Bye (Registered Libertarian)|Nick Begich (Registered Republican)
258,1,4,2,3,1423,0,20,Prefer not to tell,American Indian and Alaska Native,Independent,Prefer not to say,Likely,Sarah Palin (Registered Republican)|Chris Bye (Registered Libertarian)|Mary S. Peltola (Registered Democrat)|Nick Begich (Registered Republican)
259,2,3,4,1,2341,0,42,Female,White,Democrat,Associate degree,Very likely,Chris Bye (Registered Libertarian)|Nick Begich (Registered Republican)|Sarah Palin (Registered Republican)|Mary S. Peltola (Registered Democrat)
260,2,3,1,4,2314,0,65,Female,White,Republican,Some college but no degree,Very likely,Mary S. Peltola (Registered Democrat)|Chris Bye (Registered Libertarian)|Sarah Palin (Registered Republican)|Nick Begich (Registered Republican)
261,2,3,1,4,2314,0,44,Female,White,Republican,Some college but no degree,Very likely,Sarah Palin (Registered Republican)|Chris Bye (Registered Libertarian)|Nick Begich (Registered Republican)|Mary S. Peltola (Registered Democrat)
262,3,2,4,1,3241,0,54,Female,White,Republican,Some college but no degree,Likely,Mary S. Peltola (Registered Democrat)|Chris Bye (Registered Libertarian)|Sarah Palin (Registered Republican)|Nick Begich (Registered Republican)
263,3,4,1,2,3412,0,57,Female,White,Independent,High school diploma or equivalent,Very likely,Mary S. Peltola (Registered Democrat)|Chris Bye (Registered Libertarian)|Sarah Palin (Registered Republican)|Nick Begich (Registered Republican)
264,2,3,4,1,2341,0,60,Female,American Indian and Alaska Native,Independent,Some college but no degree,Very likely,Mary S. Peltola (Registered Democrat)|Sarah Palin (Registered Republican)|Nick Begich (Registered Republican)|Chris Bye (Registered Libertarian)
265,3,2,4,1,3241,0,42,Female,American Indian and Alaska Native,Democrat,Some college but no degree,Very unlikely,Sarah Palin (Registered Republican)|Nick Begich (Registered Republican)|Chris Bye (Registered Libertarian)|Mary S. Peltola (Registered Democrat)
266,3,2,4,1,3241,0,74,Female,White,Independent,Some college but no degree,Very likely,Nick Begich (Registered Republican)|Mary S. Peltola (Registered Democrat)|Chris Bye (Registered Libertarian)|Sarah Palin (Registered Republican)
267,1,3,2,4,1324,0,24,Female,White,Republican,Bachelor's degree,I already voted using Vote-by-Mail,Chris Bye (Registered Libertarian)|Sarah Palin (Registered Republican)|Mary S. Peltola (Registered Democrat)|Nick Begich (Registered Republican)
268,3,4,1,2,3412,0,42,Female,White,Independent,Associate degree,Very likely,Sarah Palin (Registered Republican)|Mary S. Peltola (Registered Democrat)|Nick Begich (Registered Republican)|Chris Bye (Registered Libertarian)
269,2,3,1,4,2314,0,46,Female,White,Republican,Some college but no degree,Very likely,Nick Begich (Registered Republican)|Mary S. Peltola (Registered Democrat)|Sarah Palin (Registered Republican)|Chris Bye (Registered Libertarian)
270,2,3,1,4,2314,0,54,Female,White,Republican,Bachelor's degree,Very likely,Sarah Palin (Registered Republican)|Mary S. Peltola (Registered Democrat)|Nick Begich (Registered Republican)|Chris Bye (Registered Libertarian)
271,3,1,4,2,3142,0,54,Female,White,Independent,Master's degree,Very likely,Nick Begich (Registered Republican)|Sarah Palin (Registered Republican)|Chris Bye (Registered Libertarian)|Mary S. Peltola (Registered Democrat)
272,3,2,4,1,3241,0,65,Female,White,Democrat,Master's degree,Very likely,Sarah Palin (Registered Republican)|Mary S. Peltola (Registered Democrat)|Nick Begich (Registered Republican)|Chris Bye (Registered Libertarian)
273,2,3,4,1,2341,0,26,Female,Asian and Pacific Islanders,Democrat,Associate degree,Very likely,Nick Begich (Registered Republican)|Sarah Palin (Registered Republican)|Chris Bye (Registered Libertarian)|Mary S. Peltola (Registered Democrat)
274,3,2,4,1,3241,0,25,Female,American Indian and Alaska Native,Democrat,High school diploma or equivalent,Likely,Mary S. Peltola (Registered Democrat)|Chris Bye (Registered Libertarian)|Nick Begich (Registered Republican)|Sarah Palin (Registered Republican)
275,1,4,2,3,1423,0,38,Female,White,Republican,High school diploma or equivalent,Unlikely,Nick Begich (Registered Republican)|Sarah Palin (Registered Republican)|Mary S. Peltola (Registered Democrat)|Chris Bye (Registered Libertarian)
276,2,3,4,1,2341,0,40,Female,White,Democrat,Master's degree,Very likely,Nick Begich (Registered Republican)|Mary S. Peltola (Registered Democrat)|Chris Bye (Registered Libertarian)|Sarah Palin (Registered Republican)
277,1,3,4,2,1342,0,20,Male,Latino or Hispanic,Democrat,Some college but no degree,Very likely,Nick Begich (Registered Republican)|Mary S. Peltola (Registered Democrat)|Chris Bye (Registered Libertarian)|Sarah Palin (Registered Republican)
278,3,2,1,4,3214,0,34,Female,Black or African American,Independent,Some college but no degree,Likely,Nick Begich (Registered Republican)|Sarah Palin (Registered Republican)|Mary S. Peltola (Registered Democrat)|Chris Bye (Registered Libertarian)
279,3,1,4,2,3142,0,44,Female,White,Independent,Some college but no degree,Likely,Mary S. Peltola (Registered Democrat)|Nick Begich (Registered Republican)|Sarah Palin (Registered Republican)|Chris Bye (Registered Libertarian)
280,4,2,3,1,4231,0,40,Male,American Indian and Alaska Native,Democrat,Some college but no degree,Very likely,Nick Begich (Registered Republican)|Sarah Palin (Registered Republican)|Chris Bye (Registered Libertarian)|Mary S. Peltola (Registered Democrat)
281,2,4,3,1,2431,0,33,Male,White,Democrat,Master's degree,Very likely,Nick Begich (Registered Republican)|Mary S. Peltola (Registered Democrat)|Chris Bye (Registered Libertarian)|Sarah Palin (Registered Republican)
282,2,3,1,4,2314,0,19,Male,White,Republican,Some college but no degree,Likely,Sarah Palin (Registered Republican)|Chris Bye (Registered Libertarian)|Mary S. Peltola (Registered Democrat)|Nick Begich (Registered Republican)
283,1,4,2,3,1423,0,64,Female,White,Independent,Associate degree,Very likely,Nick Begich (Registered Republican)|Sarah Palin (Registered Republican)|Mary S. Peltola (Registered Democrat)|Chris Bye (Registered Libertarian)
284,2,3,4,1,2341,0,20,Female,White,Independent,High school diploma or equivalent,Likely,Sarah Palin (Registered Republican)|Chris Bye (Registered Libertarian)|Mary S. Peltola (Registered Democrat)|Nick Begich (Registered Republican)
285,4,2,1,3,4213,0,39,Female,White,Independent,Less than high school diploma,Very unlikely,Nick Begich (Registered Republican)|Chris Bye (Registered Libertarian)|Mary S. Peltola (Registered Democrat)|Sarah Palin (Registered Republican)
286,1,4,2,3,1423,0,42,Female,White,Republican,Bachelor's degree,I already voted using in-person Early Voting,Nick Begich (Registered Republican)|Mary S. Peltola (Registered Democrat)|Sarah Palin (Registered Republican)|Chris Bye (Registered Libertarian)
287,2,3,4,1,2341,0,67,Female,White,Independent,Professional school degree,Very likely,Sarah Palin (Registered Republican)|Nick Begich (Registered Republican)|Chris Bye (Registered Libertarian)|Mary S. Peltola (Registered Democrat)
288,2,3,1,4,2314,0,41,Female,White,Republican,Bachelor's degree,Very likely,Sarah Palin (Registered Republican)|Nick Begich (Registered Republican)|Chris Bye (Registered Libertarian)|Mary S. Peltola (Registered Democrat)
289,2,4,3,1,2431,0,27,Female,American Indian and Alaska Native,Independent,High school diploma or equivalent,Unlikely,Sarah Palin (Registered Republican)|Nick Begich (Registered Republican)|Chris Bye (Registered Libertarian)|Mary S. Peltola (Registered Democrat)
290,1,4,2,3,1423,0,65,Female,White,Republican,Associate degree,Very likely,Nick Begich (Registered Republican)|Sarah Palin (Registered Republican)|Mary S. Peltola (Registered Democrat)|Chris Bye (Registered Libertarian)
291,2,3,1,4,2314,0,36,Female,Black or African American,Independent,High school diploma or equivalent,Likely,Nick Begich (Registered Republican)|Chris Bye (Registered Libertarian)|Mary S. Peltola (Registered Democrat)|Sarah Palin (Registered Republican)
292,3,2,4,1,3241,0,33,Female,White,Independent,Master's degree,Very likely,Nick Begich (Registered Republican)|Chris Bye (Registered Libertarian)|Sarah Palin (Registered Republican)|Mary S. Peltola (Registered Democrat)
293,3,1,2,4,3124,0,28,Female,Asian and Pacific Islanders,Republican,Bachelor's degree,Likely,Chris Bye (Registered Libertarian)|Sarah Palin (Registered Republican)|Nick Begich (Registered Republican)|Mary S. Peltola (Registered Democrat)
294,1,4,2,3,1423,0,36,Female,White,Independent,High school diploma or equivalent,Very unlikely,Nick Begich (Registered Republican)|Sarah Palin (Registered Republican)|Chris Bye (Registered Libertarian)|Mary S. Peltola (Registered Democrat)
295,1,3,4,2,1342,0,35,Female,White,Independent,Doctorate degree,Very likely,Mary S. Peltola (Registered Democrat)|Nick Begich (Registered Republican)|Chris Bye (Registered Libertarian)|Sarah Palin (Registered Republican)
296,3,4,1,2,3412,0,57,Female,White,Independent,High school diploma or equivalent,Very likely,Mary S. Peltola (Registered Democrat)|Chris Bye (Registered Libertarian)|Nick Begich (Registered Republican)|Sarah Palin (Registered Republican)
297,4,3,2,1,4321,0,18,Female,Black or African American,Republican,High school diploma or equivalent,Likely,Mary S. Peltola (Registered Democrat)|Sarah Palin (Registered Republican)|Chris Bye (Registered Libertarian)|Nick Begich (Registered Republican)
298,2,3,1,4,2314,0,31,Female,White,Democrat,High school diploma or equivalent,Very likely,Mary S. Peltola (Registered Democrat)|Sarah Palin (Registered Republican)|Nick Begich (Registered Republican)|Chris Bye (Registered Libertarian)
299,4,3,2,1,4321,0,41,Male,White,Democrat,Bachelor's degree,Very likely,Chris Bye (Registered Libertarian)|Sarah Palin (Registered Republican)|Mary S. Peltola (Registered Democrat)|Nick Begich (Registered Republican)
300,3,2,4,1,3241,0,32,Female,White,Independent,Bachelor's degree,Very likely,Sarah Palin (Registered Republican)|Mary S. Peltola (Registered Democrat)|Nick Begich (Registered Republican)|Chris Bye (Registered Libertarian)
301,3,2,4,1,3241,0,64,Female,White,Democrat,Bachelor's degree,I already voted using Vote-by-Mail,Mary S. Peltola (Registered Democrat)|Sarah Palin (Registered Republican)|Nick Begich (Registered Republican)|Chris Bye (Registered Libertarian)
302,2,4,1,3,2413,0,37,Male,American Indian and Alaska Native,Independent,High school diploma or equivalent,Very likely,Mary S. Peltola (Registered Democrat)|Chris Bye (Registered Libertarian)|Nick Begich (Registered Republican)|Sarah Palin (Registered Republican)
303,3,4,2,1,3421,0,23,Male,Black or African American,Democrat,High school diploma or equivalent,Very likely,Chris Bye (Registered Libertarian)|Mary S. Peltola (Registered Democrat)|Sarah Palin (Registered Republican)|Nick Begich (Registered Republican)
304,2,3,4,1,2341,0,75,Male,White,Democrat,Bachelor's degree,Very likely,Chris Bye (Registered Libertarian)|Nick Begich (Registered Republican)|Mary S. Peltola (Registered Democrat)|Sarah Palin (Registered Republican)
305,4,3,1,2,4312,0,60,Female,Other,Other Party,Less than high school diploma,Very unlikely,Mary S. Peltola (Registered Democrat)|Sarah Palin (Registered Republican)|Nick Begich (Registered Republican)|Chris Bye (Registered Libertarian)
306,4,3,1,2,4312,0,31,Male,White,Republican,Associate degree,Very unlikely,Nick Begich (Registered Republican)|Chris Bye (Registered Libertarian)|Mary S. Peltola (Registered Democrat)|Sarah Palin (Registered Republican)
307,2,3,4,1,2341,0,29,Female,American Indian and Alaska Native,Independent,High school diploma or equivalent,Very unlikely,Nick Begich (Registered Republican)|Mary S. Peltola (Registered Democrat)|Chris Bye (Registered Libertarian)|Sarah Palin (Registered Republican)
308,3,1,4,2,3142,0,35,Female,Asian and Pacific Islanders,Republican,High school diploma or equivalent,Very unlikely,Chris Bye (Registered Libertarian)|Mary S. Peltola (Registered Democrat)|Sarah Palin (Registered Republican)|Nick Begich (Registered Republican)
309,1,4,2,3,1423,0,65,Male,White,Independent,Associate degree,Very likely,Mary S. Peltola (Registered Democrat)|Chris Bye (Registered Libertarian)|Nick Begich (Registered Republican)|Sarah Palin (Registered Republican)
310,3,2,4,1,3241,0,39,Male,White,Democrat,Master's degree,Very likely,Nick Begich (Registered Republican)|Chris Bye (Registered Libertarian)|Mary S. Peltola (Registered Democrat)|Sarah Palin (Registered Republican)
311,2,3,1,4,2314,0,76,Male,American Indian and Alaska Native,Republican,Associate degree,Very likely,Chris Bye (Registered Libertarian)|Nick Begich (Registered Republican)|Mary S. Peltola (Registered Democrat)|Sarah Palin (Registered Republican)
312,1,4,3,2,1432,0,30,Male,White,Republican,High school diploma or equivalent,Likely,Sarah Palin (Registered Republican)|Chris Bye (Registered Libertarian)|Nick Begich (Registered Republican)|Mary S. Peltola (Registered Democrat)
313,2,3,1,4,2314,0,40,Female,White,Republican,Bachelor's degree,Very likely,Mary S. Peltola (Registered Democrat)|Sarah Palin (Registered Republican)|Nick Begich (Registered Republican)|Chris Bye (Registered Libertarian)
314,3,2,4,1,3241,0,21,Female,Other,Republican,Prefer not to say,Very likely,Sarah Palin (Registered Republican)|Nick Begich (Registered Republican)|Chris Bye (Registered Libertarian)|Mary S. Peltola (Registered Democrat)
315,1,3,2,4,1324,0,55,Male,White,Independent,Some college but no degree,Very likely,Mary S. Peltola (Registered Democrat)|Chris Bye (Registered Libertarian)|Nick Begich (Registered Republican)|Sarah Palin (Registered Republican)
316,1,2,4,3,1243,0,22,Male,Latino or Hispanic,Independent,Some college but no degree,Likely,Chris Bye (Registered Libertarian)|Sarah Palin (Registered Republican)|Mary S. Peltola (Registered Democrat)|Nick Begich (Registered Republican)
317,2,4,1,3,2413,0,69,Male,White,Independent,Some college but no degree,Very unlikely,Chris Bye (Registered Libertarian)|Nick Begich (Registered Republican)|Sarah Palin (Registered Republican)|Mary S. Peltola (Registered Democrat)
318,3,4,2,1,3421,0,23,Female,American Indian and Alaska Native,Other Party,High school diploma or equivalent,Likely,Sarah Palin (Registered Republican)|Mary S. Peltola (Registered Democrat)|Nick Begich (Registered Republican)|Chris Bye (Registered Libertarian)
319,2,3,1,4,2314,0,24,Male,White,Republican,High school diploma or equivalent,Very likely,Chris Bye (Registered Libertarian)|Nick Begich (Registered Republican)|Sarah Palin (Registered Republican)|Mary S. Peltola (Registered Democrat)
320,2,4,3,1,2431,0,36,Male,White,Republican,Associate degree,Very unlikely,Mary S. Peltola (Registered Democrat)|Nick Begich (Registered Republican)|Sarah Palin (Registered Republican)|Chris Bye (Registered Libertarian)
321,4,2,3,1,4231,0,47,Female,White,Independent,Bachelor's degree,Very likely,Sarah Palin (Registered Republican)|Chris Bye (Registered Libertarian)|Mary S. Peltola (Registered Democrat)|Nick Begich (Registered Republican)
322,2,3,1,4,2314,0,78,Female,White,Independent,Bachelor's degree,Very likely,Chris Bye (Registered Libertarian)|Mary S. Peltola (Registered Democrat)|Nick Begich (Registered Republican)|Sarah Palin (Registered Republican)
323,1,4,3,2,1432,0,33,Female,White,Republican,Some college but no degree,Likely,Sarah Palin (Registered Republican)|Chris Bye (Registered Libertarian)|Nick Begich (Registered Republican)|Mary S. Peltola (Registered Democrat)
324,2,3,1,4,2314,0,65,Female,White,Republican,Bachelor's degree,Very likely,Sarah Palin (Registered Republican)|Nick Begich (Registered Republican)|Chris Bye (Registered Libertarian)|Mary S. Peltola (Registered Democrat)
325,3,2,4,1,3241,0,51,Female,White,Democrat,Doctorate degree,Very likely,Chris Bye (Registered Libertarian)|Mary S. Peltola (Registered Democrat)|Sarah Palin (Registered Republican)|Nick Begich (Registered Republican)
326,3,2,4,1,3241,0,39,Male,White,Democrat,Some college but no degree,Likely,Sarah Palin (Registered Republican)|Nick Begich (Registered Republican)|Chris Bye (Registered Libertarian)|Mary S. Peltola (Registered Democrat)
327,4,3,2,1,4321,0,53,Male,White,Other Party,Master's degree,Very likely,Mary S. Peltola (Registered Democrat)|Chris Bye (Registered Libertarian)|Sarah Palin (Registered Republican)|Nick Begich (Registered Republican)
328,2,3,4,1,2341,0,49,Female,White,Independent,Master's degree,Very likely,Mary S. Peltola (Registered Democrat)|Chris Bye (Registered Libertarian)|Sarah Palin (Registered Republican)|Nick Begich (Registered Republican)
329,3,2,4,1,3241,0,40,Male,White,Democrat,Master's degree,Very likely,Chris Bye (Registered Libertarian)|Mary S. Peltola (Registered Democrat)|Nick Begich (Registered Republican)|Sarah Palin (Registered Republican)
330,1,3,2,4,1324,0,73,Female,White,Republican,Some college but no degree,Very likely,Mary S. Peltola (Registered Democrat)|Chris Bye (Registered Libertarian)|Nick Begich (Registered Republican)|Sarah Palin (Registered Republican)
331,3,2,4,1,3241,0,24,Female,Asian and Pacific Islanders,Independent,Some college but no degree,Likely,Sarah Palin (Registered Republican)|Nick Begich (Registered Republican)|Chris Bye (Registered Libertarian)|Mary S. Peltola (Registered Democrat)
332,4,2,3,1,4231,0,33,Male,White,Democrat,Master's degree,I already voted using Vote-by-Mail,Nick Begich (Registered Republican)|Sarah Palin (Registered Republican)|Chris Bye (Registered Libertarian)|Mary S. Peltola (Registered Democrat)
333,4,3,2,1,4321,0,71,Male,White,Independent,Some college but no degree,Very likely,Mary S. Peltola (Registered Democrat)|Chris Bye (Registered Libertarian)|Nick Begich (Registered Republican)|Sarah Palin (Registered Republican)
334,1,4,2,3,1423,0,65,Female,White,Republican,Some college but no degree,Unlikely,Sarah Palin (Registered Republican)|Mary S. Peltola (Registered Democrat)|Nick Begich (Registered Republican)|Chris Bye (Registered Libertarian)
335,2,3,4,1,2341,0,51,Male,White,Democrat,Doctorate degree,Unlikely,Nick Begich (Registered Republican)|Mary S. Peltola (Registered Democrat)|Sarah Palin (Registered Republican)|Chris Bye (Registered Libertarian)
336,2,1,3,4,2134,0,35,Male,Black or African American,Democrat,Doctorate degree,I already voted using in-person Early Voting,Chris Bye (Registered Libertarian)|Nick Begich (Registered Republican)|Sarah Palin (Registered Republican)|Mary S. Peltola (Registered Democrat)
337,4,3,2,1,4321,0,38,Male,White,Democrat,Master's degree,I already voted using Vote-by-Mail,Sarah Palin (Registered Republican)|Mary S. Peltola (Registered Democrat)|Chris Bye (Registered Libertarian)|Nick Begich (Registered Republican)
338,2,1,4,3,2143,0,31,Male,White,Republican,Bachelor's degree,Very unlikely,Chris Bye (Registered Libertarian)|Nick Begich (Registered Republican)|Mary S. Peltola (Registered Democrat)|Sarah Palin (Registered Republican)
339,4,2,3,1,4231,0,30,Male,White,Republican,Bachelor's degree,Very likely,Chris Bye (Registered Libertarian)|Mary S. Peltola (Registered Democrat)|Sarah Palin (Registered Republican)|Nick Begich (Registered Republican)
340,3,2,4,1,3241,0,30,Male,White,Republican,Bachelor's degree,Very likely,Mary S. Peltola (Registered Democrat)|Chris Bye (Registered Libertarian)|Nick Begich (Registered Republican)|Sarah Palin (Registered Republican)
341,2,4,1,3,2413,0,46,Female,White,Republican,Associate degree,Very likely,Nick Begich (Registered Republican)|Chris Bye (Registered Libertarian)|Sarah Palin (Registered Republican)|Mary S. Peltola (Registered Democrat)
342,1,3,4,2,1342,0,49,Female,White,Other Party,Associate degree,Likely,Nick Begich (Registered Republican)|Sarah Palin (Registered Republican)|Mary S. Peltola (Registered Democrat)|Chris Bye (Registered Libertarian)
343,2,3,1,4,2314,0,19,Female,White,Republican,Some college but no degree,Very likely,Sarah Palin (Registered Republican)|Nick Begich (Registered Republican)|Chris Bye (Registered Libertarian)|Mary S. Peltola (Registered Democrat)
344,4,3,2,1,4321,0,39,Female,White,Independent,High school diploma or equivalent,Very unlikely,Chris Bye (Registered Libertarian)|Sarah Palin (Registered Republican)|Mary S. Peltola (Registered Democrat)|Nick Begich (Registered Republican)
345,2,3,1,4,2314,0,73,Female,White,Independent,Doctorate degree,Very likely,Nick Begich (Registered Republican)|Mary S. Peltola (Registered Democrat)|Sarah Palin (Registered Republican)|Chris Bye (Registered Libertarian)
346,2,4,3,1,2431,0,61,Female,Other,Republican,Some college but no degree,Very likely,Nick Begich (Registered Republican)|Sarah Palin (Registered Republican)|Mary S. Peltola (Registered Democrat)|Chris Bye (Registered Libertarian)
347,4,3,2,1,4321,0,38,Female,White,Independent,Associate degree,Likely,Sarah Palin (Registered Republican)|Nick Begich (Registered Republican)|Chris Bye (Registered Libertarian)|Mary S. Peltola (Registered Democrat)
348,2,3,4,1,2341,0,70,Female,Asian and Pacific Islanders,Democrat,High school diploma or equivalent,Very unlikely,Chris Bye (Registered Libertarian)|Nick Begich (Registered Republican)|Mary S. Peltola (Registered Democrat)|Sarah Palin (Registered Republican)
349,2,4,1,3,2413,0,73,Female,Other,Republican,Some college but no degree,Very likely,Chris Bye (Registered Libertarian)|Mary S. Peltola (Registered Democrat)|Nick Begich (Registered Republican)|Sarah Palin (Registered Republican)
350,3,2,4,1,3241,0,50,Female,White,Democrat,Master's degree,Very likely,Mary S. Peltola (Registered Democrat)|Nick Begich (Registered Republican)|Chris Bye (Registered Libertarian)|Sarah Palin (Registered Republican)
351,2,1,4,3,2143,0,74,Female,White,Independent,Master's degree,Very unlikely,Chris Bye (Registered Libertarian)|Mary S. Peltola (Registered Democrat)|Nick Begich (Registered Republican)|Sarah Palin (Registered Republican)
352,3,4,2,1,3421,0,58,Female,American Indian and Alaska Native,Independent,Associate degree,Very likely,Chris Bye (Registered Libertarian)|Nick Begich (Registered Republican)|Mary S. Peltola (Registered Democrat)|Sarah Palin (Registered Republican)
353,3,1,4,2,3142,0,36,Female,American Indian and Alaska Native,Democrat,High school diploma or equivalent,Very likely,Mary S. Peltola (Registered Democrat)|Nick Begich (Registered Republican)|Chris Bye (Registered Libertarian)|Sarah Palin (Registered Republican)
354,3,2,4,1,3241,0,37,Prefer not to tell,American Indian and Alaska Native,Other Party,Less than high school diploma,I already voted using Vote-by-Mail,Chris Bye (Registered Libertarian)|Sarah Palin (Registered Republican)|Nick Begich (Registered Republican)|Mary S. Peltola (Registered Democrat)
