unit,chesbro,kelley,murkowski,tshibaka,ranking,treat,age,gender,race,partisanship,education,vote_likelihood,display_order
1,4,2,1,3,4213,0,61,Female,White,Republican,Some college but no degree,Very likely,Lisa Murkowski (Registered Republican)|Patricia R. Chesbro (Registered Democrat)|Kelly C. Tshibaka (Registered Republican)|Buzz A. Kelley (Registered Republican)
2,4,2,3,1,4231,0,27,Male,White,Independent,Some college but no degree,Likely,Patricia R. Chesbro (Registered Democrat)|Lisa Murkowski (Registered Republican)|Buzz A. Kelley (Registered Republican)|Kelly C. Tshibaka (Registered Republican)
3,2,4,3,1,2431,0,35,Male,Black or African American,Democrat,Master's degree,Very likely,Kelly C. Tshibaka (Registered Republican)|Patricia R. Chesbro (Registered Democrat)|Lisa Murkowski (Registered Republican)|Buzz A. Kelley (Registered Republican)
4,4,2,3,1,4231,0,55,Female,White,Republican,Some college but no degree,Very likely,Kelly C. Tshibaka (Registered Republican)|Patricia R. Chesbro (Registered Democrat)|Buzz A. Kelley (Registered Republican)|Lisa Murkowski (Registered Republican)
5,1,3,2,4,1324,0,45,Female,White,Independent,Bachelor's degree,Very likely,Lisa Murkowski (Registered Republican)|Buzz A. Kelley (Registered Republican)|Patricia R. Chesbro (Registered Democrat)|Kelly C. Tshibaka (Registered Republican)
6,4,2,3,1,4231,0,69,Male,White,Independent,Bachelor's degree,Very likely,Buzz A. Kelley (Registered Republican)|Patricia R. Chesbro (Registered Democrat)|Lisa Murkowski (Registered Republican)|Kelly C. Tshibaka (Registered Republican)
7,3,2,1,4,3214,0,68,Female,White,Republican,High school diploma or equivalent,I already voted using Vote-by-Mail,Patricia R. Chesbro (Registered Democrat)|Buzz A. Kelley (Registered Republican)|Kelly C. Tshibaka (Registered Republican)|Lisa Murkowski (Registered Republican)
8,3,1,4,2,3142,0,25,Female,White,Independent,Some college but no degree,Very likely,Kelly C. Tshibaka (Registered Republican)|Patricia R. Chesbro (Registered Democrat)|Buzz A. Kelley (Registered Republican)|Lisa Murkowski (Registered Republican)
9,1,3,2,4,1324,0,29,Female,White,Independent,Bachelor's degree,Likely,Buzz A. Kelley (Registered Republican)|Lisa Murkowski (Registered Republican)|Kelly C. Tshibaka (Registered Republican)|Patricia R. Chesbro (Registered Democrat)
10,4,2,3,1,4231,0,36,Female,White,Republican,High school diploma or equivalent,Likely,Patricia R. Chesbro (Registered Democrat)|Buzz A. Kelley (Registered Republican)|Kelly C. Tshibaka (Registered Republican)|Lisa Murkowski (Registered Republican)
11,4,2,3,1,4231,0,27,Female,American Indian and Alaska Native,Independent,High school diploma or equivalent,Likely,Kelly C. Tshibaka (Registered Republican)|Patricia R. Chesbro (Registered Democrat)|Lisa Murkowski (Registered Republican)|Buzz A. Kelley (Registered Republican)
12,2,3,1,4,2314,0,32,Female,White,Democrat,Associate degree,Very likely,Buzz A. Kelley (Registered Republican)|Kelly C. Tshibaka (Registered Republican)|Patricia R. Chesbro (Registered Democrat)|Lisa Murkowski (Registered Republican)
13,3,2,4,1,3241,0,33,Female,White,Other Party,Some college but no degree,Likely,Lisa Murkowski (Registered Republican)|Buzz A. Kelley (Registered Republican)|Kelly C. Tshibaka (Registered Republican)|Patricia R. Chesbro (Registered Democrat)
14,1,2,4,3,1243,0,36,Female,White,Democrat,High school diploma or equivalent,Likely,Lisa Murkowski (Registered Republican)|Buzz A. Kelley (Registered Republican)|Kelly C. Tshibaka (Registered Republican)|Patricia R. Chesbro (Registered Democrat)
15,3,2,4,1,3241,0,49,Male,White,Republican,Bachelor's degree,Very likely,Kelly C. Tshibaka (Registered Republican)|Patricia R. Chesbro (Registered Democrat)|Buzz A. Kelley (Registered Republican)|Lisa Murkowski (Registered Republican)
16,4,2,3,1,4231,0,57,Female,White,Independent,Bachelor's degree,Very likely,Patricia R. Chesbro (Registered Democrat)|Lisa Murkowski (Registered Republican)|Buzz A. Kelley (Registered Republican)|Kelly C. Tshibaka (Registered Republican)
17,2,1,3,4,2134,0,24,Other,White,Independent,High school diploma or equivalent,Unlikely,Patricia R. Chesbro (Registered Democrat)|Lisa Murkowski (Registered Republican)|Buzz A. Kelley (Registered Republican)|Kelly C. Tshibaka (Registered Republican)
18,1,3,4,2,1342,0,30,Male,Black or African American,Democrat,High school diploma or equivalent,Very likely,Patricia R. Chesbro (Registered Democrat)|Buzz A. Kelley (Registered Republican)|Kelly C. Tshibaka (Registered Republican)|Lisa Murkowski (Registered Republican)
19,3,2,4,1,3241,0,54,Male,White,Republican,Associate degree,Very likely,Buzz A. Kelley (Registered Republican)|Kelly C. Tshibaka (Registered Republican)|Patricia R. Chesbro (Registered Democrat)|Lisa Murkowski (Registered Republican)
20,4,2,3,1,4231,0,51,Female,White,Republican,Master's degree,Very likely,Buzz A. Kelley (Registered Republican)|Kelly C. Tshibaka (Registered Republican)|Patricia R. Chesbro (Registered Democrat)|Lisa Murkowski (Registered Republican)
21,3,2,4,1,3241,0,70,Male,White,Independent,Associate degree,Very unlikely,Lisa Murkowski (Registered Republican)|Patricia R. Chesbro (Registered Democrat)|Kelly C. Tshibaka (Registered Republican)|Buzz A. Kelley (Registered Republican)
22,2,1,3,4,2134,0,29,Male,American Indian and Alaska Native,Independent,High school diploma or equivalent,Unlikely,Kelly C. Tshibaka (Registered Republican)|Buzz A. Kelley (Registered Republican)|Lisa Murkowski (Registered Republican)|Patricia R. Chesbro (Registered Democrat)
23,4,1,3,2,4132,0,18,Male,White,Independent,Bachelor's degree,Likely,Kelly C. Tshibaka (Registered Republican)|Patricia R. Chesbro (Registered Democrat)|Lisa Murkowski (Registered Republican)|Buzz A. Kelley (Registered Republican)
24,2,4,1,3,2413,0,37,Male,White,Democrat,Bachelor's degree,Very likely,Kelly C. Tshibaka (Registered Republican)|Patricia R. Chesbro (Registered Democrat)|Lisa Murkowski (Registered Republican)|Buzz A. Kelley (Registered Republican)
25,2,3,1,4,2314,0,80,Female,White,Independent,Some college but no degree,Very likely,Kelly C. Tshibaka (Registered Republican)|Lisa Murkowski (Registered Republican)|Buzz A. Kelley (Registered Republican)|Patricia R. Chesbro (Registered Democrat)
26,4,3,1,2,4312,0,69,Male,American Indian and Alaska Native,Independent,Bachelor's degree,Very likely,Patricia R. Chesbro (Registered Democrat)|Lisa Murkowski (Registered Republican)|Buzz A. Kelley (Registered Republican)|Kelly C. Tshibaka (Registered Republican)
27,2,1,4,3,2143,0,25,Female,White,Independent,Some college but no degree,Likely,Kelly C. Tshibaka (Registered Republican)|Buzz A. Kelley (Registered Republican)|Patricia R. Chesbro (Registered Democrat)|Lisa Murkowski (Registered Republican)
28,3,2,1,4,3214,0,23,Female,American Indian and Alaska Native,Independent,Bachelor's degree,Very likely,Buzz A. Kelley (Registered Republican)|Lisa Murkowski (Registered Republican)|Patricia R. Chesbro (Registered Democrat)|Kelly C. Tshibaka (Registered Republican)
29,2,1,3,4,2134,0,33,Female,American Indian and Alaska Native,Other Party,Less than high school diploma,Likely,Buzz A. Kelley (Registered Republican)|Lisa Murkowski (Registered Republican)|Kelly C. Tshibaka (Registered Republican)|Patricia R. Chesbro (Registered Democrat)
30,3,2,1,4,3214,0,59,Male,White,Independent,Associate degree,Very unlikely,Buzz A. Kelley (Registered Republican)|Kelly C. Tshibaka (Registered Republican)|Lisa Murkowski (Registered Republican)|Patricia R. Chesbro (Registered Democrat)
31,4,3,2,1,4321,0,76,Male,White,Republican,Some college but no degree,Very likely,Kelly C. Tshibaka (Registered Republican)|Patricia R. Chesbro (Registered Democrat)|Buzz A. Kelley (Registered Republican)|Lisa Murkowski (Registered Republican)
32,4,3,1,2,4312,0,22,Female,White,Republican,High school diploma or equivalent,Very likely,Patricia R. Chesbro (Registered Democrat)|Kelly C. Tshibaka (Registered Republican)|Buzz A. Kelley (Registered Republican)|Lisa Murkowski (Registered Republican)
33,1,3,2,4,1324,0,58,Female,White,Democrat,High school diploma or equivalent,Very likely,Kelly C. Tshibaka (Registered Republican)|Lisa Murkowski (Registered Republican)|Buzz A. Kelley (Registered Republican)|Patricia R. Chesbro (Registered Democrat)
34,3,1,2,4,3124,0,22,Male,White,Other Party,High school diploma or equivalent,Likely,Buzz A. Kelley (Registered Republican)|Lisa Murkowski (Registered Republican)|Patricia R. Chesbro (Registered Democrat)|Kelly C. Tshibaka (Registered Republican)
35,3,4,2,1,3421,0,44,Female,White,Republican,Some college but no degree,Very unlikely,Lisa Murkowski (Registered Republican)|Kelly C. Tshibaka (Registered Republican)|Patricia R. Chesbro (Registered Democrat)|Buzz A. Kelley (Registered Republican)
36,4,3,1,2,4312,0,70,Male,White,Republican,Associate degree,Very likely,Patricia R. Chesbro (Registered Democrat)|Lisa Murkowski (Registered Republican)|Kelly C. Tshibaka (Registered Republican)|Buzz A. Kelley (Registered Republican)
37,1,3,4,2,1342,0,26,Male,American Indian and Alaska Native,Independent,High school diploma or equivalent,Very likely,Patricia R. Chesbro (Registered Democrat)|Kelly C. Tshibaka (Registered Republican)|Lisa Murkowski (Registered Republican)|Buzz A. Kelley (Registered Republican)
38,2,3,1,4,2314,0,50,Male,White,Independent,Master's degree,Very likely,Lisa Murkowski (Registered Republican)|Patricia R. Chesbro (Registered Democrat)|Buzz A. Kelley (Registered Republican)|Kelly C. Tshibaka (Registered Republican)
39,3,1,2,4,3124,0,34,Female,White,Independent,Associate degree,Likely,Buzz A. Kelley (Registered Republican)|Lisa Murkowski (Registered Republican)|Kelly C. Tshibaka (Registered Republican)|Patricia R. Chesbro (Registered Democrat)
40,2,3,1,4,2314,0,47,Male,Latino or Hispanic,Independent,Some college but no degree,Very likely,Lisa Murkowski (Registered Republican)|Kelly C. Tshibaka (Registered Republican)|Patricia R. Chesbro (Registered Democrat)|Buzz A. Kelley (Registered Republican)
41,2,3,1,4,2314,0,45,Female,White,Democrat,Associate degree,Very likely,Lisa Murkowski (Registered Republican)|Patricia R. Chesbro (Registered Democrat)|Kelly C. Tshibaka (Registered Republican)|Buzz A. Kelley (Registered Republican)
42,3,2,4,1,3241,0,44,Male,White,Republican,Associate degree,Very likely,Kelly C. Tshibaka (Registered Republican)|Buzz A. Kelley (Registered Republican)|Lisa Murkowski (Registered Republican)|Patricia R. Chesbro (Registered Democrat)
43,1,2,4,3,1243,0,18,Male,Latino or Hispanic,Republican,Less than high school diploma,Unlikely,Patricia R. Chesbro (Registered Democrat)|Lisa Murkowski (Registered Republican)|Kelly C. Tshibaka (Registered Republican)|Buzz A. Kelley (Registered Republican)
44,2,4,1,3,2413,0,31,Female,White,Other Party,Less than high school diploma,Unlikely,Kelly C. Tshibaka (Registered Republican)|Patricia R. Chesbro (Registered Democrat)|Buzz A. Kelley (Registered Republican)|Lisa Murkowski (Registered Republican)
45,1,3,2,4,1324,0,23,Male,Other,Other Party,High school diploma or equivalent,Likely,Kelly C. Tshibaka (Registered Republican)|Buzz A. Kelley (Registered Republican)|Lisa Murkowski (Registered Republican)|Patricia R. Chesbro (Registered Democrat)
46,3,2,4,1,3241,0,81,Male,White,Republican,Some college but no degree,Very likely,Buzz A. Kelley (Registered Republican)|Patricia R. Chesbro (Registered Democrat)|Kelly C. Tshibaka (Registered Republican)|Lisa Murkowski (Registered Republican)
47,1,3,2,4,1324,0,66,Male,White,Democrat,Master's degree,Very likely,Buzz A. Kelley (Registered Republican)|Patricia R. Chesbro (Registered Democrat)|Kelly C. Tshibaka (Registered Republican)|Lisa Murkowski (Registered Republican)
48,4,3,1,2,4312,0,39,Male,White,Democrat,Doctorate degree,I already voted using in-person Early Voting,Buzz A. Kelley (Registered Republican)|Lisa Murkowski (Registered Republican)|Patricia R. Chesbro (Registered Democrat)|Kelly C. Tshibaka (Registered Republican)
49,1,3,2,4,1324,0,31,Male,White,Democrat,Master's degree,Likely,Lisa Murkowski (Registered Republican)|Patricia R. Chesbro (Registered Democrat)|Buzz A. Kelley (Registered Republican)|Kelly C. Tshibaka (Registered Republican)
50,2,4,3,1,2431,0,24,Male,White,Democrat,Bachelor's degree,Very likely,Buzz A. Kelley (Registered Republican)|Lisa Murkowski (Registered Republican)|Patricia R. Chesbro (Registered Democrat)|Kelly C. Tshibaka (Registered Republican)
51,4,3,1,2,4312,0,52,Female,American Indian and Alaska Native,Republican,High school diploma or equivalent,Other,Buzz A. Kelley (Registered Republican)|Kelly C. Tshibaka (Registered Republican)|Patricia R. Chesbro (Registered Democrat)|Lisa Murkowski (Registered Republican)
52,1,2,3,4,1234,0,31,Female,White,Republican,Bachelor's degree,Very likely,Patricia R. Chesbro (Registered Democrat)|Buzz A. Kelley (Registered Republican)|Lisa Murkowski (Registered Republican)|Kelly C. Tshibaka (Registered Republican)
53,1,3,2,4,1324,0,32,Male,White,Democrat,Master's degree,Likely,Patricia R. Chesbro (Registered Democrat)|Lisa Murkowski (Registered Republican)|Buzz A. Kelley (Registered Republican)|Kelly C. Tshibaka (Registered Republican)
54,2,1,3,4,2134,0,30,Male,Latino or Hispanic,Independent,Doctorate degree,I already voted using in-person Early Voting,Lisa Murkowski (Registered Republican)|Buzz A. Kelley (Registered Republican)|Patricia R. Chesbro (Registered Democrat)|Kelly C. Tshibaka (Registered Republican)
55,1,4,2,3,1423,0,25,Male,White,Democrat,Bachelor's degree,Very likely,Patricia R. Chesbro (Registered Democrat)|Lisa Murkowski (Registered Republican)|Buzz A. Kelley (Registered Republican)|Kelly C. Tshibaka (Registered Republican)
56,3,1,4,2,3142,0,70,Female,Other,Independent,Master's degree,I already voted using in-person Early Voting,Kelly C. Tshibaka (Registered Republican)|Lisa Murkowski (Registered Republican)|Buzz A. Kelley (Registered Republican)|Patricia R. Chesbro (Registered Democrat)
57,1,4,2,3,1423,0,22,Male,Black or African American,Republican,Master's degree,Very likely,Patricia R. Chesbro (Registered Democrat)|Lisa Murkowski (Registered Republican)|Kelly C. Tshibaka (Registered Republican)|Buzz A. Kelley (Registered Republican)
58,4,2,1,3,4213,0,30,Female,Latino or Hispanic,Independent,Master's degree,Very likely,Kelly C. Tshibaka (Registered Republican)|Patricia R. Chesbro (Registered Democrat)|Buzz A. Kelley (Registered Republican)|Lisa Murkowski (Registered Republican)
59,4,1,2,3,4123,0,23,Male,Black or African American,Republican,Master's degree,Very likely,Buzz A. Kelley (Registered Republican)|Lisa Murkowski (Registered Republican)|Kelly C. Tshibaka (Registered Republican)|Patricia R. Chesbro (Registered Democrat)
60,3,2,4,1,3241,0,41,Male,White,Independent,Bachelor's degree,Unlikely,Buzz A. Kelley (Registered Republican)|Lisa Murkowski (Registered Republican)|Patricia R. Chesbro (Registered Democrat)|Kelly C. Tshibaka (Registered Republican)
61,4,3,1,2,4312,0,28,Male,Latino or Hispanic,Independent,Master's degree,Very likely,Kelly C. Tshibaka (Registered Republican)|Patricia R. Chesbro (Registered Democrat)|Buzz A. Kelley (Registered Republican)|Lisa Murkowski (Registered Republican)
62,2,3,1,4,2314,0,22,Male,Black or African American,Republican,Bachelor's degree,Very likely,Lisa Murkowski (Registered Republican)|Patricia R. Chesbro (Registered Democrat)|Buzz A. Kelley (Registered Republican)|Kelly C. Tshibaka (Registered Republican)
63,1,2,4,3,1243,0,37,Male,White,Democrat,Doctorate degree,Likely,Patricia R. Chesbro (Registered Democrat)|Lisa Murkowski (Registered Republican)|Kelly C. Tshibaka (Registered Republican)|Buzz A. Kelley (Registered Republican)
64,3,2,4,1,3241,0,62,Female,White,Independent,Associate degree,Very likely,Buzz A. Kelley (Registered Republican)|Patricia R. Chesbro (Registered Democrat)|Lisa Murkowski (Registered Republican)|Kelly C. Tshibaka (Registered Republican)
65,4,1,3,2,4132,0,22,Male,Black or African American,Republican,Master's degree,Very likely,Patricia R. Chesbro (Registered Democrat)|Lisa Murkowski (Registered Republican)|Kelly C. Tshibaka (Registered Republican)|Buzz A. Kelley (Registered Republican)
66,1,2,4,3,1243,0,23,Male,Black or African American,Republican,Professional school degree,Very likely,Patricia R. Chesbro (Registered Democrat)|Buzz A. Kelley (Registered Republican)|Kelly C. Tshibaka (Registered Republican)|Lisa Murkowski (Registered Republican)
67,4,1,3,2,4132,0,22,Male,Black or African American,Republican,Master's degree,Very likely,Buzz A. Kelley (Registered Republican)|Kelly C. Tshibaka (Registered Republican)|Lisa Murkowski (Registered Republican)|Patricia R. Chesbro (Registered Democrat)
68,3,4,2,1,3421,0,23,Male,Black or African American,Republican,Master's degree,Very likely,Kelly C. Tshibaka (Registered Republican)|Lisa Murkowski (Registered Republican)|Patricia R. Chesbro (Registered Democrat)|Buzz A. Kelley (Registered Republican)
69,4,3,1,2,4312,0,22,Male,Black or African American,Republican,Bachelor's degree,Very likely,Buzz A. Kelley (Registered Republican)|Kelly C. Tshibaka (Registered Republican)|Lisa Murkowski (Registered Republican)|Patricia R. Chesbro (Registered Democrat)
70,4,2,3,1,4231,0,67,Male,White,Independent,Bachelor's degree,Very likely,Lisa Murkowski (Registered Republican)|Patricia R. Chesbro (Registered Democrat)|Buzz A. Kelley (Registered Republican)|Kelly C. Tshibaka (Registered Republican)
71,1,4,2,3,1423,0,22,Male,Black or African American,Republican,Bachelor's degree,Very likely,Patricia R. Chesbro (Registered Democrat)|Lisa Murkowski (Registered Republican)|Kelly C. Tshibaka (Registered Republican)|Buzz A. Kelley (Registered Republican)
72,1,2,3,4,1234,0,22,Male,Black or African American,Republican,Bachelor's degree,Very likely,Patricia R. Chesbro (Registered Democrat)|Buzz A. Kelley (Registered Republican)|Lisa Murkowski (Registered Republican)|Kelly C. Tshibaka (Registered Republican)
73,4,1,3,2,4132,0,24,Male,Black or African American,Republican,Bachelor's degree,Very likely,Buzz A. Kelley (Registered Republican)|Kelly C. Tshibaka (Registered Republican)|Lisa Murkowski (Registered Republican)|Patricia R. Chesbro (Registered Democrat)
74,4,1,2,3,4123,0,34,Female,American Indian and Alaska Native,Independent,High school diploma or equivalent,Very likely,Patricia R. Chesbro (Registered Democrat)|Lisa Murkowski (Registered Republican)|Kelly C. Tshibaka (Registered Republican)|Buzz A. Kelley (Registered Republican)
75,3,4,2,1,3421,0,25,Male,Black or African American,Republican,Bachelor's degree,Very likely,Kelly C. Tshibaka (Registered Republican)|Lisa Murkowski (Registered Republican)|Patricia R. Chesbro (Registered Democrat)|Buzz A. Kelley (Registered Republican)
76,4,3,1,2,4312,0,36,Female,White,Republican,Master's degree,Very likely,Buzz A. Kelley (Registered Republican)|Lisa Murkowski (Registered Republican)|Patricia R. Chesbro (Registered Democrat)|Kelly C. Tshibaka (Registered Republican)
77,3,2,1,4,3214,0,24,Male,Black or African American,Republican,Bachelor's degree,Very likely,Lisa Murkowski (Registered Republican)|Buzz A. Kelley (Registered Republican)|Patricia R. Chesbro (Registered Democrat)|Kelly C. Tshibaka (Registered Republican)
78,3,2,4,1,3241,0,77,Male,White,Republican,High school diploma or equivalent,Very likely,Lisa Murkowski (Registered Republican)|Buzz A. Kelley (Registered Republican)|Patricia R. Chesbro (Registered Democrat)|Kelly C. Tshibaka (Registered Republican)
79,1,3,4,2,1342,0,42,Male,American Indian and Alaska Native,Independent,High school diploma or equivalent,Very likely,Kelly C. Tshibaka (Registered Republican)|Patricia R. Chesbro (Registered Democrat)|Buzz A. Kelley (Registered Republican)|Lisa Murkowski (Registered Republican)
80,1,2,4,3,1243,0,24,Male,Black or African American,Republican,Bachelor's degree,Very likely,Patricia R. Chesbro (Registered Democrat)|Buzz A. Kelley (Registered Republican)|Kelly C. Tshibaka (Registered Republican)|Lisa Murkowski (Registered Republican)
81,4,2,1,3,4213,0,25,Male,Black or African American,Republican,Bachelor's degree,Very likely,Lisa Murkowski (Registered Republican)|Buzz A. Kelley (Registered Republican)|Kelly C. Tshibaka (Registered Republican)|Patricia R. Chesbro (Registered Democrat)
82,3,2,4,1,3241,0,28,Female,Asian and Pacific Islanders,Independent,Bachelor's degree,Likely,Kelly C. Tshibaka (Registered Republican)|Buzz A. Kelley (Registered Republican)|Patricia R. Chesbro (Registered Democrat)|Lisa Murkowski (Registered Republican)
83,3,1,4,2,3142,0,19,Male,Asian and Pacific Islanders,Republican,High school diploma or equivalent,Likely,Lisa Murkowski (Registered Republican)|Patricia R. Chesbro (Registered Democrat)|Kelly C. Tshibaka (Registered Republican)|Buzz A. Kelley (Registered Republican)
84,3,2,4,1,3241,0,39,Female,White,Independent,High school diploma or equivalent,Very likely,Kelly C. Tshibaka (Registered Republican)|Lisa Murkowski (Registered Republican)|Patricia R. Chesbro (Registered Democrat)|Buzz A. Kelley (Registered Republican)
85,1,3,4,2,1342,0,38,Male,Asian and Pacific Islanders,Republican,High school diploma or equivalent,Likely,Buzz A. Kelley (Registered Republican)|Patricia R. Chesbro (Registered Democrat)|Kelly C. Tshibaka (Registered Republican)|Lisa Murkowski (Registered Republican)
86,4,1,2,3,4123,0,52,Female,White,Republican,Some college but no degree,Likely,Kelly C. Tshibaka (Registered Republican)|Buzz A. Kelley (Registered Republican)|Lisa Murkowski (Registered Republican)|Patricia R. Chesbro (Registered Democrat)
87,1,2,4,3,1243,0,29,Female,White,Independent,Master's degree,Very unlikely,Buzz A. Kelley (Registered Republican)|Patricia R. Chesbro (Registered Democrat)|Lisa Murkowski (Registered Republican)|Kelly C. Tshibaka (Registered Republican)
88,2,4,3,1,2431,0,23,Male,Black or African American,Republican,Bachelor's degree,Very likely,Kelly C. Tshibaka (Registered Republican)|Patricia R. Chesbro (Registered Democrat)|Lisa Murkowski (Registered Republican)|Buzz A. Kelley (Registered Republican)
89,3,1,2,4,3124,0,64,Male,White,Independent,Professional school degree,Very likely,Lisa Murkowski (Registered Republican)|Kelly C. Tshibaka (Registered Republican)|Buzz A. Kelley (Registered Republican)|Patricia R. Chesbro (Registered Democrat)
90,2,3,4,1,2341,0,23,Male,Black or African American,Republican,Bachelor's degree,Very likely,Patricia R. Chesbro (Registered Democrat)|Kelly C. Tshibaka (Registered Republican)|Buzz A. Kelley (Registered Republican)|Lisa Murkowski (Registered Republican)
91,2,3,4,1,2341,0,78,Male,White,Republican,Professional school degree,Very likely,Kelly C. Tshibaka (Registered Republican)|Lisa Murkowski (Registered Republican)|Patricia R. Chesbro (Registered Democrat)|Buzz A. Kelley (Registered Republican)
92,2,3,1,4,2314,0,65,Female,American Indian and Alaska Native,Other Party,Associate degree,Very likely,Patricia R. Chesbro (Registered Democrat)|Lisa Murkowski (Registered Republican)|Kelly C. Tshibaka (Registered Republican)|Buzz A. Kelley (Registered Republican)
93,1,4,2,3,1423,0,23,Male,White,Republican,Bachelor's degree,Very likely,Patricia R. Chesbro (Registered Democrat)|Lisa Murkowski (Registered Republican)|Kelly C. Tshibaka (Registered Republican)|Buzz A. Kelley (Registered Republican)
94,1,2,4,3,1243,0,23,Male,White,Republican,Bachelor's degree,Very likely,Patricia R. Chesbro (Registered Democrat)|Buzz A. Kelley (Registered Republican)|Kelly C. Tshibaka (Registered Republican)|Lisa Murkowski (Registered Republican)
95,4,1,3,2,4132,0,28,Female,White,Independent,Bachelor's degree,I already voted using in-person Early Voting,Buzz A. Kelley (Registered Republican)|Kelly C. Tshibaka (Registered Republican)|Lisa Murkowski (Registered Republican)|Patricia R. Chesbro (Registered Democrat)
96,4,2,3,1,4231,0,23,Male,White,Republican,Bachelor's degree,Very likely,Kelly C. Tshibaka (Registered Republican)|Buzz A. Kelley (Registered Republican)|Lisa Murkowski (Registered Republican)|Patricia R. Chesbro (Registered Democrat)
97,3,2,1,4,3214,0,34,Male,White,Republican,Some college but no degree,Very likely,Lisa Murkowski (Registered Republican)|Kelly C. Tshibaka (Registered Republican)|Patricia R. Chesbro (Registered Democrat)|Buzz A. Kelley (Registered Republican)
98,2,1,4,3,2143,0,39,Male,White,Republican,High school diploma or equivalent,Very likely,Kelly C. Tshibaka (Registered Republican)|Lisa Murkowski (Registered Republican)|Buzz A. Kelley (Registered Republican)|Patricia R. Chesbro (Registered Democrat)
99,3,4,2,1,3421,0,23,Male,White,Republican,Bachelor's degree,Very likely,Kelly C. Tshibaka (Registered Republican)|Lisa Murkowski (Registered Republican)|Patricia R. Chesbro (Registered Democrat)|Buzz A. Kelley (Registered Republican)
100,3,2,4,1,3241,0,63,Female,White,Republican,Some college but no degree,Very likely,Buzz A. Kelley (Registered Republican)|Kelly C. Tshibaka (Registered Republican)|Lisa Murkowski (Registered Republican)|Patricia R. Chesbro (Registered Democrat)
101,2,3,1,4,2314,0,69,Male,White,Republican,Bachelor's degree,Very likely,Buzz A. Kelley (Registered Republican)|Patricia R. Chesbro (Registered Democrat)|Lisa Murkowski (Registered Republican)|Kelly C. Tshibaka (Registered Republican)
102,1,4,2,3,1423,0,23,Male,White,Republican,Bachelor's degree,Very likely,Patricia R. Chesbro (Registered Democrat)|Lisa Murkowski (Registered Republican)|Kelly C. Tshibaka (Registered Republican)|Buzz A. Kelley (Registered Republican)
103,1,4,2,3,1423,0,23,Male,Black or African American,Republican,Bachelor's degree,Very likely,Patricia R. Chesbro (Registered Democrat)|Lisa Murkowski (Registered Republican)|Kelly C. Tshibaka (Registered Republican)|Buzz A. Kelley (Registered Republican)
104,3,2,4,1,3241,0,76,Male,White,Republican,Associate degree,Very likely,Lisa Murkowski (Registered Republican)|Patricia R. Chesbro (Registered Democrat)|Kelly C. Tshibaka (Registered Republican)|Buzz A. Kelley (Registered Republican)
105,2,3,1,4,2314,0,23,Male,White,Republican,Bachelor's degree,Very likely,Lisa Murkowski (Registered Republican)|Patricia R. Chesbro (Registered Democrat)|Buzz A. Kelley (Registered Republican)|Kelly C. Tshibaka (Registered Republican)
106,1,2,4,3,1243,0,23,Male,Black or African American,Republican,Bachelor's degree,Very likely,Patricia R. Chesbro (Registered Democrat)|Buzz A. Kelley (Registered Republican)|Kelly C. Tshibaka (Registered Republican)|Lisa Murkowski (Registered Republican)
107,1,4,2,3,1423,0,23,Male,White,Republican,Bachelor's degree,Very likely,Patricia R. Chesbro (Registered Democrat)|Lisa Murkowski (Registered Republican)|Kelly C. Tshibaka (Registered Republican)|Buzz A. Kelley (Registered Republican)
108,2,4,3,1,2431,0,23,Male,Black or African American,Republican,Bachelor's degree,Very likely,Kelly C. Tshibaka (Registered Republican)|Patricia R. Chesbro (Registered Democrat)|Lisa Murkowski (Registered Republican)|Buzz A. Kelley (Registered Republican)
109,3,2,4,1,3241,0,73,Female,White,Republican,Some college but no degree,Very likely,Kelly C. Tshibaka (Registered Republican)|Lisa Murkowski (Registered Republican)|Buzz A. Kelley (Registered Republican)|Patricia R. Chesbro (Registered Democrat)
110,4,3,2,1,4321,0,22,Male,Black or African American,Republican,Bachelor's degree,Very likely,Kelly C. Tshibaka (Registered Republican)|Lisa Murkowski (Registered Republican)|Buzz A. Kelley (Registered Republican)|Patricia R. Chesbro (Registered Democrat)
111,2,3,1,4,2314,0,38,Male,Other,Independent,Professional school degree,Very likely,Kelly C. Tshibaka (Registered Republican)|Patricia R. Chesbro (Registered Democrat)|Lisa Murkowski (Registered Republican)|Buzz A. Kelley (Registered Republican)
112,3,2,1,4,3214,0,24,Male,Black or African American,Republican,Bachelor's degree,Very likely,Lisa Murkowski (Registered Republican)|Buzz A. Kelley (Registered Republican)|Patricia R. Chesbro (Registered Democrat)|Kelly C. Tshibaka (Registered Republican)
113,2,4,3,1,2431,0,25,Male,Black or African American,Republican,Bachelor's degree,Very likely,Kelly C. Tshibaka (Registered Republican)|Patricia R. Chesbro (Registered Democrat)|Lisa Murkowski (Registered Republican)|Buzz A. Kelley (Registered Republican)
114,4,3,1,2,4312,0,23,Male,White,Republican,Bachelor's degree,Very likely,Lisa Murkowski (Registered Republican)|Kelly C. Tshibaka (Registered Republican)|Buzz A. Kelley (Registered Republican)|Patricia R. Chesbro (Registered Democrat)
115,2,4,1,3,2413,0,31,Female,Asian and Pacific Islanders,Republican,Bachelor's degree,Likely,Lisa Murkowski (Registered Republican)|Buzz A. Kelley (Registered Republican)|Kelly C. Tshibaka (Registered Republican)|Patricia R. Chesbro (Registered Democrat)
116,1,4,2,3,1423,0,22,Male,Black or African American,Republican,Bachelor's degree,Very likely,Patricia R. Chesbro (Registered Democrat)|Lisa Murkowski (Registered Republican)|Kelly C. Tshibaka (Registered Republican)|Buzz A. Kelley (Registered Republican)
117,2,3,4,1,2341,0,23,Male,White,Republican,Bachelor's degree,Very likely,Kelly C. Tshibaka (Registered Republican)|Patricia R. Chesbro (Registered Democrat)|Buzz A. Kelley (Registered Republican)|Lisa Murkowski (Registered Republican)
118,2,3,1,4,2314,0,25,Male,Black or African American,Republican,Bachelor's degree,Very likely,Lisa Murkowski (Registered Republican)|Patricia R. Chesbro (Registered Democrat)|Buzz A. Kelley (Registered Republican)|Kelly C. Tshibaka (Registered Republican)
119,2,4,1,3,2413,0,23,Male,White,Republican,Bachelor's degree,Very likely,Lisa Murkowski (Registered Republican)|Patricia R. Chesbro (Registered Democrat)|Kelly C. Tshibaka (Registered Republican)|Buzz A. Kelley (Registered Republican)
120,4,1,2,3,4123,0,23,Male,Black or African American,Republican,Bachelor's degree,Very likely,Buzz A. Kelley (Registered Republican)|Lisa Murkowski (Registered Republican)|Kelly C. Tshibaka (Registered Republican)|Patricia R. Chesbro (Registered Democrat)
121,2,3,1,4,2314,0,22,Male,Other,Republican,Bachelor's degree,Very likely,Lisa Murkowski (Registered Republican)|Patricia R. Chesbro (Registered Democrat)|Buzz A. Kelley (Registered Republican)|Kelly C. Tshibaka (Registered Republican)
122,1,2,3,4,1234,0,23,Male,White,Republican,Bachelor's degree,Very likely,Patricia R. Chesbro (Registered Democrat)|Buzz A. Kelley (Registered Republican)|Lisa Murkowski (Registered Republican)|Kelly C. Tshibaka (Registered Republican)
123,2,1,4,3,2143,0,23,Male,Black or African American,Republican,Bachelor's degree,Very likely,Buzz A. Kelley (Registered Republican)|Patricia R. Chesbro (Registered Democrat)|Kelly C. Tshibaka (Registered Republican)|Lisa Murkowski (Registered Republican)
124,4,2,3,1,4231,0,23,Male,White,Republican,Bachelor's degree,Very likely,Kelly C. Tshibaka (Registered Republican)|Buzz A. Kelley (Registered Republican)|Lisa Murkowski (Registered Republican)|Patricia R. Chesbro (Registered Democrat)
125,1,3,2,4,1324,0,39,Female,White,Democrat,Bachelor's degree,Likely,Buzz A. Kelley (Registered Republican)|Lisa Murkowski (Registered Republican)|Patricia R. Chesbro (Registered Democrat)|Kelly C. Tshibaka (Registered Republican)
126,3,2,4,1,3241,0,81,Male,White,Republican,Some college but no degree,Very likely,Lisa Murkowski (Registered Republican)|Patricia R. Chesbro (Registered Democrat)|Buzz A. Kelley (Registered Republican)|Kelly C. Tshibaka (Registered Republican)
127,1,4,2,3,1423,0,35,Female,White,Democrat,Some college but no degree,Unlikely,Buzz A. Kelley (Registered Republican)|Kelly C. Tshibaka (Registered Republican)|Lisa Murkowski (Registered Republican)|Patricia R. Chesbro (Registered Democrat)
128,1,3,2,4,1324,0,23,Male,White,Republican,Bachelor's degree,Very likely,Patricia R. Chesbro (Registered Democrat)|Lisa Murkowski (Registered Republican)|Buzz A. Kelley (Registered Republican)|Kelly C. Tshibaka (Registered Republican)
129,1,4,3,2,1432,0,22,Male,Black or African American,Republican,Bachelor's degree,Very likely,Buzz A. Kelley (Registered Republican)|Lisa Murkowski (Registered Republican)|Kelly C. Tshibaka (Registered Republican)|Patricia R. Chesbro (Registered Democrat)
130,3,4,2,1,3421,0,68,Female,White,Independent,Associate degree,Very likely,Kelly C. Tshibaka (Registered Republican)|Buzz A. Kelley (Registered Republican)|Patricia R. Chesbro (Registered Democrat)|Lisa Murkowski (Registered Republican)
131,2,1,3,4,2134,0,22,Male,Black or African American,Republican,Bachelor's degree,Very likely,Buzz A. Kelley (Registered Republican)|Patricia R. Chesbro (Registered Democrat)|Kelly C. Tshibaka (Registered Republican)|Lisa Murkowski (Registered Republican)
132,3,1,4,2,3142,0,23,Male,White,Republican,Bachelor's degree,Very likely,Buzz A. Kelley (Registered Republican)|Kelly C. Tshibaka (Registered Republican)|Patricia R. Chesbro (Registered Democrat)|Lisa Murkowski (Registered Republican)
133,2,3,1,4,2314,0,23,Male,Black or African American,Republican,Bachelor's degree,Very likely,Lisa Murkowski (Registered Republican)|Patricia R. Chesbro (Registered Democrat)|Buzz A. Kelley (Registered Republican)|Kelly C. Tshibaka (Registered Republican)
134,1,2,4,3,1243,0,65,Male,White,Independent,Bachelor's degree,Very likely,Buzz A. Kelley (Registered Republican)|Kelly C. Tshibaka (Registered Republican)|Lisa Murkowski (Registered Republican)|Patricia R. Chesbro (Registered Democrat)
135,1,4,3,2,1432,0,23,Male,White,Republican,Bachelor's degree,Very likely,Patricia R. Chesbro (Registered Democrat)|Kelly C. Tshibaka (Registered Republican)|Lisa Murkowski (Registered Republican)|Buzz A. Kelley (Registered Republican)
136,4,2,3,1,4231,0,48,Female,Other,Republican,Professional school degree,Very likely,Kelly C. Tshibaka (Registered Republican)|Patricia R. Chesbro (Registered Democrat)|Buzz A. Kelley (Registered Republican)|Lisa Murkowski (Registered Republican)
137,1,3,2,4,1324,0,40,Male,American Indian and Alaska Native,Democrat,Some college but no degree,Very likely,Kelly C. Tshibaka (Registered Republican)|Buzz A. Kelley (Registered Republican)|Patricia R. Chesbro (Registered Democrat)|Lisa Murkowski (Registered Republican)
138,1,3,4,2,1342,0,32,Female,American Indian and Alaska Native,Independent,High school diploma or equivalent,Likely,Buzz A. Kelley (Registered Republican)|Kelly C. Tshibaka (Registered Republican)|Patricia R. Chesbro (Registered Democrat)|Lisa Murkowski (Registered Republican)
139,4,2,1,3,4213,0,23,Male,White,Republican,Bachelor's degree,Very likely,Lisa Murkowski (Registered Republican)|Buzz A. Kelley (Registered Republican)|Kelly C. Tshibaka (Registered Republican)|Patricia R. Chesbro (Registered Democrat)
140,4,3,2,1,4321,0,23,Male,White,Republican,Bachelor's degree,Very likely,Kelly C. Tshibaka (Registered Republican)|Lisa Murkowski (Registered Republican)|Buzz A. Kelley (Registered Republican)|Patricia R. Chesbro (Registered Democrat)
141,1,3,2,4,1324,0,57,Female,White,Democrat,High school diploma or equivalent,Very likely,Lisa Murkowski (Registered Republican)|Buzz A. Kelley (Registered Republican)|Kelly C. Tshibaka (Registered Republican)|Patricia R. Chesbro (Registered Democrat)
142,4,3,2,1,4321,0,23,Male,White,Republican,Bachelor's degree,Very likely,Kelly C. Tshibaka (Registered Republican)|Lisa Murkowski (Registered Republican)|Buzz A. Kelley (Registered Republican)|Patricia R. Chesbro (Registered Democrat)
143,3,1,2,4,3124,0,23,Male,White,Republican,Bachelor's degree,Very likely,Buzz A. Kelley (Registered Republican)|Lisa Murkowski (Registered Republican)|Patricia R. Chesbro (Registered Democrat)|Kelly C. Tshibaka (Registered Republican)
144,3,2,4,1,3241,0,23,Male,Black or African American,Republican,Bachelor's degree,Very likely,Buzz A. Kelley (Registered Republican)|Kelly C. Tshibaka (Registered Republican)|Patricia R. Chesbro (Registered Democrat)|Lisa Murkowski (Registered Republican)
145,1,4,2,3,1423,0,23,Male,White,Republican,Bachelor's degree,Very likely,Patricia R. Chesbro (Registered Democrat)|Lisa Murkowski (Registered Republican)|Kelly C. Tshibaka (Registered Republican)|Buzz A. Kelley (Registered Republican)
146,2,3,1,4,2314,0,40,Male,White,Republican,Some college but no degree,Very likely,Patricia R. Chesbro (Registered Democrat)|Lisa Murkowski (Registered Republican)|Kelly C. Tshibaka (Registered Republican)|Buzz A. Kelley (Registered Republican)
147,1,3,2,4,1324,0,23,Male,White,Republican,Bachelor's degree,Very likely,Patricia R. Chesbro (Registered Democrat)|Lisa Murkowski (Registered Republican)|Buzz A. Kelley (Registered Republican)|Kelly C. Tshibaka (Registered Republican)
148,2,1,4,3,2143,0,23,Male,Black or African American,Republican,Bachelor's degree,Very likely,Buzz A. Kelley (Registered Republican)|Patricia R. Chesbro (Registered Democrat)|Kelly C. Tshibaka (Registered Republican)|Lisa Murkowski (Registered Republican)
149,4,3,1,2,4312,0,44,Female,White,Republican,Some college but no degree,Very likely,Lisa Murkowski (Registered Republican)|Buzz A. Kelley (Registered Republican)|Patricia R. Chesbro (Registered Democrat)|Kelly C. Tshibaka (Registered Republican)
150,2,4,1,3,2413,0,23,Male,Black or African American,Republican,Bachelor's degree,Very likely,Lisa Murkowski (Registered Republican)|Patricia R. Chesbro (Registered Democrat)|Kelly C. Tshibaka (Registered Republican)|Buzz A. Kelley (Registered Republican)
151,1,2,3,4,1234,0,23,Male,White,Republican,Bachelor's degree,Very likely,Patricia R. Chesbro (Registered Democrat)|Buzz A. Kelley (Registered Republican)|Lisa Murkowski (Registered Republican)|Kelly C. Tshibaka (Registered Republican)
152,2,4,1,3,2413,0,23,Male,White,Republican,Bachelor's degree,Very likely,Lisa Murkowski (Registered Republican)|Patricia R. Chesbro (Registered Democrat)|Kelly C. Tshibaka (Registered Republican)|Buzz A. Kelley (Registered Republican)
153,2,3,1,4,2314,0,23,Male,Black or African American,Republican,Bachelor's degree,Very likely,Lisa Murkowski (Registered Republican)|Patricia R. Chesbro (Registered Democrat)|Buzz A. Kelley (Registered Republican)|Kelly C. Tshibaka (Registered Republican)
154,4,2,3,1,4231,0,71,Female,White,Republican,High school diploma or equivalent,Very likely,Buzz A. Kelley (Registered Republican)|Kelly C. Tshibaka (Registered Republican)|Lisa Murkowski (Registered Republican)|Patricia R. Chesbro (Registered Democrat)
155,4,3,2,1,4321,0,23,Male,White,Republican,Bachelor's degree,Very likely,Kelly C. Tshibaka (Registered Republican)|Lisa Murkowski (Registered Republican)|Buzz A. Kelley (Registered Republican)|Patricia R. Chesbro (Registered Democrat)
156,3,1,2,4,3124,0,40,Male,White,Democrat,Associate degree,Very likely,Patricia R. Chesbro (Registered Democrat)|Kelly C. Tshibaka (Registered Republican)|Buzz A. Kelley (Registered Republican)|Lisa Murkowski (Registered Republican)
157,2,4,1,3,2413,0,56,Female,White,Democrat,Bachelor's degree,Very likely,Kelly C. Tshibaka (Registered Republican)|Buzz A. Kelley (Registered Republican)|Patricia R. Chesbro (Registered Democrat)|Lisa Murkowski (Registered Republican)
158,2,3,1,4,2314,0,39,Female,White,Democrat,High school diploma or equivalent,Very unlikely,Lisa Murkowski (Registered Republican)|Buzz A. Kelley (Registered Republican)|Patricia R. Chesbro (Registered Democrat)|Kelly C. Tshibaka (Registered Republican)
159,4,1,3,2,4132,0,23,Female,Asian and Pacific Islanders,Democrat,Some college but no degree,Likely,Kelly C. Tshibaka (Registered Republican)|Buzz A. Kelley (Registered Republican)|Lisa Murkowski (Registered Republican)|Patricia R. Chesbro (Registered Democrat)
160,4,2,1,3,4213,0,24,Female,White,Democrat,High school diploma or equivalent,Very likely,Lisa Murkowski (Registered Republican)|Buzz A. Kelley (Registered Republican)|Kelly C. Tshibaka (Registered Republican)|Patricia R. Chesbro (Registered Democrat)
161,3,2,4,1,3241,0,30,Female,White,Independent,Professional school degree,Unlikely,Lisa Murkowski (Registered Republican)|Buzz A. Kelley (Registered Republican)|Patricia R. Chesbro (Registered Democrat)|Kelly C. Tshibaka (Registered Republican)
162,3,2,1,4,3214,0,63,Female,White,Independent,Associate degree,Very likely,Patricia R. Chesbro (Registered Democrat)|Kelly C. Tshibaka (Registered Republican)|Lisa Murkowski (Registered Republican)|Buzz A. Kelley (Registered Republican)
163,2,3,1,4,2314,0,64,Female,White,Other Party,Some college but no degree,Very likely,Patricia R. Chesbro (Registered Democrat)|Buzz A. Kelley (Registered Republican)|Kelly C. Tshibaka (Registered Republican)|Lisa Murkowski (Registered Republican)
164,2,4,1,3,2413,0,31,Female,White,Independent,Less than high school diploma,Other,Buzz A. Kelley (Registered Republican)|Patricia R. Chesbro (Registered Democrat)|Lisa Murkowski (Registered Republican)|Kelly C. Tshibaka (Registered Republican)
165,1,3,2,4,1324,0,76,Female,White,Democrat,Bachelor's degree,Very likely,Patricia R. Chesbro (Registered Democrat)|Buzz A. Kelley (Registered Republican)|Lisa Murkowski (Registered Republican)|Kelly C. Tshibaka (Registered Republican)
166,4,1,3,2,4132,0,37,Female,White,Independent,Associate degree,Likely,Kelly C. Tshibaka (Registered Republican)|Patricia R. Chesbro (Registered Democrat)|Buzz A. Kelley (Registered Republican)|Lisa Murkowski (Registered Republican)
167,4,1,2,3,4123,0,50,Female,Black or African American,Republican,Bachelor's degree,Unlikely,Lisa Murkowski (Registered Republican)|Patricia R. Chesbro (Registered Democrat)|Buzz A. Kelley (Registered Republican)|Kelly C. Tshibaka (Registered Republican)
168,4,1,2,3,4123,0,87,Female,White,Republican,High school diploma or equivalent,Very unlikely,Patricia R. Chesbro (Registered Democrat)|Lisa Murkowski (Registered Republican)|Kelly C. Tshibaka (Registered Republican)|Buzz A. Kelley (Registered Republican)
169,4,2,3,1,4231,0,39,Female,White,Independent,Some college but no degree,Very likely,Lisa Murkowski (Registered Republican)|Buzz A. Kelley (Registered Republican)|Kelly C. Tshibaka (Registered Republican)|Patricia R. Chesbro (Registered Democrat)
170,3,2,4,1,3241,0,75,Female,White,Republican,Master's degree,Very likely,Lisa Murkowski (Registered Republican)|Kelly C. Tshibaka (Registered Republican)|Buzz A. Kelley (Registered Republican)|Patricia R. Chesbro (Registered Democrat)
171,4,1,2,3,4123,0,29,Female,White,Republican,Some college but no degree,Very likely,Patricia R. Chesbro (Registered Democrat)|Buzz A. Kelley (Registered Republican)|Kelly C. Tshibaka (Registered Republican)|Lisa Murkowski (Registered Republican)
172,4,1,2,3,4123,0,31,Female,White,Democrat,High school diploma or equivalent,Very unlikely,Patricia R. Chesbro (Registered Democrat)|Buzz A. Kelley (Registered Republican)|Lisa Murkowski (Registered Republican)|Kelly C. Tshibaka (Registered Republican)
173,2,3,1,4,2314,0,66,Female,White,Independent,Master's degree,Very likely,Lisa Murkowski (Registered Republican)|Buzz A. Kelley (Registered Republican)|Patricia R. Chesbro (Registered Democrat)|Kelly C. Tshibaka (Registered Republican)
174,1,4,2,3,1423,0,39,Male,White,Republican,Associate degree,Very likely,Patricia R. Chesbro (Registered Democrat)|Lisa Murkowski (Registered Republican)|Kelly C. Tshibaka (Registered Republican)|Buzz A. Kelley (Registered Republican)
175,3,2,1,4,3214,0,18,Female,White,Independent,Associate degree,Very likely,Lisa Murkowski (Registered Republican)|Buzz A. Kelley (Registered Republican)|Patricia R. Chesbro (Registered Democrat)|Kelly C. Tshibaka (Registered Republican)
176,1,2,4,3,1243,0,27,Male,White,Independent,Some college but no degree,Likely,Lisa Murkowski (Registered Republican)|Kelly C. Tshibaka (Registered Republican)|Patricia R. Chesbro (Registered Democrat)|Buzz A. Kelley (Registered Republican)
177,2,1,3,4,2134,0,29,Female,White,Republican,Less than high school diploma,Very unlikely,Patricia R. Chesbro (Registered Democrat)|Kelly C. Tshibaka (Registered Republican)|Lisa Murkowski (Registered Republican)|Buzz A. Kelley (Registered Republican)
178,3,2,4,1,3241,0,77,Male,White,Other Party,Master's degree,Very likely,Lisa Murkowski (Registered Republican)|Buzz A. Kelley (Registered Republican)|Patricia R. Chesbro (Registered Democrat)|Kelly C. Tshibaka (Registered Republican)
179,1,3,4,2,1342,0,47,Female,White,Independent,Bachelor's degree,Very likely,Buzz A. Kelley (Registered Republican)|Kelly C. Tshibaka (Registered Republican)|Patricia R. Chesbro (Registered Democrat)|Lisa Murkowski (Registered Republican)
180,1,2,4,3,1243,0,24,Male,White,Independent,High school diploma or equivalent,Very unlikely,Patricia R. Chesbro (Registered Democrat)|Buzz A. Kelley (Registered Republican)|Lisa Murkowski (Registered Republican)|Kelly C. Tshibaka (Registered Republican)
181,4,2,3,1,4231,0,20,Female,White,Other Party,High school diploma or equivalent,Unlikely,Lisa Murkowski (Registered Republican)|Buzz A. Kelley (Registered Republican)|Patricia R. Chesbro (Registered Democrat)|Kelly C. Tshibaka (Registered Republican)
182,4,3,1,2,4312,0,22,Male,American Indian and Alaska Native,Independent,Some college but no degree,Unlikely,Patricia R. Chesbro (Registered Democrat)|Kelly C. Tshibaka (Registered Republican)|Buzz A. Kelley (Registered Republican)|Lisa Murkowski (Registered Republican)
183,2,1,4,3,2143,0,23,Male,Black or African American,Republican,Bachelor's degree,Very likely,Buzz A. Kelley (Registered Republican)|Patricia R. Chesbro (Registered Democrat)|Kelly C. Tshibaka (Registered Republican)|Lisa Murkowski (Registered Republican)
184,3,4,2,1,3421,0,23,Male,White,Republican,Bachelor's degree,Very likely,Kelly C. Tshibaka (Registered Republican)|Lisa Murkowski (Registered Republican)|Patricia R. Chesbro (Registered Democrat)|Buzz A. Kelley (Registered Republican)
185,2,3,4,1,2341,0,23,Male,Black or African American,Republican,Bachelor's degree,Very likely,Kelly C. Tshibaka (Registered Republican)|Patricia R. Chesbro (Registered Democrat)|Buzz A. Kelley (Registered Republican)|Lisa Murkowski (Registered Republican)
186,3,1,2,4,3124,0,24,Male,Black or African American,Republican,Bachelor's degree,Very likely,Buzz A. Kelley (Registered Republican)|Lisa Murkowski (Registered Republican)|Patricia R. Chesbro (Registered Democrat)|Kelly C. Tshibaka (Registered Republican)
187,4,2,1,3,4213,0,23,Male,White,Republican,Bachelor's degree,Very likely,Lisa Murkowski (Registered Republican)|Buzz A. Kelley (Registered Republican)|Kelly C. Tshibaka (Registered Republican)|Patricia R. Chesbro (Registered Democrat)
188,1,4,3,2,1432,0,25,Male,Black or African American,Republican,Bachelor's degree,Very likely,Patricia R. Chesbro (Registered Democrat)|Kelly C. Tshibaka (Registered Republican)|Lisa Murkowski (Registered Republican)|Buzz A. Kelley (Registered Republican)
189,2,3,1,4,2314,0,23,Male,Black or African American,Republican,Bachelor's degree,Very likely,Lisa Murkowski (Registered Republican)|Patricia R. Chesbro (Registered Democrat)|Buzz A. Kelley (Registered Republican)|Kelly C. Tshibaka (Registered Republican)
190,3,4,1,2,3412,0,23,Male,White,Republican,Bachelor's degree,Very likely,Lisa Murkowski (Registered Republican)|Kelly C. Tshibaka (Registered Republican)|Patricia R. Chesbro (Registered Democrat)|Buzz A. Kelley (Registered Republican)
191,4,3,2,1,4321,0,18,Male,Black or African American,Independent,High school diploma or equivalent,Other,Kelly C. Tshibaka (Registered Republican)|Lisa Murkowski (Registered Republican)|Buzz A. Kelley (Registered Republican)|Patricia R. Chesbro (Registered Democrat)
192,4,3,1,2,4312,0,23,Male,Black or African American,Republican,Bachelor's degree,Very unlikely,Lisa Murkowski (Registered Republican)|Kelly C. Tshibaka (Registered Republican)|Buzz A. Kelley (Registered Republican)|Patricia R. Chesbro (Registered Democrat)
193,1,3,2,4,1324,0,31,Male,White,Democrat,Bachelor's degree,Very likely,Lisa Murkowski (Registered Republican)|Patricia R. Chesbro (Registered Democrat)|Buzz A. Kelley (Registered Republican)|Kelly C. Tshibaka (Registered Republican)
194,2,4,3,1,2431,0,25,Male,Black or African American,Republican,Bachelor's degree,Very likely,Buzz A. Kelley (Registered Republican)|Lisa Murkowski (Registered Republican)|Patricia R. Chesbro (Registered Democrat)|Kelly C. Tshibaka (Registered Republican)
195,4,3,2,1,4321,0,26,Male,Black or African American,Republican,Bachelor's degree,Very likely,Kelly C. Tshibaka (Registered Republican)|Lisa Murkowski (Registered Republican)|Buzz A. Kelley (Registered Republican)|Patricia R. Chesbro (Registered Democrat)
196,3,1,4,2,3142,0,23,Male,White,Republican,Master's degree,Very likely,Buzz A. Kelley (Registered Republican)|Kelly C. Tshibaka (Registered Republican)|Patricia R. Chesbro (Registered Democrat)|Lisa Murkowski (Registered Republican)
197,4,1,3,2,4132,0,24,Male,Black or African American,Republican,Bachelor's degree,Very likely,Buzz A. Kelley (Registered Republican)|Kelly C. Tshibaka (Registered Republican)|Lisa Murkowski (Registered Republican)|Patricia R. Chesbro (Registered Democrat)
198,3,2,1,4,3214,0,26,Male,Black or African American,Republican,Bachelor's degree,Very likely,Lisa Murkowski (Registered Republican)|Buzz A. Kelley (Registered Republican)|Patricia R. Chesbro (Registered Democrat)|Kelly C. Tshibaka (Registered Republican)
199,1,3,4,2,1342,0,23,Male,Latino or Hispanic,Democrat,Associate degree,Very likely,Lisa Murkowski (Registered Republican)|Patricia R. Chesbro (Registered Democrat)|Kelly C. Tshibaka (Registered Republican)|Buzz A. Kelley (Registered Republican)
200,4,2,3,1,4231,0,25,Male,Black or African American,Republican,Bachelor's degree,Very likely,Kelly C. Tshibaka (Registered Republican)|Buzz A. Kelley (Registered Republican)|Lisa Murkowski (Registered Republican)|Patricia R. Chesbro (Registered Democrat)
201,2,3,1,4,2314,0,23,Male,Black or African American,Republican,Bachelor's degree,Very likely,Lisa Murkowski (Registered Republican)|Patricia R. Chesbro (Registered Democrat)|Buzz A. Kelley (Registered Republican)|Kelly C. Tshibaka (Registered Republican)
202,4,3,1,2,4312,0,25,Male,Black or African American,Republican,Bachelor's degree,Very likely,Lisa Murkowski (Registered Republican)|Kelly C. Tshibaka (Registered Republican)|Buzz A. Kelley (Registered Republican)|Patricia R. Chesbro (Registered Democrat)
203,1,3,4,2,1342,0,31,Male,White,Democrat,Master's degree,Very unlikely,Lisa Murkowski (Registered Republican)|Buzz A. Kelley (Registered Republican)|Kelly C. Tshibaka (Registered Republican)|Patricia R. Chesbro (Registered Democrat)
204,1,3,2,4,1324,0,23,Male,White,Republican,Bachelor's degree,Very likely,Patricia R. Chesbro (Registered Democrat)|Lisa Murkowski (Registered Republican)|Buzz A. Kelley (Registered Republican)|Kelly C. Tshibaka (Registered Republican)
205,4,1,2,3,4123,0,24,Female,White,Republican,Some college but no degree,Very likely,Lisa Murkowski (Registered Republican)|Kelly C. Tshibaka (Registered Republican)|Patricia R. Chesbro (Registered Democrat)|Buzz A. Kelley (Registered Republican)
206,3,1,2,4,3124,0,23,Male,Black or African American,Republican,Bachelor's degree,Very likely,Buzz A. Kelley (Registered Republican)|Lisa Murkowski (Registered Republican)|Patricia R. Chesbro (Registered Democrat)|Kelly C. Tshibaka (Registered Republican)
207,4,3,1,2,4312,0,24,Male,Black or African American,Republican,Bachelor's degree,Very likely,Lisa Murkowski (Registered Republican)|Kelly C. Tshibaka (Registered Republican)|Buzz A. Kelley (Registered Republican)|Patricia R. Chesbro (Registered Democrat)
208,4,2,3,1,4231,0,23,Male,White,Republican,Bachelor's degree,Very likely,Kelly C. Tshibaka (Registered Republican)|Buzz A. Kelley (Registered Republican)|Lisa Murkowski (Registered Republican)|Patricia R. Chesbro (Registered Democrat)
209,4,1,2,3,4123,0,27,Female,Black or African American,Republican,High school diploma or equivalent,Likely,Buzz A. Kelley (Registered Republican)|Patricia R. Chesbro (Registered Democrat)|Lisa Murkowski (Registered Republican)|Kelly C. Tshibaka (Registered Republican)
210,4,1,2,3,4123,0,39,Male,American Indian and Alaska Native,Independent,Some college but no degree,Unlikely,Lisa Murkowski (Registered Republican)|Buzz A. Kelley (Registered Republican)|Kelly C. Tshibaka (Registered Republican)|Patricia R. Chesbro (Registered Democrat)
211,1,4,3,2,1432,0,23,Male,Black or African American,Republican,Bachelor's degree,Very likely,Patricia R. Chesbro (Registered Democrat)|Kelly C. Tshibaka (Registered Republican)|Lisa Murkowski (Registered Republican)|Buzz A. Kelley (Registered Republican)
212,4,2,3,1,4231,0,23,Male,Black or African American,Republican,Bachelor's degree,Very likely,Kelly C. Tshibaka (Registered Republican)|Buzz A. Kelley (Registered Republican)|Lisa Murkowski (Registered Republican)|Patricia R. Chesbro (Registered Democrat)
213,4,1,3,2,4132,0,24,Male,Black or African American,Republican,Bachelor's degree,Very likely,Buzz A. Kelley (Registered Republican)|Kelly C. Tshibaka (Registered Republican)|Lisa Murkowski (Registered Republican)|Patricia R. Chesbro (Registered Democrat)
214,3,2,1,4,3214,0,23,Male,White,Republican,Bachelor's degree,Very likely,Lisa Murkowski (Registered Republican)|Buzz A. Kelley (Registered Republican)|Patricia R. Chesbro (Registered Democrat)|Kelly C. Tshibaka (Registered Republican)
215,4,1,3,2,4132,0,25,Male,Black or African American,Republican,Bachelor's degree,Very likely,Buzz A. Kelley (Registered Republican)|Kelly C. Tshibaka (Registered Republican)|Lisa Murkowski (Registered Republican)|Patricia R. Chesbro (Registered Democrat)
216,4,2,3,1,4231,0,62,Male,American Indian and Alaska Native,Republican,Some college but no degree,Very likely,Buzz A. Kelley (Registered Republican)|Patricia R. Chesbro (Registered Democrat)|Kelly C. Tshibaka (Registered Republican)|Lisa Murkowski (Registered Republican)
217,3,2,4,1,3241,0,30,Female,White,Other Party,Some college but no degree,Other,Kelly C. Tshibaka (Registered Republican)|Lisa Murkowski (Registered Republican)|Buzz A. Kelley (Registered Republican)|Patricia R. Chesbro (Registered Democrat)
218,4,2,3,1,4231,0,22,Female,White,Republican,High school diploma or equivalent,Likely,Lisa Murkowski (Registered Republican)|Patricia R. Chesbro (Registered Democrat)|Buzz A. Kelley (Registered Republican)|Kelly C. Tshibaka (Registered Republican)
219,2,3,4,1,2341,0,82,Female,White,Republican,Some college but no degree,Very likely,Kelly C. Tshibaka (Registered Republican)|Buzz A. Kelley (Registered Republican)|Patricia R. Chesbro (Registered Democrat)|Lisa Murkowski (Registered Republican)
220,1,3,4,2,1342,0,37,Female,White,Democrat,Bachelor's degree,Very likely,Buzz A. Kelley (Registered Republican)|Kelly C. Tshibaka (Registered Republican)|Patricia R. Chesbro (Registered Democrat)|Lisa Murkowski (Registered Republican)
221,1,4,2,3,1423,0,36,Female,White,Democrat,Bachelor's degree,Very likely,Kelly C. Tshibaka (Registered Republican)|Buzz A. Kelley (Registered Republican)|Patricia R. Chesbro (Registered Democrat)|Lisa Murkowski (Registered Republican)
222,4,3,1,2,4312,0,47,Female,Black or African American,Independent,Some college but no degree,Other,Buzz A. Kelley (Registered Republican)|Lisa Murkowski (Registered Republican)|Kelly C. Tshibaka (Registered Republican)|Patricia R. Chesbro (Registered Democrat)
223,4,2,3,1,4231,0,32,Female,Asian and Pacific Islanders,Independent,Bachelor's degree,I already voted using Vote-by-Mail,Kelly C. Tshibaka (Registered Republican)|Patricia R. Chesbro (Registered Democrat)|Buzz A. Kelley (Registered Republican)|Lisa Murkowski (Registered Republican)
224,1,3,2,4,1324,0,60,Female,White,Democrat,High school diploma or equivalent,Very likely,Buzz A. Kelley (Registered Republican)|Patricia R. Chesbro (Registered Democrat)|Kelly C. Tshibaka (Registered Republican)|Lisa Murkowski (Registered Republican)
225,1,2,4,3,1243,0,38,Female,White,Democrat,Bachelor's degree,Very likely,Buzz A. Kelley (Registered Republican)|Patricia R. Chesbro (Registered Democrat)|Lisa Murkowski (Registered Republican)|Kelly C. Tshibaka (Registered Republican)
226,1,2,4,3,1243,0,24,Female,White,Other Party,Some college but no degree,Very unlikely,Patricia R. Chesbro (Registered Democrat)|Lisa Murkowski (Registered Republican)|Buzz A. Kelley (Registered Republican)|Kelly C. Tshibaka (Registered Republican)
227,4,2,1,3,4213,0,36,Female,White,Republican,High school diploma or equivalent,Very likely,Patricia R. Chesbro (Registered Democrat)|Buzz A. Kelley (Registered Republican)|Kelly C. Tshibaka (Registered Republican)|Lisa Murkowski (Registered Republican)
228,3,2,1,4,3214,0,29,Female,White,Independent,Bachelor's degree,Likely,Buzz A. Kelley (Registered Republican)|Patricia R. Chesbro (Registered Democrat)|Lisa Murkowski (Registered Republican)|Kelly C. Tshibaka (Registered Republican)
229,4,3,1,2,4312,0,63,Female,American Indian and Alaska Native,Republican,Some college but no degree,Unlikely,Buzz A. Kelley (Registered Republican)|Patricia R. Chesbro (Registered Democrat)|Kelly C. Tshibaka (Registered Republican)|Lisa Murkowski (Registered Republican)
230,1,3,2,4,1324,0,29,Female,White,Democrat,Some college but no degree,Likely,Lisa Murkowski (Registered Republican)|Patricia R. Chesbro (Registered Democrat)|Buzz A. Kelley (Registered Republican)|Kelly C. Tshibaka (Registered Republican)
231,1,3,2,4,1324,0,42,Female,White,Democrat,Bachelor's degree,Very likely,Kelly C. Tshibaka (Registered Republican)|Buzz A. Kelley (Registered Republican)|Patricia R. Chesbro (Registered Democrat)|Lisa Murkowski (Registered Republican)
232,2,3,1,4,2314,0,32,Female,Other,Independent,Master's degree,Likely,Kelly C. Tshibaka (Registered Republican)|Buzz A. Kelley (Registered Republican)|Lisa Murkowski (Registered Republican)|Patricia R. Chesbro (Registered Democrat)
233,2,3,1,4,2314,0,55,Female,White,Independent,Master's degree,Very likely,Kelly C. Tshibaka (Registered Republican)|Lisa Murkowski (Registered Republican)|Buzz A. Kelley (Registered Republican)|Patricia R. Chesbro (Registered Democrat)
234,2,3,1,4,2314,0,47,Female,American Indian and Alaska Native,Independent,Bachelor's degree,Very likely,Patricia R. Chesbro (Registered Democrat)|Lisa Murkowski (Registered Republican)|Buzz A. Kelley (Registered Republican)|Kelly C. Tshibaka (Registered Republican)
235,4,1,2,3,4123,0,43,Female,White,Republican,Associate degree,Likely,Kelly C. Tshibaka (Registered Republican)|Lisa Murkowski (Registered Republican)|Buzz A. Kelley (Registered Republican)|Patricia R. Chesbro (Registered Democrat)
236,3,1,4,2,3142,0,63,Female,White,Republican,Some college but no degree,Likely,Lisa Murkowski (Registered Republican)|Buzz A. Kelley (Registered Republican)|Kelly C. Tshibaka (Registered Republican)|Patricia R. Chesbro (Registered Democrat)
237,4,3,1,2,4312,0,36,Female,White,Republican,High school diploma or equivalent,Very likely,Lisa Murkowski (Registered Republican)|Kelly C. Tshibaka (Registered Republican)|Buzz A. Kelley (Registered Republican)|Patricia R. Chesbro (Registered Democrat)
238,2,3,1,4,2314,0,29,Female,White,Independent,High school diploma or equivalent,Very likely,Buzz A. Kelley (Registered Republican)|Patricia R. Chesbro (Registered Democrat)|Kelly C. Tshibaka (Registered Republican)|Lisa Murkowski (Registered Republican)
239,1,4,3,2,1432,0,32,Male,White,Republican,Master's degree,Very likely,Buzz A. Kelley (Registered Republican)|Lisa Murkowski (Registered Republican)|Kelly C. Tshibaka (Registered Republican)|Patricia R. Chesbro (Registered Democrat)
240,2,3,1,4,2314,0,65,Female,White,Other Party,Associate degree,Likely,Lisa Murkowski (Registered Republican)|Buzz A. Kelley (Registered Republican)|Patricia R. Chesbro (Registered Democrat)|Kelly C. Tshibaka (Registered Republican)
241,3,2,4,1,3241,0,46,Male,White,Independent,High school diploma or equivalent,Likely,Kelly C. Tshibaka (Registered Republican)|Patricia R. Chesbro (Registered Democrat)|Buzz A. Kelley (Registered Republican)|Lisa Murkowski (Registered Republican)
242,2,3,1,4,2314,0,40,Female,White,Republican,Some college but no degree,Likely,Buzz A. Kelley (Registered Republican)|Kelly C. Tshibaka (Registered Republican)|Patricia R. Chesbro (Registered Democrat)|Lisa Murkowski (Registered Republican)
243,4,2,1,3,4213,0,36,Male,White,Democrat,Bachelor's degree,Very likely,Lisa Murkowski (Registered Republican)|Buzz A. Kelley (Registered Republican)|Patricia R. Chesbro (Registered Democrat)|Kelly C. Tshibaka (Registered Republican)
244,4,2,3,1,4231,0,45,Female,White,Republican,Some college but no degree,Very unlikely,Patricia R. Chesbro (Registered Democrat)|Lisa Murkowski (Registered Republican)|Buzz A. Kelley (Registered Republican)|Kelly C. Tshibaka (Registered Republican)
245,1,2,3,4,1234,0,30,Male,White,Democrat,Master's degree,Unlikely,Patricia R. Chesbro (Registered Democrat)|Buzz A. Kelley (Registered Republican)|Lisa Murkowski (Registered Republican)|Kelly C. Tshibaka (Registered Republican)
246,2,3,1,4,2314,0,48,Male,Asian and Pacific Islanders,Republican,Bachelor's degree,Very likely,Buzz A. Kelley (Registered Republican)|Patricia R. Chesbro (Registered Democrat)|Kelly C. Tshibaka (Registered Republican)|Lisa Murkowski (Registered Republican)
247,1,3,2,4,1324,0,71,Female,White,Democrat,High school diploma or equivalent,Very likely,Kelly C. Tshibaka (Registered Republican)|Patricia R. Chesbro (Registered Democrat)|Lisa Murkowski (Registered Republican)|Buzz A. Kelley (Registered Republican)
248,1,4,2,3,1423,0,37,Female,Latino or Hispanic,Republican,Associate degree,Very likely,Patricia R. Chesbro (Registered Democrat)|Buzz A. Kelley (Registered Republican)|Kelly C. Tshibaka (Registered Republican)|Lisa Murkowski (Registered Republican)
249,4,3,1,2,4312,0,22,Female,White,Republican,High school diploma or equivalent,Very likely,Patricia R. Chesbro (Registered Democrat)|Kelly C. Tshibaka (Registered Republican)|Lisa Murkowski (Registered Republican)|Buzz A. Kelley (Registered Republican)
250,3,2,4,1,3241,0,73,Female,White,Republican,Some college but no degree,Very likely,Buzz A. Kelley (Registered Republican)|Patricia R. Chesbro (Registered Democrat)|Kelly C. Tshibaka (Registered Republican)|Lisa Murkowski (Registered Republican)
251,1,3,2,4,1324,0,74,Other,White,Democrat,Bachelor's degree,Very likely,Lisa Murkowski (Registered Republican)|Kelly C. Tshibaka (Registered Republican)|Patricia R. Chesbro (Registered Democrat)|Buzz A. Kelley (Registered Republican)
252,2,3,1,4,2314,0,66,Female,White,Independent,Some college but no degree,Very unlikely,Lisa Murkowski (Registered Republican)|Patricia R. Chesbro (Registered Democrat)|Buzz A. Kelley (Registered Republican)|Kelly C. Tshibaka (Registered Republican)
253,1,3,4,2,1342,0,30,Female,Latino or Hispanic,Independent,High school diploma or equivalent,Unlikely,Patricia R. Chesbro (Registered Democrat)|Kelly C. Tshibaka (Registered Republican)|Buzz A. Kelley (Registered Republican)|Lisa Murkowski (Registered Republican)
254,1,3,2,4,1324,0,57,Female,White,Independent,Bachelor's degree,Very likely,Buzz A. Kelley (Registered Republican)|Lisa Murkowski (Registered Republican)|Kelly C. Tshibaka (Registered Republican)|Patricia R. Chesbro (Registered Democrat)
255,4,2,3,1,4231,0,48,Female,White,Republican,Bachelor's degree,Very likely,Kelly C. Tshibaka (Registered Republican)|Buzz A. Kelley (Registered Republican)|Lisa Murkowski (Registered Republican)|Patricia R. Chesbro (Registered Democrat)
256,2,3,4,1,2341,0,39,Female,Other,Republican,High school diploma or equivalent,Likely,Patricia R. Chesbro (Registered Democrat)|Buzz A. Kelley (Registered Republican)|Lisa Murkowski (Registered Republican)|Kelly C. Tshibaka (Registered Republican)
257,2,3,1,4,2314,0,61,Female,American Indian and Alaska Native,Independent,Some college but no degree,Very likely,Patricia R. Chesbro (Registered Democrat)|Buzz A. Kelley (Registered Republican)|Kelly C. Tshibaka (Registered Republican)|Lisa Murkowski (Registered Republican)
258,3,1,4,2,3142,0,20,Prefer not to tell,American Indian and Alaska Native,Independent,Prefer not to say,Likely,Lisa Murkowski (Registered Republican)|Kelly C. Tshibaka (Registered Republican)|Patricia R. Chesbro (Registered Democrat)|Buzz A. Kelley (Registered Republican)
259,2,3,1,4,2314,0,42,Female,White,Democrat,Associate degree,Very likely,Lisa Murkowski (Registered Republican)|Kelly C. Tshibaka (Registered Republican)|Patricia R. Chesbro (Registered Democrat)|Buzz A. Kelley (Registered Republican)
260,4,2,3,1,4231,0,65,Female,White,Republican,Some college but no degree,Very likely,Lisa Murkowski (Registered Republican)|Buzz A. Kelley (Registered Republican)|Patricia R. Chesbro (Registered Democrat)|Kelly C. Tshibaka (Registered Republican)
261,2,3,4,1,2341,0,44,Female,White,Republican,Some college but no degree,Very likely,Kelly C. Tshibaka (Registered Republican)|Patricia R. Chesbro (Registered Democrat)|Buzz A. Kelley (Registered Republican)|Lisa Murkowski (Registered Republican)
262,2,1,4,3,2143,0,54,Female,White,Republican,Some college but no degree,Likely,Kelly C. Tshibaka (Registered Republican)|Lisa Murkowski (Registered Republican)|Patricia R. Chesbro (Registered Democrat)|Buzz A. Kelley (Registered Republican)
263,2,3,4,1,2341,0,57,Female,White,Independent,High school diploma or equivalent,Very likely,Kelly C. Tshibaka (Registered Republican)|Buzz A. Kelley (Registered Republican)|Patricia R. Chesbro (Registered Democrat)|Lisa Murkowski (Registered Republican)
264,2,3,1,4,2314,0,60,Female,American Indian and Alaska Native,Independent,Some college but no degree,Very likely,Lisa Murkowski (Registered Republican)|Patricia R. Chesbro (Registered Democrat)|Buzz A. Kelley (Registered Republican)|Kelly C. Tshibaka (Registered Republican)
265,3,2,4,1,3241,0,42,Female,American Indian and Alaska Native,Democrat,Some college but no degree,Very unlikely,Kelly C. Tshibaka (Registered Republican)|Buzz A. Kelley (Registered Republican)|Lisa Murkowski (Registered Republican)|Patricia R. Chesbro (Registered Democrat)
266,1,2,3,4,1234,0,74,Female,White,Independent,Some college but no degree,Very likely,Patricia R. Chesbro (Registered Democrat)|Buzz A. Kelley (Registered Republican)|Kelly C. Tshibaka (Registered Republican)|Lisa Murkowski (Registered Republican)
267,4,1,3,2,4132,0,24,Female,White,Republican,Bachelor's degree,I already voted using Vote-by-Mail,Buzz A. Kelley (Registered Republican)|Patricia R. Chesbro (Registered Democrat)|Kelly C. Tshibaka (Registered Republican)|Lisa Murkowski (Registered Republican)
268,2,1,4,3,2143,0,42,Female,White,Independent,Associate degree,Very likely,Lisa Murkowski (Registered Republican)|Patricia R. Chesbro (Registered Democrat)|Buzz A. Kelley (Registered Republican)|Kelly C. Tshibaka (Registered Republican)
269,4,3,1,2,4312,0,46,Female,White,Republican,Some college but no degree,Very likely,Lisa Murkowski (Registered Republican)|Patricia R. Chesbro (Registered Democrat)|Kelly C. Tshibaka (Registered Republican)|Buzz A. Kelley (Registered Republican)
270,4,2,3,1,4231,0,54,Female,White,Republican,Bachelor's degree,Very likely,Patricia R. Chesbro (Registered Democrat)|Lisa Murkowski (Registered Republican)|Buzz A. Kelley (Registered Republican)|Kelly C. Tshibaka (Registered Republican)
271,2,4,1,3,2413,0,54,Female,White,Independent,Master's degree,Very likely,Kelly C. Tshibaka (Registered Republican)|Buzz A. Kelley (Registered Republican)|Patricia R. Chesbro (Registered Democrat)|Lisa Murkowski (Registered Republican)
272,1,3,2,4,1324,0,65,Female,White,Democrat,Master's degree,Very likely,Lisa Murkowski (Registered Republican)|Patricia R. Chesbro (Registered Democrat)|Kelly C. Tshibaka (Registered Republican)|Buzz A. Kelley (Registered Republican)
273,1,4,2,3,1423,0,26,Female,Asian and Pacific Islanders,Democrat,Associate degree,Very likely,Patricia R. Chesbro (Registered Democrat)|Buzz A. Kelley (Registered Republican)|Lisa Murkowski (Registered Republican)|Kelly C. Tshibaka (Registered Republican)
274,1,4,2,3,1423,0,25,Female,American Indian and Alaska Native,Democrat,High school diploma or equivalent,Likely,Kelly C. Tshibaka (Registered Republican)|Lisa Murkowski (Registered Republican)|Buzz A. Kelley (Registered Republican)|Patricia R. Chesbro (Registered Democrat)
275,4,1,3,2,4132,0,38,Female,White,Republican,High school diploma or equivalent,Unlikely,Buzz A. Kelley (Registered Republican)|Kelly C. Tshibaka (Registered Republican)|Patricia R. Chesbro (Registered Democrat)|Lisa Murkowski (Registered Republican)
276,1,3,2,4,1324,0,40,Female,White,Democrat,Master's degree,Very likely,Buzz A. Kelley (Registered Republican)|Patricia R. Chesbro (Registered Democrat)|Kelly C. Tshibaka (Registered Republican)|Lisa Murkowski (Registered Republican)
277,3,2,1,4,3214,0,20,Male,Latino or Hispanic,Democrat,Some college but no degree,Very likely,Lisa Murkowski (Registered Republican)|Buzz A. Kelley (Registered Republican)|Patricia R. Chesbro (Registered Democrat)|Kelly C. Tshibaka (Registered Republican)
278,1,4,2,3,1423,0,34,Female,Black or African American,Independent,Some college but no degree,Likely,Kelly C. Tshibaka (Registered Republican)|Lisa Murkowski (Registered Republican)|Buzz A. Kelley (Registered Republican)|Patricia R. Chesbro (Registered Democrat)
279,1,3,2,4,1324,0,44,Female,White,Independent,Some college but no degree,Likely,Kelly C. Tshibaka (Registered Republican)|Buzz A. Kelley (Registered Republican)|Lisa Murkowski (Registered Republican)|Patricia R. Chesbro (Registered Democrat)
280,1,4,2,3,1423,0,40,Male,American Indian and Alaska Native,Democrat,Some college but no degree,Very likely,Patricia R. Chesbro (Registered Democrat)|Buzz A. Kelley (Registered Republican)|Kelly C. Tshibaka (Registered Republican)|Lisa Murkowski (Registered Republican)
281,1,4,3,2,1432,0,33,Male,White,Democrat,Master's degree,Very likely,Patricia R. Chesbro (Registered Democrat)|Lisa Murkowski (Registered Republican)|Buzz A. Kelley (Registered Republican)|Kelly C. Tshibaka (Registered Republican)
282,4,3,2,1,4321,0,19,Male,White,Republican,Some college but no degree,Likely,Lisa Murkowski (Registered Republican)|Buzz A. Kelley (Registered Republican)|Kelly C. Tshibaka (Registered Republican)|Patricia R. Chesbro (Registered Democrat)
283,4,2,3,1,4231,0,64,Female,White,Independent,Associate degree,Very likely,Patricia R. Chesbro (Registered Democrat)|Buzz A. Kelley (Registered Republican)|Kelly C. Tshibaka (Registered Republican)|Lisa Murkowski (Registered Republican)
284,3,1,4,2,3142,0,20,Female,White,Independent,High school diploma or equivalent,Likely,Patricia R. Chesbro (Registered Democrat)|Kelly C. Tshibaka (Registered Republican)|Lisa Murkowski (Registered Republican)|Buzz A. Kelley (Registered Republican)
285,3,4,1,2,3412,0,39,Female,White,Independent,Less than high school diploma,Very unlikely,Patricia R. Chesbro (Registered Democrat)|Buzz A. Kelley (Registered Republican)|Lisa Murkowski (Registered Republican)|Kelly C. Tshibaka (Registered Republican)
286,4,1,3,2,4132,0,42,Female,White,Republican,Bachelor's degree,I already voted using in-person Early Voting,Buzz A. Kelley (Registered Republican)|Patricia R. Chesbro (Registered Democrat)|Kelly C. Tshibaka (Registered Republican)|Lisa Murkowski (Registered Republican)
287,3,1,4,2,3142,0,67,Female,White,Independent,Professional school degree,Very likely,Kelly C. Tshibaka (Registered Republican)|Lisa Murkowski (Registered Republican)|Buzz A. Kelley (Registered Republican)|Patricia R. Chesbro (Registered Democrat)
288,3,2,4,1,3241,0,41,Female,White,Republican,Bachelor's degree,Very likely,Buzz A. Kelley (Registered Republican)|Kelly C. Tshibaka (Registered Republican)|Patricia R. Chesbro (Registered Democrat)|Lisa Murkowski (Registered Republican)
289,1,3,2,4,1324,0,27,Female,American Indian and Alaska Native,Independent,High school diploma or equivalent,Unlikely,Patricia R. Chesbro (Registered Democrat)|Kelly C. Tshibaka (Registered Republican)|Lisa Murkowski (Registered Republican)|Buzz A. Kelley (Registered Republican)
290,4,2,3,1,4231,0,65,Female,White,Republican,Associate degree,Very likely,Kelly C. Tshibaka (Registered Republican)|Lisa Murkowski (Registered Republican)|Patricia R. Chesbro (Registered Democrat)|Buzz A. Kelley (Registered Republican)
291,2,3,1,4,2314,0,36,Female,Black or African American,Independent,High school diploma or equivalent,Likely,Kelly C. Tshibaka (Registered Republican)|Lisa Murkowski (Registered Republican)|Buzz A. Kelley (Registered Republican)|Patricia R. Chesbro (Registered Democrat)
292,1,3,2,4,1324,0,33,Female,White,Independent,Master's degree,Very likely,Kelly C. Tshibaka (Registered Republican)|Patricia R. Chesbro (Registered Democrat)|Lisa Murkowski (Registered Republican)|Buzz A. Kelley (Registered Republican)
293,3,1,2,4,3124,0,28,Female,Asian and Pacific Islanders,Republican,Bachelor's degree,Likely,Buzz A. Kelley (Registered Republican)|Lisa Murkowski (Registered Republican)|Patricia R. Chesbro (Registered Democrat)|Kelly C. Tshibaka (Registered Republican)
294,2,1,4,3,2143,0,36,Female,White,Independent,High school diploma or equivalent,Very unlikely,Buzz A. Kelley (Registered Republican)|Patricia R. Chesbro (Registered Democrat)|Kelly C. Tshibaka (Registered Republican)|Lisa Murkowski (Registered Republican)
295,3,2,4,1,3241,0,35,Female,White,Independent,Doctorate degree,Very likely,Lisa Murkowski (Registered Republican)|Buzz A. Kelley (Registered Republican)|Kelly C. Tshibaka (Registered Republican)|Patricia R. Chesbro (Registered Democrat)
296,2,3,4,1,2341,0,57,Female,White,Independent,High school diploma or equivalent,Very likely,Patricia R. Chesbro (Registered Democrat)|Lisa Murkowski (Registered Republican)|Buzz A. Kelley (Registered Republican)|Kelly C. Tshibaka (Registered Republican)
297,1,2,4,3,1243,0,18,Female,Black or African American,Republican,High school diploma or equivalent,Likely,Patricia R. Chesbro (Registered Democrat)|Kelly C. Tshibaka (Registered Republican)|Lisa Murkowski (Registered Republican)|Buzz A. Kelley (Registered Republican)
298,3,2,1,4,3214,0,31,Female,White,Democrat,High school diploma or equivalent,Very likely,Kelly C. Tshibaka (Registered Republican)|Lisa Murkowski (Registered Republican)|Buzz A. Kelley (Registered Republican)|Patricia R. Chesbro (Registered Democrat)
299,1,3,4,2,1342,0,41,Male,White,Democrat,Bachelor's degree,Very likely,Lisa Murkowski (Registered Republican)|Buzz A. Kelley (Registered Republican)|Patricia R. Chesbro (Registered Democrat)|Kelly C. Tshibaka (Registered Republican)
300,1,3,2,4,1324,0,32,Female,White,Independent,Bachelor's degree,Very likely,Kelly C. Tshibaka (Registered Republican)|Buzz A. Kelley (Registered Republican)|Patricia R. Chesbro (Registered Democrat)|Lisa Murkowski (Registered Republican)
301,2,3,1,4,2314,0,64,Female,White,Democrat,Bachelor's degree,I already voted using Vote-by-Mail,Buzz A. Kelley (Registered Republican)|Lisa Murkowski (Registered Republican)|Patricia R. Chesbro (Registered Democrat)|Kelly C. Tshibaka (Registered Republican)
302,2,4,1,3,2413,0,37,Male,American Indian and Alaska Native,Independent,High school diploma or equivalent,Very likely,Buzz A. Kelley (Registered Republican)|Lisa Murkowski (Registered Republican)|Patricia R. Chesbro (Registered Democrat)|Kelly C. Tshibaka (Registered Republican)
303,3,4,1,2,3412,0,23,Male,Black or African American,Democrat,High school diploma or equivalent,Very likely,Buzz A. Kelley (Registered Republican)|Kelly C. Tshibaka (Registered Republican)|Patricia R. Chesbro (Registered Democrat)|Lisa Murkowski (Registered Republican)
304,2,3,1,4,2314,0,75,Male,White,Democrat,Bachelor's degree,Very likely,Lisa Murkowski (Registered Republican)|Kelly C. Tshibaka (Registered Republican)|Patricia R. Chesbro (Registered Democrat)|Buzz A. Kelley (Registered Republican)
305,1,2,4,3,1243,0,60,Female,Other,Other Party,Less than high school diploma,Very unlikely,Kelly C. Tshibaka (Registered Republican)|Buzz A. Kelley (Registered Republican)|Lisa Murkowski (Registered Republican)|Patricia R. Chesbro (Registered Democrat)
306,4,3,2,1,4321,0,31,Male,White,Republican,Associate degree,Very unlikely,Kelly C. Tshibaka (Registered Republican)|Lisa Murkowski (Registered Republican)|Buzz A. Kelley (Registered Republican)|Patricia R. Chesbro (Registered Democrat)
307,2,1,4,3,2143,0,29,Female,American Indian and Alaska Native,Independent,High school diploma or equivalent,Very unlikely,Patricia R. Chesbro (Registered Democrat)|Kelly C. Tshibaka (Registered Republican)|Buzz A. Kelley (Registered Republican)|Lisa Murkowski (Registered Republican)
308,1,4,3,2,1432,0,35,Female,Asian and Pacific Islanders,Republican,High school diploma or equivalent,Very unlikely,Patricia R. Chesbro (Registered Democrat)|Kelly C. Tshibaka (Registered Republican)|Lisa Murkowski (Registered Republican)|Buzz A. Kelley (Registered Republican)
309,3,2,1,4,3214,0,65,Male,White,Independent,Associate degree,Very likely,Kelly C. Tshibaka (Registered Republican)|Lisa Murkowski (Registered Republican)|Patricia R. Chesbro (Registered Democrat)|Buzz A. Kelley (Registered Republican)
310,1,4,2,3,1423,0,39,Male,White,Democrat,Master's degree,Very likely,Patricia R. Chesbro (Registered Democrat)|Kelly C. Tshibaka (Registered Republican)|Buzz A. Kelley (Registered Republican)|Lisa Murkowski (Registered Republican)
311,4,2,3,1,4231,0,76,Male,American Indian and Alaska Native,Republican,Associate degree,Very likely,Lisa Murkowski (Registered Republican)|Buzz A. Kelley (Registered Republican)|Kelly C. Tshibaka (Registered Republican)|Patricia R. Chesbro (Registered Democrat)
312,2,3,4,1,2341,0,30,Male,White,Republican,High school diploma or equivalent,Likely,Kelly C. Tshibaka (Registered Republican)|Patricia R. Chesbro (Registered Democrat)|Lisa Murkowski (Registered Republican)|Buzz A. Kelley (Registered Republican)
313,4,2,3,1,4231,0,40,Female,White,Republican,Bachelor's degree,Very likely,Kelly C. Tshibaka (Registered Republican)|Lisa Murkowski (Registered Republican)|Buzz A. Kelley (Registered Republican)|Patricia R. Chesbro (Registered Democrat)
314,4,3,2,1,4321,0,21,Female,Other,Republican,Prefer not to say,Very likely,Patricia R. Chesbro (Registered Democrat)|Lisa Murkowski (Registered Republican)|Kelly C. Tshibaka (Registered Republican)|Buzz A. Kelley (Registered Republican)
315,3,2,4,1,3241,0,55,Male,White,Independent,Some college but no degree,Very likely,Lisa Murkowski (Registered Republican)|Patricia R. Chesbro (Registered Democrat)|Buzz A. Kelley (Registered Republican)|Kelly C. Tshibaka (Registered Republican)
316,1,4,3,2,1432,0,22,Male,Latino or Hispanic,Independent,Some college but no degree,Likely,Kelly C. Tshibaka (Registered Republican)|Patricia R. Chesbro (Registered Democrat)|Buzz A. Kelley (Registered Republican)|Lisa Murkowski (Registered Republican)
317,4,3,2,1,4321,0,69,Male,White,Independent,Some college but no degree,Very unlikely,Kelly C. Tshibaka (Registered Republican)|Patricia R. Chesbro (Registered Democrat)|Lisa Murkowski (Registered Republican)|Buzz A. Kelley (Registered Republican)
318,4,3,1,2,4312,0,23,Female,American Indian and Alaska Native,Other Party,High school diploma or equivalent,Likely,Kelly C. Tshibaka (Registered Republican)|Lisa Murkowski (Registered Republican)|Buzz A. Kelley (Registered Republican)|Patricia R. Chesbro (Registered Democrat)
319,3,2,4,1,3241,0,24,Male,White,Republican,High school diploma or equivalent,Very likely,Patricia R. Chesbro (Registered Democrat)|Buzz A. Kelley (Registered Republican)|Lisa Murkowski (Registered Republican)|Kelly C. Tshibaka (Registered Republican)
320,2,1,4,3,2143,0,36,Male,White,Republican,Associate degree,Very unlikely,Lisa Murkowski (Registered Republican)|Kelly C. Tshibaka (Registered Republican)|Patricia R. Chesbro (Registered Democrat)|Buzz A. Kelley (Registered Republican)
321,2,3,4,1,2341,0,47,Female,White,Independent,Bachelor's degree,Very likely,Kelly C. Tshibaka (Registered Republican)|Buzz A. Kelley (Registered Republican)|Lisa Murkowski (Registered Republican)|Patricia R. Chesbro (Registered Democrat)
322,3,2,4,1,3241,0,78,Female,White,Independent,Bachelor's degree,Very likely,Buzz A. Kelley (Registered Republican)|Patricia R. Chesbro (Registered Democrat)|Lisa Murkowski (Registered Republican)|Kelly C. Tshibaka (Registered Republican)
323,3,2,1,4,3214,0,33,Female,White,Republican,Some college but no degree,Likely,Lisa Murkowski (Registered Republican)|Patricia R. Chesbro (Registered Democrat)|Buzz A. Kelley (Registered Republican)|Kelly C. Tshibaka (Registered Republican)
324,3,2,4,1,3241,0,65,Female,White,Republican,Bachelor's degree,Very likely,Buzz A. Kelley (Registered Republican)|Patricia R. Chesbro (Registered Democrat)|Lisa Murkowski (Registered Republican)|Kelly C. Tshibaka (Registered Republican)
325,1,3,2,4,1324,0,51,Female,White,Democrat,Doctorate degree,Very likely,Lisa Murkowski (Registered Republican)|Patricia R. Chesbro (Registered Democrat)|Buzz A. Kelley (Registered Republican)|Kelly C. Tshibaka (Registered Republican)
326,1,3,2,4,1324,0,39,Male,White,Democrat,Some college but no degree,Likely,Patricia R. Chesbro (Registered Democrat)|Buzz A. Kelley (Registered Republican)|Kelly C. Tshibaka (Registered Republican)|Lisa Murkowski (Registered Republican)
327,3,2,4,1,3241,0,53,Male,White,Other Party,Master's degree,Very likely,Kelly C. Tshibaka (Registered Republican)|Patricia R. Chesbro (Registered Democrat)|Lisa Murkowski (Registered Republican)|Buzz A. Kelley (Registered Republican)
328,1,3,2,4,1324,0,49,Female,White,Independent,Master's degree,Very likely,Buzz A. Kelley (Registered Republican)|Kelly C. Tshibaka (Registered Republican)|Patricia R. Chesbro (Registered Democrat)|Lisa Murkowski (Registered Republican)
329,1,4,3,2,1432,0,40,Male,White,Democrat,Master's degree,Very likely,Buzz A. Kelley (Registered Republican)|Lisa Murkowski (Registered Republican)|Kelly C. Tshibaka (Registered Republican)|Patricia R. Chesbro (Registered Democrat)
330,3,2,4,1,3241,0,73,Female,White,Republican,Some college but no degree,Very likely,Kelly C. Tshibaka (Registered Republican)|Buzz A. Kelley (Registered Republican)|Lisa Murkowski (Registered Republican)|Patricia R. Chesbro (Registered Democrat)
331,1,4,3,2,1432,0,24,Female,Asian and Pacific Islanders,Independent,Some college but no degree,Likely,Patricia R. Chesbro (Registered Democrat)|Kelly C. Tshibaka (Registered Republican)|Lisa Murkowski (Registered Republican)|Buzz A. Kelley (Registered Republican)
332,1,4,3,2,1432,0,33,Male,White,Democrat,Master's degree,I already voted using Vote-by-Mail,Kelly C. Tshibaka (Registered Republican)|Patricia R. Chesbro (Registered Democrat)|Lisa Murkowski (Registered Republican)|Buzz A. Kelley (Registered Republican)
333,3,4,1,2,3412,0,71,Male,White,Independent,Some college but no degree,Very likely,Buzz A. Kelley (Registered Republican)|Patricia R. Chesbro (Registered Democrat)|Lisa Murkowski (Registered Republican)|Kelly C. Tshibaka (Registered Republican)
334,4,2,1,3,4213,0,65,Female,White,Republican,Some college but no degree,Unlikely,Patricia R. Chesbro (Registered Democrat)|Buzz A. Kelley (Registered Republican)|Kelly C. Tshibaka (Registered Republican)|Lisa Murkowski (Registered Republican)
335,1,3,2,4,1324,0,51,Male,White,Democrat,Doctorate degree,Unlikely,Lisa Murkowski (Registered Republican)|Patricia R. Chesbro (Registered Democrat)|Kelly C. Tshibaka (Registered Republican)|Buzz A. Kelley (Registered Republican)
336,3,2,4,1,3241,0,35,Male,Black or African American,Democrat,Doctorate degree,I already voted using in-person Early Voting,Lisa Murkowski (Registered Republican)|Patricia R. Chesbro (Registered Democrat)|Buzz A. Kelley (Registered Republican)|Kelly C. Tshibaka (Registered Republican)
337,3,4,1,2,3412,0,38,Male,White,Democrat,Master's degree,I already voted using Vote-by-Mail,Lisa Murkowski (Registered Republican)|Kelly C. Tshibaka (Registered Republican)|Patricia R. Chesbro (Registered Democrat)|Buzz A. Kelley (Registered Republican)
338,4,3,2,1,4321,0,31,Male,White,Republican,Bachelor's degree,Very unlikely,Kelly C. Tshibaka (Registered Republican)|Lisa Murkowski (Registered Republican)|Buzz A. Kelley (Registered Republican)|Patricia R. Chesbro (Registered Democrat)
339,3,1,4,2,3142,0,30,Male,White,Republican,Bachelor's degree,Very likely,Buzz A. Kelley (Registered Republican)|Kelly C. Tshibaka (Registered Republican)|Patricia R. Chesbro (Registered Democrat)|Lisa Murkowski (Registered Republican)
340,1,4,2,3,1423,0,30,Male,White,Republican,Bachelor's degree,Very likely,Lisa Murkowski (Registered Republican)|Patricia R. Chesbro (Registered Democrat)|Kelly C. Tshibaka (Registered Republican)|Buzz A. Kelley (Registered Republican)
341,3,2,4,1,3241,0,46,Female,White,Republican,Associate degree,Very likely,Lisa Murkowski (Registered Republican)|Kelly C. Tshibaka (Registered Republican)|Buzz A. Kelley (Registered Republican)|Patricia R. Chesbro (Registered Democrat)
342,3,2,1,4,3214,0,49,Female,White,Other Party,Associate degree,Likely,Lisa Murkowski (Registered Republican)|Kelly C. Tshibaka (Registered Republican)|Buzz A. Kelley (Registered Republican)|Patricia R. Chesbro (Registered Democrat)
343,3,2,4,1,3241,0,19,Female,White,Republican,Some college but no degree,Very likely,Buzz A. Kelley (Registered Republican)|Patricia R. Chesbro (Registered Democrat)|Lisa Murkowski (Registered Republican)|Kelly C. Tshibaka (Registered Republican)
344,3,4,1,2,3412,0,39,Female,White,Independent,High school diploma or equivalent,Very unlikely,Lisa Murkowski (Registered Republican)|Kelly C. Tshibaka (Registered Republican)|Patricia R. Chesbro (Registered Democrat)|Buzz A. Kelley (Registered Republican)
345,3,2,4,1,3241,0,73,Female,White,Independent,Doctorate degree,Very likely,Buzz A. Kelley (Registered Republican)|Kelly C. Tshibaka (Registered Republican)|Lisa Murkowski (Registered Republican)|Patricia R. Chesbro (Registered Democrat)
346,3,2,1,4,3214,0,61,Female,Other,Republican,Some college but no degree,Very likely,Lisa Murkowski (Registered Republican)|Kelly C. Tshibaka (Registered Republican)|Patricia R. Chesbro (Registered Democrat)|Buzz A. Kelley (Registered Republican)
347,4,1,3,2,4132,0,38,Female,White,Independent,Associate degree,Likely,Buzz A. Kelley (Registered Republican)|Kelly C. Tshibaka (Registered Republican)|Lisa Murkowski (Registered Republican)|Patricia R. Chesbro (Registered Democrat)
348,3,2,1,4,3214,0,70,Female,Asian and Pacific Islanders,Democrat,High school diploma or equivalent,Very unlikely,Buzz A. Kelley (Registered Republican)|Lisa Murkowski (Registered Republican)|Kelly C. Tshibaka (Registered Republican)|Patricia R. Chesbro (Registered Democrat)
349,4,2,3,1,4231,0,73,Female,Other,Republican,Some college but no degree,Very likely,Buzz A. Kelley (Registered Republican)|Patricia R. Chesbro (Registered Democrat)|Lisa Murkowski (Registered Republican)|Kelly C. Tshibaka (Registered Republican)
350,2,3,1,4,2314,0,50,Female,White,Democrat,Master's degree,Very likely,Patricia R. Chesbro (Registered Democrat)|Lisa Murkowski (Registered Republican)|Kelly C. Tshibaka (Registered Republican)|Buzz A. Kelley (Registered Republican)
351,3,2,4,1,3241,0,74,Female,White,Independent,Master's degree,Very unlikely,Patricia R. Chesbro (Registered Democrat)|Lisa Murkowski (Registered Republican)|Kelly C. Tshibaka (Registered Republican)|Buzz A. Kelley (Registered Republican)
352,2,3,1,4,2314,0,58,Female,American Indian and Alaska Native,Independent,Associate degree,Very likely,Lisa Murkowski (Registered Republican)|Buzz A. Kelley (Registered Republican)|Kelly C. Tshibaka (Registered Republican)|Patricia R. Chesbro (Registered Democrat)
353,2,1,4,3,2143,0,36,Female,American Indian and Alaska Native,Democrat,High school diploma or equivalent,Very likely,Buzz A. Kelley (Registered Republican)|Lisa Murkowski (Registered Republican)|Patricia R. Chesbro (Registered Democrat)|Kelly C. Tshibaka (Registered Republican)
354,2,4,1,3,2413,0,37,Prefer not to tell,American Indian and Alaska Native,Other Party,Less than high school diploma,I already voted using Vote-by-Mail,Lisa Murkowski (Registered Republican)|Buzz A. Kelley (Registered Republican)|Kelly C. Tshibaka (Registered Republican)|Patricia R. Chesbro (Registered Democrat)
