unit,clark,officers,hahn,steinberg,schubert,brown,senators,ranking,treat,county,partyid,race,ideo_rating,education,work_for_law
1,1,7,6,2,5,3,4,1762534,0,orange,3,4,NA,5,0
2,7,6,5,4,3,2,1,7654321,1,sacramento,3,1,5,3,0
3,7,6,5,3,4,1,2,7653412,0,riverside,1,1,7,3,0
4,7,6,5,1,4,3,2,7651432,1,sacramento,3,1,4,3,0
5,5,3,1,2,4,6,7,5312467,0,riverside,2,1,NA,3,1
6,7,1,6,4,5,3,2,7164532,0,los angeles,4,2,NA,2,0
7,6,7,5,3,4,2,1,6753421,1,sacramento,2,1,2,5,0
8,7,4,3,5,6,2,1,7435621,1,sacramento,2,1,5,4,0
9,6,7,5,4,2,3,1,6754231,0,orange,2,3,4,2,0
10,7,6,5,3,4,2,1,7653421,1,sacramento,2,1,3,5,1
11,1,7,6,3,5,4,2,1763542,0,orange,3,1,NA,3,0
12,6,7,5,3,4,1,2,6753412,0,sacramento,2,1,2,4,1
13,6,7,5,3,4,2,1,6753421,0,sacramento,2,2,3,4,0
14,3,4,2,6,1,7,5,3426175,1,sacramento,1,1,6,5,0
15,1,7,6,4,5,3,2,1764532,1,sacramento,2,2,1,5,0
16,7,6,5,2,4,1,3,7652413,0,los angeles,2,1,NA,2,0
17,7,6,5,4,1,3,2,7654132,0,orange,1,1,4,5,0
18,7,1,2,4,3,6,5,7124365,1,sacramento,1,1,7,3,0
19,6,7,5,3,4,1,2,6753412,1,sacramento,2,1,1,3,0
20,1,6,3,5,7,4,2,1635742,1,sacramento,NA,NA,NA,NA,NA
21,7,6,5,4,3,2,1,7654321,1,sacramento,2,1,2,4,0
22,6,7,2,5,4,3,1,6725431,1,sacramento,3,5,4,3,0
23,7,6,5,2,4,3,1,7652431,1,los angeles,2,1,4,2,0
24,6,7,5,4,3,1,2,6754312,0,los angeles,2,1,2,4,0
25,1,5,3,4,2,7,6,1534276,0,riverside,1,1,7,4,0
26,7,5,2,6,4,3,1,7526431,1,sacramento,1,1,6,4,0
27,1,7,6,4,5,2,3,1764523,0,orange,2,1,2,3,0
28,1,7,6,3,5,2,4,1763524,1,riverside,2,3,1,3,0
29,1,7,6,3,4,5,2,1763452,0,riverside,2,3,NA,3,0
30,7,6,5,3,4,1,2,7653412,1,riverside,1,1,5,2,0
31,3,5,2,7,4,1,6,3527416,1,orange,NA,NA,NA,NA,NA
32,NA,NA,NA,NA,NA,NA,NA,-------,0,los angeles,NA,NA,NA,NA,NA
33,7,6,5,3,4,1,2,7653412,0,riverside,2,1,1,3,0
34,6,7,5,4,2,1,3,6754213,0,sacramento,2,1,4,2,0
35,1,7,5,4,6,3,2,1754632,0,los angeles,NA,NA,NA,NA,NA
36,6,7,4,3,1,2,5,6743125,1,sacramento,3,1,6,2,0
37,6,7,3,4,5,1,2,6734512,0,orange,2,1,2,4,0
38,NA,NA,NA,NA,NA,NA,NA,-------,0,orange,NA,NA,NA,NA,NA
39,7,6,5,4,3,2,1,7654321,1,sacramento,3,1,5,4,0
40,7,6,5,3,4,1,2,7653412,1,sacramento,2,5,2,3,1
41,7,6,5,3,4,1,2,7653412,1,sacramento,1,1,6,5,0
42,1,7,2,3,6,5,4,1723654,1,los angeles,2,1,5,3,0
43,1,7,4,3,6,2,5,1743625,1,sacramento,NA,NA,NA,NA,NA
44,6,1,4,5,2,3,7,6145237,1,orange,2,1,2,3,0
45,6,7,5,3,4,1,2,6753412,0,sacramento,2,1,2,5,0
46,1,7,3,4,2,6,5,1734265,1,los angeles,3,2,NA,2,0
47,NA,NA,NA,NA,NA,NA,NA,-------,1,sacramento,NA,NA,NA,NA,NA
48,7,6,5,3,4,1,2,7653412,0,orange,1,1,NA,2,0
49,1,7,5,2,6,4,3,1752643,0,sacramento,2,1,4,3,0
50,7,6,5,4,3,2,1,7654321,1,sacramento,1,1,6,3,0
51,7,6,5,3,4,2,1,7653421,1,los angeles,2,1,2,5,0
52,7,6,5,3,4,2,1,7653421,0,sacramento,1,1,4,5,0
53,2,7,6,4,5,1,3,2764513,0,los angeles,2,3,4,3,0
54,1,7,6,5,4,3,2,1765432,1,riverside,1,1,6,4,0
55,6,7,5,4,3,2,1,6754321,0,los angeles,2,1,4,3,0
56,6,1,3,4,5,7,2,6134572,0,sacramento,NA,NA,NA,NA,NA
57,7,6,5,4,3,2,1,7654321,0,los angeles,2,1,2,3,1
58,7,6,2,3,5,1,4,7623514,0,sacramento,1,4,4,5,0
59,4,3,6,7,5,1,2,4367512,1,los angeles,4,1,NA,3,0
60,7,1,2,4,3,6,5,7124365,1,orange,1,5,7,5,1
61,6,7,5,3,4,2,1,6753421,1,orange,2,1,3,4,0
62,1,5,7,6,4,3,2,1576432,1,orange,2,3,4,3,1
63,7,6,5,3,4,2,1,7653421,0,sacramento,3,1,4,5,0
64,7,6,5,3,4,2,1,7653421,0,sacramento,2,1,4,4,0
65,1,7,6,3,4,2,5,1763425,0,orange,2,1,2,3,0
66,7,6,2,4,1,3,5,7624135,1,sacramento,1,4,5,4,0
67,1,7,6,4,5,3,2,1764532,1,riverside,2,2,4,5,0
68,7,1,2,3,4,5,6,7123456,1,sacramento,2,1,4,2,0
69,7,5,6,2,1,4,3,7562143,1,orange,2,1,4,3,0
70,NA,NA,NA,NA,NA,NA,NA,-------,0,riverside,NA,NA,NA,NA,NA
71,6,7,5,1,4,3,2,6751432,1,orange,2,3,1,3,0
72,NA,NA,NA,NA,NA,NA,NA,-------,1,riverside,NA,NA,NA,NA,NA
73,3,7,6,4,2,5,1,3764251,0,riverside,2,1,4,2,0
74,1,7,5,4,6,3,2,1754632,0,riverside,3,1,4,5,0
75,7,6,5,3,4,2,1,7653421,1,sacramento,1,1,5,5,0
76,5,7,6,4,3,2,1,5764321,1,orange,2,4,4,4,1
77,NA,NA,NA,NA,NA,NA,NA,-------,1,riverside,NA,NA,NA,NA,NA
78,7,3,5,4,6,2,1,7354621,0,riverside,1,3,5,3,0
79,1,7,5,3,6,4,2,1753642,0,sacramento,2,1,4,2,0
80,7,6,5,4,3,1,2,7654312,1,riverside,1,1,4,2,0
81,6,7,5,4,2,3,1,6754231,1,sacramento,2,3,1,4,0
82,1,7,6,5,4,2,3,1765423,0,los angeles,2,2,NA,3,0
83,5,7,6,3,4,2,1,5763421,0,sacramento,2,1,3,3,0
84,2,7,5,3,1,4,6,2753146,1,riverside,1,1,6,3,0
85,5,6,7,3,4,1,2,5673412,1,los angeles,3,1,4,3,0
86,1,7,2,5,3,4,6,1725346,1,los angeles,3,1,NA,2,0
87,7,6,5,3,4,2,1,7653421,1,sacramento,2,4,4,5,0
88,7,2,5,1,6,3,4,7251634,1,orange,1,3,5,2,0
89,7,1,6,5,2,4,3,7165243,1,riverside,2,1,NA,3,0
90,6,7,5,4,3,2,1,6754321,1,orange,4,4,NA,3,0
91,6,7,3,4,2,5,1,6734251,1,riverside,NA,NA,NA,NA,NA
92,1,7,6,3,2,5,4,1763254,0,riverside,3,1,NA,3,0
93,6,7,5,3,4,2,1,6753421,0,sacramento,2,4,2,5,0
94,7,4,6,5,3,2,1,7465321,1,riverside,2,2,5,2,0
95,7,6,5,4,3,2,1,7654321,1,sacramento,2,1,3,3,1
96,1,4,6,3,5,7,2,1463572,0,riverside,3,4,NA,3,0
97,6,7,3,5,1,4,2,6735142,0,sacramento,3,1,NA,3,0
98,4,7,6,5,2,3,1,4765231,0,orange,3,4,4,3,0
99,1,7,5,4,6,3,2,1754632,1,sacramento,2,1,2,4,0
100,2,7,6,3,5,4,1,2763541,0,sacramento,1,1,2,2,0
101,6,7,5,1,2,4,3,6751243,0,sacramento,2,1,1,4,0
102,7,6,5,3,4,2,1,7653421,1,sacramento,2,1,3,2,0
103,7,6,5,3,4,2,1,7653421,1,sacramento,2,1,5,3,0
104,4,7,6,5,1,3,2,4765132,0,riverside,2,3,3,3,0
105,7,6,5,4,1,3,2,7654132,0,sacramento,1,1,5,5,1
106,5,2,3,1,4,6,7,5231467,1,orange,4,1,NA,4,1
107,5,4,1,2,3,6,7,5412367,0,riverside,1,1,4,3,1
108,NA,NA,NA,NA,NA,NA,NA,-------,1,sacramento,NA,NA,NA,NA,NA
109,NA,NA,NA,NA,NA,NA,NA,-------,0,orange,4,4,NA,5,0
110,6,7,5,2,4,1,3,6752413,0,riverside,1,4,NA,3,0
111,7,6,3,5,4,1,2,7635412,1,sacramento,2,4,3,4,1
112,2,7,6,4,3,5,1,2764351,0,riverside,2,1,1,2,0
113,7,6,5,2,4,1,3,7652413,0,sacramento,1,1,6,4,1
114,7,6,5,1,2,3,4,7651234,1,los angeles,1,1,7,3,0
115,6,7,5,3,4,2,1,6753421,1,sacramento,2,4,NA,3,0
116,6,7,5,3,4,2,1,6753421,0,sacramento,2,1,2,4,0
117,5,7,4,3,6,1,2,5743612,0,los angeles,2,3,6,3,0
118,1,7,6,5,4,2,3,1765423,1,los angeles,3,2,3,4,0
119,1,7,6,4,5,3,2,1764532,1,riverside,3,2,3,3,0
120,7,6,5,4,3,1,2,7654312,0,orange,1,1,7,4,0
121,NA,NA,NA,NA,NA,NA,NA,-------,0,los angeles,NA,NA,NA,NA,NA
122,7,1,3,6,5,2,4,7136524,1,riverside,4,1,4,3,0
123,7,6,2,5,1,3,4,7625134,1,orange,1,5,4,4,0
124,NA,NA,NA,NA,NA,NA,NA,-------,1,sacramento,NA,NA,NA,NA,NA
125,1,7,6,5,4,2,3,1765423,1,los angeles,2,3,4,2,1
126,7,6,5,3,4,2,1,7653421,1,riverside,1,1,6,4,1
127,4,7,6,3,1,5,2,4763152,0,orange,2,1,7,4,0
128,7,6,5,4,2,1,3,7654213,0,sacramento,4,1,NA,3,0
129,6,7,1,4,3,5,2,6714352,1,riverside,2,2,NA,3,0
130,2,6,3,7,4,5,1,2637451,0,los angeles,1,1,1,4,0
131,NA,NA,NA,NA,NA,NA,NA,-------,0,los angeles,NA,NA,NA,NA,NA
132,1,7,6,3,5,4,2,1763542,1,sacramento,1,3,4,2,0
133,7,1,2,3,4,5,6,7123456,1,sacramento,1,3,3,1,0
134,1,7,6,4,3,5,2,1764352,1,sacramento,2,2,NA,4,1
135,1,7,6,3,5,4,2,1763542,0,sacramento,2,2,2,3,0
136,NA,NA,NA,NA,NA,NA,NA,-------,1,sacramento,NA,NA,NA,NA,NA
137,3,7,2,1,5,6,4,3721564,1,sacramento,2,3,3,3,0
138,1,7,6,3,4,5,2,1763452,1,sacramento,2,5,6,3,0
139,3,7,6,4,5,2,1,3764521,0,los angeles,2,2,4,4,0
140,7,6,5,1,4,3,2,7651432,1,sacramento,3,1,4,3,1
141,7,4,3,1,5,6,2,7431562,0,riverside,NA,NA,NA,NA,NA
142,7,6,5,2,3,4,1,7652341,1,orange,2,1,2,5,0
143,2,7,6,5,4,3,1,2765431,0,sacramento,2,1,2,3,0
144,5,7,6,3,4,2,1,5763421,0,riverside,2,2,3,3,0
145,1,7,6,2,5,3,4,1762534,1,riverside,4,2,5,2,1
146,NA,NA,NA,NA,NA,NA,NA,-------,1,los angeles,4,5,NA,1,0
147,7,6,5,4,3,2,1,7654321,1,orange,3,1,4,5,0
148,7,6,5,4,3,1,2,7654312,1,orange,1,1,6,4,0
149,4,7,6,5,2,3,1,4765231,1,sacramento,3,4,NA,5,0
150,1,7,6,3,5,4,2,1763542,0,sacramento,3,1,2,2,0
151,7,6,2,4,1,5,3,7624153,1,riverside,1,1,4,4,0
152,3,1,4,7,5,2,6,3147526,0,riverside,1,1,1,5,1
153,6,7,5,3,4,2,1,6753421,1,sacramento,2,3,3,2,0
154,6,7,5,4,3,2,1,6754321,1,orange,2,1,2,5,0
155,1,7,6,4,5,3,2,1764532,0,sacramento,2,2,5,5,0
156,NA,NA,NA,NA,NA,NA,NA,-------,1,riverside,2,3,NA,2,0
157,7,6,5,2,1,3,4,7652134,1,los angeles,1,1,5,3,0
158,5,7,6,1,4,2,3,5761423,1,sacramento,2,1,2,4,0
159,4,2,3,1,7,6,5,4231765,1,riverside,4,2,NA,2,0
160,6,7,5,3,4,2,1,6753421,0,sacramento,2,4,2,3,0
161,1,7,6,2,3,5,4,1762354,1,sacramento,NA,NA,NA,NA,NA
162,7,6,5,3,4,2,1,7653421,1,riverside,2,1,4,5,0
163,1,4,6,3,5,2,7,1463527,1,los angeles,NA,NA,NA,NA,NA
164,7,1,2,4,3,6,5,7124365,0,riverside,1,1,7,3,1
165,1,7,6,4,5,2,3,1764523,1,sacramento,2,1,2,3,0
166,7,2,3,4,1,5,6,7234156,1,sacramento,1,1,5,4,1
167,6,7,5,3,4,1,2,6753412,1,sacramento,3,1,4,3,0
168,7,6,4,2,1,3,5,7642135,0,sacramento,1,1,NA,3,0
169,7,6,5,3,2,4,1,7653241,0,sacramento,2,1,4,2,0
170,1,7,6,3,5,4,2,1763542,0,sacramento,2,1,1,4,0
171,NA,NA,NA,NA,NA,NA,NA,-------,0,los angeles,1,4,4,2,0
172,5,7,6,4,1,3,2,5764132,0,orange,1,1,6,3,0
173,6,7,5,4,3,2,1,6754321,1,sacramento,3,1,4,4,1
174,1,7,6,4,5,2,3,1764523,0,riverside,1,1,7,2,0
175,7,1,3,4,2,5,6,7134256,1,sacramento,3,1,5,3,1
176,3,7,6,5,4,2,1,3765421,0,los angeles,2,1,2,2,0
177,1,7,6,4,5,2,3,1764523,0,riverside,2,1,1,5,0
178,7,6,5,1,2,4,3,7651243,0,sacramento,1,1,NA,3,0
179,7,2,3,4,1,6,5,7234165,0,sacramento,2,2,NA,2,0
180,NA,NA,NA,NA,NA,NA,NA,-------,0,orange,NA,NA,NA,NA,NA
181,7,2,3,6,1,4,5,7236145,1,sacramento,1,1,4,5,0
182,1,7,6,2,5,3,4,1762534,1,orange,3,4,4,3,0
183,6,7,5,4,3,2,1,6754321,1,riverside,1,1,6,3,0
184,6,7,5,1,3,2,4,6751324,0,los angeles,1,5,6,2,0
185,7,6,5,3,4,2,1,7653421,0,sacramento,2,1,2,3,1
186,1,7,6,5,3,4,2,1765342,1,sacramento,1,1,4,2,0
187,1,7,6,3,5,2,4,1763524,1,sacramento,2,4,2,4,0
188,3,7,6,2,5,1,4,3762514,1,orange,3,5,NA,3,0
189,1,7,4,6,5,2,3,1746523,1,riverside,2,3,NA,1,1
190,1,7,5,2,3,6,4,1752364,0,sacramento,1,2,6,2,0
191,7,6,5,1,4,3,2,7651432,0,orange,1,1,4,2,0
192,7,6,5,4,3,2,1,7654321,0,los angeles,2,5,4,4,0
193,4,7,6,3,5,2,1,4763521,1,sacramento,2,2,2,4,0
194,5,4,3,6,7,1,2,5436712,1,los angeles,3,3,4,3,1
195,7,6,5,1,3,4,2,7651342,0,sacramento,4,1,4,4,0
196,1,7,6,4,5,2,3,1764523,0,sacramento,2,1,4,1,0
197,2,7,6,5,4,3,1,2765431,0,los angeles,3,1,4,5,0
198,1,7,6,3,4,5,2,1763452,0,sacramento,2,3,NA,2,0
199,6,7,5,2,3,4,1,6752341,0,riverside,2,1,4,3,0
200,6,7,5,1,4,2,3,6751423,1,orange,1,1,6,3,0
201,NA,NA,NA,NA,NA,NA,NA,-------,0,los angeles,NA,NA,NA,NA,NA
202,6,7,5,3,4,2,1,6753421,0,orange,NA,NA,NA,NA,NA
203,7,2,3,1,5,4,6,7231546,0,sacramento,4,1,5,3,0
204,5,7,4,3,6,2,1,5743621,1,sacramento,1,3,6,3,0
205,3,7,1,5,4,2,6,3715426,1,sacramento,4,1,6,1,0
206,1,7,6,3,5,2,4,1763524,1,sacramento,2,2,4,3,0
207,NA,NA,NA,NA,NA,NA,NA,-------,1,riverside,1,1,7,3,0
208,6,7,5,2,3,4,1,6752341,1,los angeles,1,1,6,4,0
209,6,7,5,2,4,3,1,6752431,1,orange,1,3,7,4,0
210,1,7,6,3,5,2,4,1763524,0,sacramento,2,3,2,3,0
211,6,7,5,3,4,2,1,6753421,0,orange,2,3,3,4,1
212,7,6,5,3,4,2,1,7653421,0,orange,2,1,5,3,0
213,1,7,6,4,5,3,2,1764532,0,sacramento,2,2,1,5,0
214,7,6,5,1,4,2,3,7651423,0,riverside,3,1,4,4,0
215,1,7,6,4,3,5,2,1764352,1,orange,2,3,5,4,0
216,3,5,6,7,2,4,1,3567241,1,los angeles,2,2,NA,3,0
217,6,7,5,4,2,1,3,6754213,0,sacramento,2,4,NA,3,0
218,4,7,6,3,5,2,1,4763521,0,riverside,4,3,4,2,0
219,1,7,5,4,6,3,2,1754632,1,sacramento,2,2,3,3,0
220,7,1,2,5,4,3,6,7125436,1,sacramento,1,4,NA,2,0
221,7,6,1,3,2,5,4,7613254,1,los angeles,2,1,6,4,0
222,3,7,6,1,2,5,4,3761254,1,sacramento,2,1,4,3,0
223,5,7,6,3,1,4,2,5763142,1,los angeles,1,1,6,3,0
224,6,7,5,3,4,2,1,6753421,0,los angeles,4,1,2,3,0
225,7,6,4,5,2,1,3,7645213,1,riverside,NA,NA,NA,NA,NA
226,6,7,5,3,4,1,2,6753412,0,los angeles,2,5,3,5,0
227,1,7,6,5,4,2,3,1765423,0,orange,1,1,5,3,0
228,7,6,5,3,4,2,1,7653421,1,sacramento,1,1,4,3,0
229,1,7,6,4,2,3,5,1764235,0,sacramento,1,4,3,4,0
230,4,1,5,7,3,2,6,4157326,1,sacramento,NA,NA,NA,NA,NA
231,7,6,5,3,4,2,1,7653421,0,sacramento,2,1,2,4,0
232,2,7,6,4,5,1,3,2764513,1,sacramento,2,2,4,4,0
233,5,7,6,4,3,2,1,5764321,1,sacramento,2,1,3,3,0
234,NA,NA,NA,NA,NA,NA,NA,-------,1,orange,NA,NA,NA,NA,NA
235,7,2,4,1,6,3,5,7241635,1,riverside,2,3,4,4,0
236,7,6,5,4,3,2,1,7654321,1,sacramento,2,1,4,4,0
237,7,1,3,4,5,2,6,7134526,0,sacramento,3,1,5,3,0
238,7,6,5,4,3,2,1,7654321,1,sacramento,2,3,4,3,0
239,6,1,5,7,3,2,4,6157324,1,sacramento,2,3,1,2,1
240,1,7,6,2,5,4,3,1762543,0,riverside,2,3,3,3,0
241,4,7,6,1,2,3,5,4761235,1,orange,2,2,NA,5,0
242,7,6,5,3,4,2,1,7653421,0,sacramento,2,3,NA,3,0
243,6,7,5,3,2,4,1,6753241,1,sacramento,2,1,4,2,0
244,7,1,3,6,2,5,4,7136254,1,sacramento,1,5,7,4,0
245,6,7,4,2,1,3,5,6742135,1,los angeles,2,3,1,2,1
246,5,7,6,4,3,2,1,5764321,0,riverside,2,1,6,4,0
247,6,7,5,4,3,1,2,6754312,0,sacramento,2,1,4,4,0
248,7,6,5,3,4,2,1,7653421,1,sacramento,2,1,4,3,0
249,1,6,7,2,5,3,4,1672534,1,sacramento,2,5,NA,3,0
250,1,7,6,5,4,3,2,1765432,0,sacramento,2,1,4,3,0
251,1,7,6,4,5,2,3,1764523,1,riverside,2,3,2,2,0
252,7,6,5,1,2,4,3,7651243,1,sacramento,1,3,6,3,0
253,5,6,1,4,2,3,7,5614237,0,los angeles,2,1,5,4,1
254,1,7,6,5,4,2,3,1765423,0,riverside,2,1,2,5,0
255,NA,NA,NA,NA,NA,NA,NA,-------,1,sacramento,1,1,6,3,0
256,1,7,6,4,5,3,2,1764532,0,los angeles,4,2,1,2,0
257,4,7,6,2,5,3,1,4762531,1,sacramento,2,1,4,3,0
258,6,7,5,4,3,2,1,6754321,1,sacramento,2,1,2,4,0
259,7,6,4,2,5,1,3,7642513,0,sacramento,2,1,4,3,0
260,7,6,5,3,4,2,1,7653421,1,sacramento,2,1,2,4,0
261,7,1,5,4,6,2,3,7154623,1,riverside,4,1,NA,3,0
262,NA,NA,NA,NA,NA,NA,NA,-------,0,riverside,NA,NA,NA,NA,NA
263,4,7,5,3,6,2,1,4753621,1,sacramento,2,1,2,3,0
264,3,7,6,5,4,1,2,3765412,0,sacramento,2,1,1,4,0
265,7,6,5,3,4,2,1,7653421,0,los angeles,1,1,5,2,1
266,7,6,5,3,4,1,2,7653412,1,sacramento,2,1,4,4,1
267,6,7,5,3,4,2,1,6753421,1,los angeles,NA,NA,NA,NA,NA
268,5,6,7,3,4,2,1,5673421,1,sacramento,2,4,3,4,1
269,7,6,5,4,2,3,1,7654231,0,sacramento,2,1,2,3,0
270,1,7,6,5,4,3,2,1765432,0,riverside,2,2,4,5,0
271,6,7,5,1,4,2,3,6751423,1,sacramento,3,1,NA,3,0
272,1,7,6,4,2,5,3,1764253,1,riverside,2,1,4,3,0
273,7,6,5,3,4,2,1,7653421,0,sacramento,2,1,4,3,0
274,1,7,6,2,5,4,3,1762543,1,riverside,NA,NA,NA,NA,NA
275,7,4,5,6,1,2,3,7456123,0,riverside,1,1,6,3,0
276,1,2,7,4,6,5,3,1274653,1,orange,4,4,4,3,0
277,1,7,6,5,3,4,2,1765342,1,riverside,2,2,NA,2,0
278,4,7,6,5,1,2,3,4765123,0,orange,2,1,3,5,0
279,6,7,5,3,4,1,2,6753412,1,orange,1,1,5,3,0
280,NA,NA,NA,NA,NA,NA,NA,-------,1,riverside,1,2,NA,2,0
281,7,6,5,4,1,2,3,7654123,0,los angeles,3,1,4,1,0
282,NA,NA,NA,NA,NA,NA,NA,-------,0,sacramento,NA,NA,NA,NA,NA
283,7,6,5,2,1,3,4,7652134,1,sacramento,1,1,5,3,0
284,6,7,5,4,1,3,2,6754132,0,orange,2,2,NA,2,0
285,6,7,1,4,5,2,3,6714523,0,riverside,1,1,6,3,0
286,7,6,5,2,4,1,3,7652413,0,orange,2,1,4,2,1
287,7,4,6,2,3,5,1,7462351,0,sacramento,1,1,6,2,0
288,1,7,6,4,5,3,2,1764532,1,los angeles,2,2,NA,3,0
289,7,6,5,4,2,1,3,7654213,0,orange,1,1,5,3,0
290,NA,NA,NA,NA,NA,NA,NA,-------,1,riverside,1,1,7,4,1
291,3,7,6,5,2,4,1,3765241,0,orange,2,3,4,2,0
292,1,7,6,5,3,4,2,1765342,0,los angeles,4,3,2,2,0
293,6,7,1,4,5,3,2,6714532,0,riverside,4,1,NA,2,0
294,7,2,1,3,4,5,6,7213456,0,riverside,4,5,5,3,0
295,6,7,5,4,3,2,1,6754321,1,sacramento,NA,NA,NA,NA,NA
296,3,7,6,5,4,2,1,3765421,1,sacramento,2,1,1,4,0
297,NA,NA,NA,NA,NA,NA,NA,-------,0,sacramento,NA,NA,NA,NA,NA
298,1,7,6,5,4,2,3,1765423,0,riverside,1,1,NA,3,0
299,4,7,5,3,6,2,1,4753621,0,sacramento,NA,NA,NA,NA,NA
300,1,7,6,5,4,3,2,1765432,1,los angeles,2,4,2,2,0
301,7,6,5,3,4,2,1,7653421,0,sacramento,1,1,5,3,0
302,4,6,5,1,3,7,2,4651372,1,riverside,NA,NA,NA,NA,NA
303,1,7,5,3,6,2,4,1753624,1,sacramento,3,1,3,4,0
304,7,6,2,5,3,4,1,7625341,1,los angeles,1,2,2,2,0
305,3,7,6,2,5,1,4,3762514,0,orange,3,1,5,4,0
306,7,1,5,6,4,2,3,7156423,0,sacramento,2,1,2,3,0
307,7,6,5,4,1,2,3,7654123,1,sacramento,NA,NA,NA,NA,NA
308,1,7,6,3,5,2,4,1763524,0,los angeles,2,1,1,3,0
309,5,7,6,3,2,4,1,5763241,0,los angeles,NA,NA,NA,NA,NA
310,7,6,5,3,4,1,2,7653412,1,sacramento,1,1,5,3,0
311,1,7,6,4,3,2,5,1764325,0,sacramento,2,2,NA,3,0
312,7,6,5,4,3,1,2,7654312,0,sacramento,3,1,5,4,0
313,7,6,5,3,1,4,2,7653142,1,sacramento,3,1,4,2,0
314,6,7,5,4,3,2,1,6754321,1,sacramento,2,1,4,3,0
315,6,7,5,3,4,1,2,6753412,0,sacramento,2,1,2,3,0
316,6,7,5,4,3,2,1,6754321,0,sacramento,2,1,2,4,0
317,6,2,7,5,1,4,3,6275143,0,los angeles,2,1,2,5,1
318,4,7,6,3,5,2,1,4763521,0,los angeles,2,1,3,4,0
319,6,7,4,1,2,5,3,6741253,1,sacramento,3,1,6,3,0
320,NA,NA,NA,NA,NA,NA,NA,-------,0,sacramento,NA,NA,NA,NA,NA
321,4,7,6,2,5,3,1,4762531,0,sacramento,2,1,2,3,0
322,7,6,5,2,1,3,4,7652134,1,sacramento,NA,NA,NA,NA,NA
323,7,6,5,3,4,2,1,7653421,1,sacramento,1,1,7,4,0
324,7,6,5,4,1,2,3,7654123,1,orange,NA,NA,NA,NA,NA
325,7,5,4,2,6,1,3,7542613,1,sacramento,1,1,6,3,0
326,4,5,6,7,3,1,2,4567312,1,riverside,2,3,6,2,0
327,7,1,3,4,5,2,6,7134526,1,riverside,3,3,NA,3,0
328,1,7,2,5,6,4,3,1725643,0,orange,3,1,5,3,0
329,7,6,5,3,4,2,1,7653421,1,riverside,1,1,6,2,1
330,6,7,5,3,4,1,2,6753412,0,sacramento,2,1,3,3,0
331,1,7,6,2,4,3,5,1762435,0,sacramento,2,3,4,2,0
332,4,7,6,3,5,2,1,4763521,1,sacramento,2,1,2,5,0
333,7,6,5,2,4,1,3,7652413,0,riverside,1,1,6,5,1
334,7,5,6,4,1,3,2,7564132,1,sacramento,2,2,3,5,0
335,6,7,5,4,3,2,1,6754321,1,sacramento,2,1,4,5,0
336,NA,NA,NA,NA,NA,NA,NA,-------,0,sacramento,NA,NA,NA,NA,NA
337,7,6,5,4,1,2,3,7654123,1,sacramento,1,1,6,3,0
338,7,5,4,2,6,1,3,7542613,1,riverside,1,1,6,3,0
339,6,7,5,4,3,1,2,6754312,1,orange,2,1,3,4,0
340,7,6,5,3,4,2,1,7653421,0,riverside,4,1,3,3,0
341,7,6,5,3,4,2,1,7653421,1,sacramento,3,1,7,4,0
342,7,6,5,3,4,2,1,7653421,0,orange,1,1,6,3,0
343,7,1,2,4,3,5,6,7124356,0,sacramento,2,1,4,3,0
344,7,6,5,2,1,3,4,7652134,1,los angeles,2,1,3,3,0
345,7,4,6,2,5,3,1,7462531,0,riverside,1,1,6,3,0
346,NA,NA,NA,NA,NA,NA,NA,-------,0,sacramento,NA,NA,NA,NA,NA
347,6,7,5,3,4,1,2,6753412,0,sacramento,2,3,3,2,0
348,7,6,4,3,5,1,2,7643512,1,sacramento,2,1,NA,3,1
349,3,7,5,4,6,1,2,3754612,0,sacramento,2,1,4,3,0
350,NA,NA,NA,NA,NA,NA,NA,-------,0,sacramento,NA,NA,NA,NA,NA
351,1,7,6,4,5,3,2,1764532,0,orange,2,4,2,5,0
352,6,7,5,2,3,1,4,6752314,1,los angeles,2,3,6,4,0
353,7,6,5,3,4,2,1,7653421,1,riverside,1,1,5,3,0
354,5,2,6,7,1,4,3,5267143,0,sacramento,3,1,2,4,0
355,7,1,2,4,3,5,6,7124356,0,sacramento,2,1,3,4,0
356,5,7,6,1,4,2,3,5761423,0,los angeles,1,5,NA,3,0
357,1,7,6,2,4,5,3,1762453,0,orange,3,3,4,2,0
358,6,7,5,2,4,3,1,6752431,0,sacramento,2,2,3,3,0
359,7,6,4,3,2,1,5,7643215,1,sacramento,1,1,7,5,0
360,7,6,4,2,3,1,5,7642315,0,sacramento,1,1,7,4,0
361,1,7,6,3,4,5,2,1763452,0,sacramento,3,1,NA,2,1
362,5,7,6,4,3,2,1,5764321,1,los angeles,2,3,3,3,1
363,NA,NA,NA,NA,NA,NA,NA,-------,0,los angeles,NA,NA,NA,NA,NA
364,3,7,5,4,6,2,1,3754621,1,orange,2,4,4,1,0
365,7,6,2,3,1,4,5,7623145,1,sacramento,3,1,6,4,0
366,7,6,4,5,2,3,1,7645231,0,los angeles,2,2,5,4,0
367,6,7,5,3,4,2,1,6753421,1,orange,2,1,2,4,0
368,NA,NA,NA,NA,NA,NA,NA,-------,0,riverside,3,1,1,3,0
369,3,7,2,6,5,4,1,3726541,0,riverside,2,2,NA,1,0
370,1,6,5,3,7,2,4,1653724,1,los angeles,NA,NA,NA,NA,NA
371,6,7,5,4,3,2,1,6754321,1,sacramento,2,4,2,4,0
372,1,7,2,5,3,6,4,1725364,0,sacramento,4,1,NA,2,0
373,7,5,1,2,3,6,4,7512364,0,los angeles,1,1,6,3,0
374,6,7,4,1,2,5,3,6741253,1,orange,2,1,NA,2,0
375,7,6,4,3,5,1,2,7643512,0,orange,1,1,6,3,0
376,NA,NA,NA,NA,NA,NA,NA,-------,0,los angeles,NA,NA,NA,NA,NA
377,7,6,5,4,3,2,1,7654321,1,riverside,1,1,NA,3,0
378,1,7,5,2,3,6,4,1752364,1,sacramento,1,2,4,2,0
379,6,7,5,3,4,1,2,6753412,1,riverside,2,3,3,2,0
380,NA,NA,NA,NA,NA,NA,NA,-------,1,los angeles,NA,NA,NA,NA,NA
381,3,4,5,2,6,1,7,3452617,1,sacramento,2,1,3,1,0
382,7,6,5,4,3,2,1,7654321,1,riverside,NA,NA,NA,NA,NA
383,5,7,6,3,4,2,1,5763421,1,sacramento,1,1,NA,3,0
384,NA,NA,NA,NA,NA,NA,NA,-------,1,sacramento,NA,NA,NA,NA,NA
385,6,7,5,4,1,3,2,6754132,1,sacramento,2,2,5,4,0
386,6,7,5,3,4,2,1,6753421,1,sacramento,3,4,4,4,0
387,1,7,5,4,6,3,2,1754632,0,riverside,NA,NA,NA,NA,NA
388,5,7,6,2,4,1,3,5762413,1,orange,3,2,NA,1,0
389,1,5,7,6,3,2,4,1576324,0,orange,1,3,NA,4,0
390,5,7,4,6,3,2,1,5746321,0,sacramento,NA,NA,NA,NA,NA
391,1,2,3,4,5,6,7,1234567,1,riverside,1,3,4,3,1
392,7,6,5,1,2,3,4,7651234,1,sacramento,1,1,NA,3,0
393,6,7,5,4,3,2,1,6754321,1,orange,2,5,2,4,0
394,1,7,6,5,4,3,2,1765432,0,los angeles,NA,NA,NA,NA,NA
395,7,6,5,4,3,2,1,7654321,0,sacramento,3,1,4,4,0
396,7,6,5,4,3,1,2,7654312,0,orange,1,1,7,3,0
397,7,6,5,3,4,1,2,7653412,0,riverside,1,1,5,2,0
398,1,7,6,4,5,2,3,1764523,0,los angeles,2,1,4,5,0
399,NA,NA,NA,NA,NA,NA,NA,-------,1,riverside,NA,NA,NA,NA,NA
400,7,6,2,3,1,5,4,7623154,0,sacramento,1,1,6,3,0
401,1,7,6,4,5,2,3,1764523,1,sacramento,2,3,2,2,0
402,1,7,6,5,4,3,2,1765432,1,los angeles,2,1,2,4,0
403,5,1,2,3,4,7,6,5123476,0,riverside,2,2,2,3,0
404,5,7,6,2,1,4,3,5762143,1,riverside,4,3,6,2,1
405,7,4,1,3,5,6,2,7413562,1,riverside,2,5,NA,2,1
406,6,1,3,5,4,2,7,6135427,1,orange,1,1,6,2,0
407,7,6,2,1,3,5,4,7621354,0,los angeles,1,1,4,5,0
408,7,6,5,3,4,1,2,7653412,1,sacramento,1,1,5,4,0
409,1,7,6,4,5,3,2,1764532,0,orange,1,4,5,5,0
410,NA,NA,NA,NA,NA,NA,NA,-------,1,sacramento,4,1,6,5,0
411,4,7,6,3,5,2,1,4763521,0,los angeles,2,4,3,4,0
412,1,7,6,3,4,2,5,1763425,0,sacramento,1,2,6,4,0
413,4,7,1,2,3,6,5,4712365,0,los angeles,NA,NA,NA,NA,NA
414,NA,NA,NA,NA,NA,NA,NA,-------,0,riverside,NA,NA,NA,NA,NA
415,7,3,2,6,1,5,4,7326154,0,sacramento,NA,NA,NA,NA,NA
416,2,7,6,4,5,3,1,2764531,0,sacramento,2,3,2,2,0
417,7,6,5,3,4,2,1,7653421,0,orange,4,4,NA,3,1
418,1,7,6,4,5,3,2,1764532,1,orange,2,4,2,3,0
419,2,7,6,5,3,4,1,2765341,1,sacramento,2,2,4,4,0
420,1,5,6,3,7,4,2,1563742,1,orange,1,1,5,4,1
421,1,7,6,4,5,3,2,1764532,0,sacramento,2,2,4,1,1
422,1,7,6,4,5,3,2,1764532,1,sacramento,2,2,1,3,1
423,7,6,5,3,4,2,1,7653421,0,riverside,2,1,2,5,0
424,6,7,5,1,3,2,4,6751324,0,sacramento,1,1,4,4,0
425,2,7,6,5,1,4,3,2765143,0,los angeles,2,1,3,5,0
426,4,7,6,2,5,1,3,4762513,1,riverside,NA,NA,NA,NA,NA
427,7,1,2,6,5,3,4,7126534,1,sacramento,NA,NA,NA,NA,NA
428,7,4,1,5,2,6,3,7415263,0,orange,4,1,NA,3,0
429,7,1,2,5,3,4,6,7125346,1,riverside,1,1,6,3,0
430,1,3,6,2,5,4,7,1362547,0,orange,2,1,NA,5,0
431,5,4,7,6,2,3,1,5476231,0,sacramento,1,3,6,3,1
432,5,4,3,2,1,7,6,5432176,1,sacramento,3,1,4,3,1
433,NA,NA,NA,NA,NA,NA,NA,-------,1,orange,NA,NA,NA,NA,NA
434,7,6,5,3,4,2,1,7653421,0,sacramento,2,NA,NA,3,0
435,2,4,7,3,5,6,1,2473561,1,los angeles,2,2,6,2,1
436,7,6,1,3,2,4,5,7613245,0,riverside,1,1,6,2,0
437,7,6,5,3,4,2,1,7653421,0,los angeles,3,5,4,5,0
438,6,7,4,3,5,2,1,6743521,1,sacramento,2,1,2,3,0
439,NA,NA,NA,NA,NA,NA,NA,-------,0,los angeles,NA,NA,NA,NA,NA
440,7,6,5,3,4,2,1,7653421,0,riverside,1,3,6,3,1
441,7,6,4,5,1,2,3,7645123,1,sacramento,1,4,3,4,1
442,7,6,5,3,4,2,1,7653421,1,sacramento,2,1,1,5,0
443,3,7,6,4,2,5,1,3764251,1,orange,3,3,NA,3,0
444,3,7,6,5,4,2,1,3765421,0,los angeles,NA,NA,NA,NA,NA
445,4,7,6,3,5,2,1,4763521,1,sacramento,2,4,4,3,0
446,7,6,2,3,4,1,5,7623415,0,sacramento,1,1,6,4,0
447,7,6,5,4,3,1,2,7654312,1,sacramento,NA,NA,NA,NA,NA
448,7,6,5,3,4,2,1,7653421,1,sacramento,2,1,1,4,0
449,2,1,3,4,5,7,6,2134576,0,sacramento,2,5,2,4,1
450,7,3,1,4,2,5,6,7314256,0,los angeles,4,2,3,3,1
451,6,7,5,4,1,2,3,6754123,0,orange,2,1,2,5,0
452,7,3,2,4,1,6,5,7324165,1,riverside,NA,NA,NA,NA,NA
453,NA,NA,NA,NA,NA,NA,NA,-------,1,sacramento,1,1,7,2,0
454,NA,NA,NA,NA,NA,NA,NA,-------,1,riverside,NA,NA,NA,NA,NA
455,6,7,5,4,3,1,2,6754312,1,los angeles,2,1,2,3,0
456,6,7,5,4,1,3,2,6754132,0,sacramento,2,1,1,3,0
457,7,3,6,4,5,1,2,7364512,0,sacramento,4,1,NA,4,0
458,6,7,5,4,3,2,1,6754321,0,sacramento,2,1,NA,4,0
459,5,3,7,1,6,2,4,5371624,1,los angeles,1,1,1,2,1
460,7,3,1,2,5,4,6,7312546,1,sacramento,1,1,6,3,0
461,5,7,6,3,4,1,2,5763412,1,sacramento,2,5,2,3,0
462,5,7,6,3,4,1,2,5763412,0,orange,1,4,6,4,0
463,6,7,5,3,4,2,1,6753421,1,sacramento,1,1,6,5,0
464,2,7,6,3,5,1,4,2763514,0,orange,NA,NA,NA,NA,NA
465,5,7,6,4,3,2,1,5764321,1,los angeles,2,2,2,3,0
466,7,1,2,4,3,5,6,7124356,1,riverside,1,1,6,3,0
467,3,7,6,4,5,2,1,3764521,1,sacramento,2,4,NA,4,0
468,7,6,5,3,4,2,1,7653421,0,sacramento,3,1,4,3,0
469,7,6,5,4,2,3,1,7654231,1,sacramento,2,4,NA,4,0
470,1,3,6,2,4,5,7,1362457,1,riverside,4,1,2,2,1
471,NA,NA,NA,NA,NA,NA,NA,-------,1,riverside,NA,NA,NA,NA,NA
472,6,5,7,3,2,1,4,6573214,0,sacramento,3,3,NA,4,0
473,7,1,2,3,4,6,5,7123465,0,orange,1,3,6,3,0
474,1,2,7,3,5,6,4,1273564,0,sacramento,3,1,NA,2,0
475,7,1,2,3,4,6,5,7123465,0,sacramento,1,1,7,3,0
476,2,7,3,4,5,6,1,2734561,0,sacramento,2,4,3,4,0
477,NA,NA,NA,NA,NA,NA,NA,-------,0,sacramento,3,1,NA,2,0
478,NA,NA,NA,NA,NA,NA,NA,-------,1,sacramento,NA,NA,NA,NA,NA
479,NA,NA,NA,NA,NA,NA,NA,-------,0,orange,1,1,4,3,0
480,NA,NA,NA,NA,NA,NA,NA,-------,0,riverside,NA,NA,NA,NA,NA
481,7,1,2,4,3,6,5,7124365,1,orange,1,1,6,2,0
482,6,7,5,3,4,1,2,6753412,1,los angeles,2,1,4,4,0
483,7,6,5,3,4,2,1,7653421,0,sacramento,1,1,6,5,0
484,5,7,6,4,3,2,1,5764321,0,orange,2,4,2,3,0
485,7,6,5,2,4,1,3,7652413,1,sacramento,4,1,4,3,0
486,6,7,5,4,3,2,1,6754321,1,riverside,1,1,6,2,0
487,5,7,6,4,3,2,1,5764321,0,orange,3,3,NA,2,0
488,5,7,2,3,6,1,4,5723614,1,sacramento,1,1,5,4,0
489,7,6,2,1,3,4,5,7621345,0,sacramento,1,1,6,5,0
490,NA,NA,NA,NA,NA,NA,NA,-------,0,sacramento,2,4,4,3,0
491,NA,NA,NA,NA,NA,NA,NA,-------,0,los angeles,NA,NA,NA,NA,NA
492,NA,NA,NA,NA,NA,NA,NA,-------,1,orange,NA,NA,NA,NA,NA
493,6,7,5,3,4,2,1,6753421,0,sacramento,2,1,4,5,0
494,NA,NA,NA,NA,NA,NA,NA,-------,0,orange,NA,NA,NA,NA,NA
495,NA,NA,NA,NA,NA,NA,NA,-------,1,los angeles,NA,NA,NA,NA,NA
496,2,7,6,5,3,4,1,2765341,1,los angeles,2,1,3,3,0
497,1,7,6,4,5,2,3,1764523,0,los angeles,2,3,3,3,0
498,3,1,2,5,7,4,6,3125746,0,sacramento,2,1,2,4,1
499,7,6,3,5,2,1,4,7635214,1,sacramento,1,1,6,4,0
500,6,7,3,4,5,2,1,6734521,1,sacramento,2,4,4,4,0
501,7,5,6,4,3,2,1,7564321,0,sacramento,1,1,4,5,0
502,5,7,6,1,4,2,3,5761423,1,orange,4,1,NA,3,0
503,1,7,6,4,5,3,2,1764532,1,sacramento,2,2,4,3,0
504,1,7,6,5,4,3,2,1765432,0,orange,2,4,4,5,0
505,5,6,7,3,4,2,1,5673421,0,riverside,1,1,4,3,1
506,7,6,1,4,2,5,3,7614253,1,riverside,4,1,4,2,0
507,7,6,5,3,4,2,1,7653421,0,los angeles,2,1,4,4,0
508,7,6,5,3,4,1,2,7653412,1,los angeles,2,1,NA,3,0
509,4,5,6,3,1,7,2,4563172,1,orange,2,3,NA,2,0
510,4,7,6,5,3,2,1,4765321,0,sacramento,2,2,4,4,0
511,7,2,1,6,5,3,4,7216534,1,sacramento,2,1,4,5,0
512,1,7,6,4,5,3,2,1764532,0,sacramento,2,1,2,3,0
513,7,6,5,3,4,1,2,7653412,1,sacramento,2,1,4,5,0
514,6,7,5,3,1,2,4,6753124,0,riverside,2,1,5,3,0
515,5,7,6,3,4,2,1,5763421,0,riverside,1,3,NA,2,0
516,6,7,1,3,5,2,4,6713524,1,orange,2,1,4,2,0
517,6,7,5,3,4,2,1,6753421,0,riverside,2,4,NA,4,0
518,7,6,5,3,4,2,1,7653421,1,los angeles,2,1,4,3,0
519,5,7,6,4,3,2,1,5764321,0,los angeles,2,1,2,5,0
520,4,7,6,3,5,1,2,4763512,1,orange,NA,NA,NA,NA,NA
521,5,7,6,2,4,1,3,5762413,0,sacramento,2,1,NA,3,0
522,7,6,5,3,2,4,1,7653241,0,sacramento,2,1,NA,2,0
523,5,7,6,1,4,3,2,5761432,0,orange,1,3,7,3,0
524,NA,NA,NA,NA,NA,NA,NA,-------,1,riverside,NA,NA,NA,NA,NA
525,7,6,5,3,4,2,1,7653421,0,sacramento,2,1,4,3,0
526,4,7,6,3,5,2,1,4763521,1,riverside,4,3,3,3,0
527,1,6,4,2,3,5,7,1642357,0,los angeles,1,1,NA,2,0
528,NA,NA,NA,NA,NA,NA,NA,-------,0,sacramento,2,2,2,4,0
529,7,2,1,5,3,4,6,7215346,0,sacramento,2,1,1,3,0
530,7,6,5,4,3,2,1,7654321,1,sacramento,2,1,3,4,1
531,NA,NA,NA,NA,NA,NA,NA,-------,0,los angeles,NA,NA,NA,NA,NA
532,7,6,5,4,3,2,1,7654321,0,orange,2,1,2,3,0
533,6,7,3,5,4,2,1,6735421,1,los angeles,1,1,6,3,0
534,6,7,5,4,3,2,1,6754321,1,sacramento,2,1,4,4,0
535,6,5,2,3,1,4,7,6523147,1,riverside,4,1,6,5,0
536,1,7,2,6,5,3,4,1726534,1,orange,2,1,1,4,0
537,6,7,5,1,4,3,2,6751432,0,riverside,4,1,NA,3,0
538,6,7,5,3,4,2,1,6753421,1,sacramento,2,1,1,5,0
539,7,6,5,2,4,3,1,7652431,1,los angeles,2,4,4,5,0
540,1,2,6,3,5,4,7,1263547,0,riverside,NA,NA,NA,NA,NA
541,7,6,5,2,4,3,1,7652431,1,sacramento,4,1,NA,3,0
542,4,7,1,2,6,3,5,4712635,1,orange,2,1,7,3,0
543,6,7,5,1,4,3,2,6751432,0,sacramento,3,5,NA,3,0
544,1,7,6,4,5,3,2,1764532,1,orange,2,4,2,4,0
545,7,6,3,2,5,4,1,7632541,0,riverside,2,3,NA,3,0
546,7,2,3,6,1,5,4,7236154,0,sacramento,2,4,3,4,0
547,7,6,5,4,3,2,1,7654321,0,sacramento,3,1,NA,4,1
548,7,6,5,3,4,2,1,7653421,1,riverside,4,1,NA,3,0
549,1,7,6,2,5,3,4,1762534,0,riverside,2,2,3,2,1
550,7,6,5,3,4,2,1,7653421,0,riverside,1,3,6,2,0
551,6,7,2,4,1,3,5,6724135,0,orange,2,1,4,2,0
552,1,7,6,3,4,5,2,1763452,0,sacramento,NA,NA,NA,NA,NA
553,1,7,6,3,4,5,2,1763452,0,riverside,4,3,NA,3,0
554,7,6,5,3,4,2,1,7653421,0,sacramento,1,1,5,3,1
555,NA,NA,NA,NA,NA,NA,NA,-------,0,riverside,1,1,2,2,1
556,6,7,5,4,3,2,1,6754321,0,sacramento,1,1,5,4,0
557,7,1,4,3,2,6,5,7143265,1,los angeles,1,1,3,2,0
558,6,1,2,7,5,4,3,6127543,0,sacramento,1,1,6,3,1
559,NA,NA,NA,NA,NA,NA,NA,-------,0,sacramento,1,1,6,4,0
560,6,7,4,3,5,1,2,6743512,1,sacramento,2,1,3,4,0
561,7,1,6,5,2,4,3,7165243,1,sacramento,1,1,7,3,0
562,1,7,6,5,4,3,2,1765432,0,riverside,3,3,4,1,0
563,4,7,3,2,1,6,5,4732165,0,sacramento,1,1,6,3,0
564,7,6,5,3,4,1,2,7653412,1,sacramento,2,1,4,5,0
565,7,6,5,4,3,2,1,7654321,1,sacramento,2,1,2,5,0
566,5,7,6,1,4,3,2,5761432,0,sacramento,2,1,2,4,0
567,7,6,5,4,2,3,1,7654231,1,riverside,1,1,5,3,0
568,1,6,5,2,4,7,3,1652473,1,los angeles,2,1,4,4,0
569,1,7,6,4,3,5,2,1764352,0,sacramento,2,1,2,3,0
570,4,1,2,6,5,3,7,4126537,0,orange,3,1,2,4,0
571,7,6,5,2,1,4,3,7652143,1,sacramento,1,1,6,3,0
572,6,7,4,2,3,5,1,6742351,0,orange,1,4,6,5,1
573,2,7,6,5,4,3,1,2765431,0,los angeles,2,4,2,4,0
574,7,6,5,2,3,1,4,7652314,1,orange,1,3,6,3,0
575,5,7,6,3,4,2,1,5763421,0,sacramento,3,1,4,3,0
576,7,3,2,5,1,4,6,7325146,1,sacramento,1,3,6,5,1
577,1,7,6,5,4,3,2,1765432,0,sacramento,2,2,2,4,0
578,7,1,2,3,4,6,5,7123465,0,riverside,1,1,7,2,0
579,7,6,5,3,4,2,1,7653421,1,sacramento,4,1,5,5,0
580,1,7,2,4,5,3,6,1724536,1,orange,2,1,4,3,0
581,6,2,3,1,4,7,5,6231475,1,sacramento,2,1,2,5,1
582,2,7,6,5,3,4,1,2765341,1,sacramento,2,2,NA,3,0
583,7,6,5,3,4,2,1,7653421,0,sacramento,NA,NA,NA,NA,NA
584,6,7,5,4,3,2,1,6754321,0,sacramento,2,1,4,4,0
585,6,7,5,3,4,1,2,6753412,1,los angeles,2,4,4,4,0
586,6,3,5,1,7,2,4,6351724,0,sacramento,2,1,4,5,0
587,7,6,2,5,1,3,4,7625134,0,sacramento,1,1,6,3,0
588,1,4,2,3,5,6,7,1423567,0,los angeles,2,1,4,5,0
589,7,4,1,3,2,5,6,7413256,1,los angeles,1,1,1,4,1
590,6,7,5,3,4,2,1,6753421,1,los angeles,2,1,1,3,0
591,5,7,6,4,3,2,1,5764321,1,los angeles,2,2,4,3,0
592,1,2,4,6,3,7,5,1246375,1,riverside,2,3,2,1,0
593,7,6,2,3,1,5,4,7623154,1,sacramento,1,1,6,3,1
594,3,1,4,7,2,5,6,3147256,0,sacramento,1,2,7,2,1
595,7,3,2,4,1,6,5,7324165,0,riverside,1,4,6,5,1
596,1,7,6,4,5,3,2,1764532,0,los angeles,2,3,4,3,0
597,6,7,4,3,5,2,1,6743521,0,los angeles,2,1,NA,1,1
598,6,7,4,2,3,1,5,6742315,1,riverside,4,2,3,5,1
599,6,7,5,3,4,2,1,6753421,0,sacramento,2,1,4,4,0
600,2,6,1,7,4,3,5,2617435,1,sacramento,NA,NA,NA,NA,NA
601,7,6,5,4,3,2,1,7654321,1,orange,2,3,4,3,0
602,1,7,6,4,5,2,3,1764523,0,los angeles,2,3,3,4,0
603,2,6,5,4,1,7,3,2654173,1,riverside,NA,NA,NA,NA,NA
604,5,7,6,3,4,2,1,5763421,0,sacramento,2,2,2,4,0
605,7,6,5,1,3,4,2,7651342,0,sacramento,1,1,6,4,0
606,6,7,5,3,4,2,1,6753421,0,sacramento,2,4,5,4,0
607,7,6,5,4,3,2,1,7654321,1,los angeles,2,4,NA,3,0
608,1,6,7,2,5,4,3,1672543,1,los angeles,2,1,5,3,0
609,2,7,6,3,5,4,1,2763541,0,sacramento,2,1,2,3,0
610,6,7,5,3,4,2,1,6753421,1,orange,1,1,4,5,0
611,6,7,4,3,5,1,2,6743512,1,sacramento,2,1,3,5,0
612,1,7,6,5,3,2,4,1765324,0,sacramento,2,1,2,3,0
613,6,7,5,4,3,2,1,6754321,1,riverside,2,1,3,3,0
614,7,6,4,3,2,1,5,7643215,1,riverside,3,1,4,3,0
615,7,4,1,2,3,5,6,7412356,1,orange,2,1,4,4,0
616,7,6,5,4,3,2,1,7654321,1,orange,1,1,6,4,0
617,5,7,6,4,3,2,1,5764321,1,sacramento,2,4,4,3,0
618,3,2,7,5,1,6,4,3275164,1,sacramento,2,1,2,3,0
619,NA,NA,NA,NA,NA,NA,NA,-------,1,sacramento,4,1,NA,2,0
620,1,7,6,5,4,2,3,1765423,0,los angeles,2,3,2,3,0
621,7,6,5,1,4,3,2,7651432,0,los angeles,2,1,4,4,0
622,6,5,3,2,1,7,4,6532174,1,riverside,NA,NA,NA,NA,NA
623,6,7,3,5,4,2,1,6735421,0,los angeles,3,1,4,3,1
624,7,6,5,3,4,2,1,7653421,0,sacramento,1,1,4,5,0
625,6,7,5,4,3,1,2,6754312,1,sacramento,2,1,2,5,0
626,6,7,5,3,2,1,4,6753214,1,sacramento,2,4,3,4,0
627,7,6,5,3,4,2,1,7653421,1,sacramento,1,1,6,3,0
628,7,6,1,3,2,5,4,7613254,0,sacramento,3,1,4,4,0
629,6,7,5,3,4,2,1,6753421,1,sacramento,2,1,1,2,0
630,7,1,2,5,3,6,4,7125364,0,sacramento,1,1,7,3,0
631,7,6,5,4,1,3,2,7654132,1,sacramento,1,1,4,3,0
632,3,7,6,1,5,2,4,3761524,0,sacramento,2,1,5,3,0
633,1,7,6,5,4,3,2,1765432,0,los angeles,2,3,1,3,0
634,7,4,5,3,6,1,2,7453612,1,sacramento,NA,NA,NA,NA,NA
635,7,1,2,4,3,6,5,7124365,1,orange,NA,NA,NA,NA,NA
636,1,2,3,7,5,4,6,1237546,1,los angeles,1,3,5,3,0
637,6,7,5,4,3,2,1,6754321,1,orange,2,1,2,3,0
638,7,6,5,4,3,1,2,7654312,0,los angeles,3,1,4,3,0
639,3,5,4,6,7,2,1,3546721,0,sacramento,1,4,2,3,0
640,7,6,5,3,4,1,2,7653412,0,sacramento,3,4,NA,4,0
641,7,6,5,3,4,2,1,7653421,1,sacramento,3,1,NA,3,0
642,7,5,3,2,6,4,1,7532641,0,los angeles,1,4,5,3,1
643,3,7,6,1,2,5,4,3761254,0,orange,1,1,5,3,0
644,1,7,2,4,3,5,6,1724356,1,orange,2,1,NA,3,0
645,1,7,6,2,5,3,4,1762534,1,orange,3,2,NA,3,0
646,6,7,1,3,2,5,4,6713254,0,los angeles,4,3,NA,2,0
647,7,1,2,3,5,4,6,7123546,1,sacramento,1,1,5,2,0
648,1,7,4,3,6,2,5,1743625,0,orange,4,1,NA,2,0
649,7,6,5,3,4,2,1,7653421,0,los angeles,4,1,3,4,0
650,5,6,7,4,3,2,1,5674321,1,sacramento,2,4,2,4,0
651,6,7,5,3,4,1,2,6753412,0,sacramento,2,1,2,5,0
652,6,7,5,3,4,2,1,6753421,1,riverside,2,1,5,2,0
653,7,1,2,6,5,3,4,7126534,0,sacramento,2,1,3,4,0
654,6,7,4,3,5,1,2,6743512,0,orange,2,1,2,3,0
655,1,7,5,6,2,4,3,1756243,0,sacramento,4,1,NA,2,0
656,2,7,6,5,1,3,4,2765134,1,orange,1,4,6,5,0
657,7,5,6,4,3,2,1,7564321,0,sacramento,2,1,2,2,0
658,7,1,2,5,3,6,4,7125364,0,sacramento,1,1,6,3,0
659,7,5,6,1,3,2,4,7561324,1,sacramento,2,1,4,3,1
660,1,7,6,4,5,2,3,1764523,1,riverside,4,1,1,3,0
661,NA,NA,NA,NA,NA,NA,NA,-------,0,orange,1,1,6,3,1
662,3,7,6,4,5,2,1,3764521,0,sacramento,2,1,3,5,0
663,6,7,5,4,3,2,1,6754321,0,riverside,1,1,5,4,1
664,7,6,5,3,4,2,1,7653421,1,sacramento,2,1,2,3,0
665,1,6,5,3,4,2,7,1653427,1,riverside,4,4,NA,3,0
666,NA,NA,NA,NA,NA,NA,NA,-------,1,sacramento,NA,NA,NA,NA,NA
667,5,6,7,4,3,2,1,5674321,1,sacramento,2,1,2,5,0
668,7,1,2,4,3,6,5,7124365,0,riverside,1,1,6,3,0
669,6,5,7,3,2,1,4,6573214,0,sacramento,2,1,2,4,1
670,6,7,4,5,3,2,1,6745321,0,los angeles,1,1,5,3,0
671,6,7,5,3,4,2,1,6753421,0,orange,2,3,2,4,0
672,1,7,6,5,4,3,2,1765432,0,riverside,3,1,1,3,0
673,7,6,5,4,3,2,1,7654321,1,sacramento,NA,NA,NA,NA,NA
674,1,7,6,3,5,2,4,1763524,1,riverside,3,3,3,2,0
675,6,7,5,4,3,2,1,6754321,1,sacramento,3,4,4,4,0
676,2,7,6,5,1,3,4,2765134,1,sacramento,2,1,3,5,0
677,7,1,2,3,4,6,5,7123465,1,orange,3,1,4,3,0
678,7,6,5,4,3,2,1,7654321,1,sacramento,2,1,2,4,0
679,1,7,6,4,5,2,3,1764523,0,orange,2,1,3,4,1
680,NA,NA,NA,NA,NA,NA,NA,-------,1,riverside,1,1,6,3,0
681,6,7,2,3,5,4,1,6723541,1,sacramento,2,2,NA,3,1
682,6,7,5,3,4,2,1,6753421,0,orange,1,1,5,4,0
683,6,7,5,4,2,1,3,6754213,1,riverside,2,5,6,3,0
684,1,7,6,4,5,2,3,1764523,0,orange,2,1,2,3,0
685,1,7,6,5,4,3,2,1765432,1,orange,NA,NA,NA,NA,NA
686,NA,NA,NA,NA,NA,NA,NA,-------,1,sacramento,NA,NA,NA,NA,NA
687,6,7,5,2,1,4,3,6752143,1,los angeles,2,3,4,4,0
688,7,6,5,4,3,1,2,7654312,0,sacramento,1,1,5,3,0
689,7,1,3,4,2,5,6,7134256,1,sacramento,1,1,7,4,0
690,7,1,2,3,5,6,4,7123564,0,sacramento,1,1,5,3,0
691,7,2,1,6,3,5,4,7216354,0,sacramento,4,1,NA,3,1
692,6,7,5,2,3,1,4,6752314,0,orange,2,4,3,3,0
693,7,6,5,3,4,2,1,7653421,1,sacramento,2,3,4,2,0
694,1,7,6,2,3,4,5,1762345,1,orange,1,3,5,2,0
695,7,1,2,5,3,6,4,7125364,0,sacramento,1,1,5,3,0
696,6,7,5,2,4,1,3,6752413,0,sacramento,3,1,4,2,0
697,1,7,5,3,4,6,2,1753462,1,sacramento,3,3,NA,1,0
698,1,7,6,4,5,2,3,1764523,0,los angeles,2,2,3,3,0
699,7,6,5,4,3,2,1,7654321,0,los angeles,2,1,3,5,0
700,3,7,5,4,6,1,2,3754612,0,sacramento,2,1,1,3,0
701,6,7,5,3,4,1,2,6753412,0,riverside,3,2,4,3,0
702,7,6,2,3,1,4,5,7623145,1,sacramento,1,1,6,3,0
703,6,7,5,3,4,1,2,6753412,1,los angeles,2,1,5,2,0
704,NA,NA,NA,NA,NA,NA,NA,-------,0,los angeles,NA,NA,NA,NA,NA
705,1,7,6,5,4,2,3,1765423,1,orange,2,1,2,2,0
706,4,7,2,3,1,6,5,4723165,0,orange,2,4,4,4,1
707,5,7,6,3,4,2,1,5763421,0,sacramento,4,2,4,3,1
708,6,7,5,3,4,1,2,6753412,1,orange,1,1,6,3,0
709,3,1,2,4,7,5,6,3124756,1,orange,1,1,NA,3,0
710,6,7,5,3,4,2,1,6753421,1,sacramento,2,1,3,5,0
711,NA,NA,NA,NA,NA,NA,NA,-------,1,riverside,NA,NA,NA,NA,NA
712,5,7,4,6,2,3,1,5746231,1,sacramento,4,1,NA,2,0
713,1,7,6,3,5,2,4,1763524,1,riverside,NA,NA,NA,NA,NA
714,7,6,5,4,3,2,1,7654321,0,sacramento,2,1,3,3,0
715,7,6,5,4,3,1,2,7654312,1,sacramento,NA,NA,NA,NA,NA
716,NA,NA,NA,NA,NA,NA,NA,-------,1,orange,NA,NA,NA,NA,NA
717,1,7,6,4,5,3,2,1764532,1,sacramento,2,2,2,4,0
718,2,7,6,5,4,3,1,2765431,1,los angeles,2,1,2,3,0
719,1,7,6,4,5,2,3,1764523,0,riverside,2,3,NA,2,0
720,6,7,5,4,3,1,2,6754312,0,sacramento,2,1,4,3,0
721,7,6,1,2,3,5,4,7612354,0,riverside,1,1,7,4,0
722,5,7,6,3,2,1,4,5763214,0,riverside,NA,NA,NA,NA,NA
723,6,7,5,2,4,1,3,6752413,1,orange,NA,NA,NA,NA,NA
724,4,7,2,1,6,5,3,4721653,1,orange,NA,NA,NA,NA,NA
725,7,6,5,4,3,2,1,7654321,1,sacramento,1,2,5,4,0
726,6,5,3,2,1,7,4,6532174,1,riverside,1,1,7,3,0
727,6,7,5,4,2,1,3,6754213,0,sacramento,2,1,2,4,0
728,6,4,3,1,2,7,5,6431275,1,los angeles,4,1,4,2,0
729,1,7,6,5,4,2,3,1765423,0,orange,2,1,1,2,0
730,1,7,6,3,5,4,2,1763542,0,sacramento,2,4,1,4,0
731,5,7,6,4,3,1,2,5764312,0,los angeles,2,1,NA,3,0
732,7,1,2,4,3,5,6,7124356,0,sacramento,4,1,NA,2,0
733,1,7,6,4,5,3,2,1764532,0,los angeles,2,1,1,3,0
734,6,7,5,2,4,3,1,6752431,1,sacramento,2,4,3,3,0
735,NA,NA,NA,NA,NA,NA,NA,-------,1,los angeles,NA,NA,NA,NA,NA
736,7,6,5,3,2,4,1,7653241,1,riverside,1,1,4,2,0
737,7,6,1,3,2,4,5,7613245,1,orange,1,1,5,4,0
738,7,6,1,4,3,2,5,7614325,0,sacramento,3,1,4,3,0
739,NA,NA,NA,NA,NA,NA,NA,-------,1,orange,3,3,NA,3,0
740,5,1,2,4,3,6,7,5124367,0,sacramento,4,1,5,3,0
741,1,7,6,3,5,2,4,1763524,0,riverside,2,3,4,3,0
742,1,7,6,5,4,3,2,1765432,1,los angeles,2,2,2,3,0
743,6,7,5,3,4,2,1,6753421,0,sacramento,2,1,4,3,0
744,1,6,7,4,5,2,3,1674523,0,riverside,2,3,4,4,0
745,7,6,4,3,1,2,5,7643125,1,sacramento,3,1,6,5,0
746,1,7,6,4,5,3,2,1764532,1,orange,2,1,2,2,0
747,4,3,6,2,1,7,5,4362175,0,riverside,NA,NA,NA,NA,NA
748,7,6,5,1,2,3,4,7651234,0,orange,1,1,NA,3,0
749,7,6,2,3,5,1,4,7623514,1,los angeles,4,2,NA,2,0
750,7,6,2,3,1,5,4,7623154,1,sacramento,1,1,6,3,0
751,6,7,5,4,3,2,1,6754321,0,riverside,2,2,3,3,0
752,7,6,5,2,4,3,1,7652431,1,sacramento,1,1,4,2,0
753,6,7,5,3,4,2,1,6753421,1,riverside,3,4,NA,2,0
754,3,4,1,7,5,6,2,3417562,1,los angeles,1,1,4,4,1
755,1,7,6,4,3,2,5,1764325,1,orange,2,1,2,4,0
756,NA,NA,NA,NA,NA,NA,NA,-------,0,sacramento,NA,NA,NA,NA,NA
757,7,6,3,4,2,1,5,7634215,1,orange,1,1,6,4,0
758,4,3,1,5,7,2,6,4315726,1,riverside,2,4,4,4,1
759,1,7,6,4,5,2,3,1764523,1,los angeles,2,3,2,3,0
760,NA,NA,NA,NA,NA,NA,NA,-------,1,sacramento,NA,NA,NA,NA,NA
761,6,7,5,3,4,2,1,6753421,0,los angeles,2,1,4,5,0
762,1,3,4,5,2,6,7,1345267,1,los angeles,NA,NA,NA,NA,NA
763,7,6,5,3,4,2,1,7653421,1,sacramento,2,5,5,4,0
764,1,7,6,5,4,3,2,1765432,0,sacramento,2,2,3,3,0
765,1,7,6,3,5,4,2,1763542,0,sacramento,3,1,NA,4,0
766,1,4,2,7,5,6,3,1427563,1,riverside,1,1,3,2,1
767,7,6,4,2,3,5,1,7642351,0,orange,1,1,6,3,0
768,7,2,4,1,3,6,5,7241365,1,sacramento,2,1,2,4,1
769,7,6,3,5,1,4,2,7635142,0,sacramento,2,1,NA,3,0
770,7,4,5,3,2,6,1,7453261,0,orange,NA,NA,NA,NA,0
771,3,7,6,4,5,2,1,3764521,0,sacramento,2,1,1,5,0
772,7,3,5,4,6,2,1,7354621,0,sacramento,2,3,4,3,0
773,NA,NA,NA,NA,NA,NA,NA,-------,1,sacramento,1,1,6,3,0
774,7,6,5,1,4,2,3,7651423,1,riverside,2,1,2,3,0
775,5,6,7,2,1,3,4,5672134,1,sacramento,2,1,4,4,0
776,3,7,6,5,4,2,1,3765421,0,sacramento,2,1,1,3,0
777,NA,NA,NA,NA,NA,NA,NA,-------,1,sacramento,NA,NA,NA,NA,NA
778,7,6,5,4,3,2,1,7654321,0,los angeles,1,4,6,4,0
779,7,2,4,3,5,1,6,7243516,0,riverside,2,1,2,3,0
780,2,7,6,1,3,4,5,2761345,0,riverside,3,1,NA,2,0
781,1,7,6,5,4,3,2,1765432,0,sacramento,2,3,1,5,0
782,6,3,1,5,4,7,2,6315472,1,orange,3,1,4,2,1
783,NA,NA,NA,NA,NA,NA,NA,-------,1,sacramento,NA,NA,NA,NA,NA
784,6,7,5,3,4,2,1,6753421,1,sacramento,2,1,2,5,1
785,2,7,6,3,5,1,4,2763514,0,riverside,4,1,4,3,0
786,7,6,4,3,5,2,1,7643521,1,sacramento,2,1,4,3,0
787,6,7,5,4,2,3,1,6754231,1,sacramento,2,1,4,4,0
788,7,6,5,3,4,2,1,7653421,0,sacramento,2,3,2,4,0
789,6,7,5,4,1,2,3,6754123,1,riverside,2,1,4,3,0
790,1,7,5,3,2,4,6,1753246,1,sacramento,4,1,NA,1,0
791,6,7,5,3,2,4,1,6753241,1,los angeles,2,1,3,4,0
792,7,6,4,3,5,1,2,7643512,0,sacramento,2,1,4,4,0
793,7,6,5,2,3,4,1,7652341,0,sacramento,3,1,NA,2,0
794,7,6,4,1,3,2,5,7641325,1,riverside,4,1,4,5,0
795,3,5,1,6,4,7,2,3516472,0,riverside,2,3,NA,3,0
796,NA,NA,NA,NA,NA,NA,NA,-------,1,orange,4,3,NA,1,0
797,7,6,5,3,4,2,1,7653421,1,sacramento,NA,NA,NA,NA,NA
798,6,7,5,4,3,2,1,6754321,1,sacramento,2,1,4,4,0
799,7,6,5,3,4,1,2,7653412,0,sacramento,2,5,4,5,0
800,1,7,6,5,2,4,3,1765243,0,sacramento,2,1,NA,3,0
801,4,3,1,5,6,2,7,4315627,0,riverside,3,2,NA,3,0
802,7,6,5,3,4,2,1,7653421,1,sacramento,1,1,6,3,0
803,7,6,5,4,1,3,2,7654132,0,sacramento,1,1,6,4,0
804,7,2,1,5,3,4,6,7215346,0,sacramento,1,1,1,2,0
805,1,2,5,7,6,3,4,1257634,1,orange,2,1,4,3,1
806,1,7,6,2,4,3,5,1762435,1,riverside,4,3,NA,3,0
807,1,7,6,5,2,4,3,1765243,1,orange,4,4,4,5,0
808,NA,NA,NA,NA,NA,NA,NA,-------,1,riverside,3,3,6,2,1
809,3,7,6,4,5,2,1,3764521,0,riverside,2,1,2,2,0
810,6,7,5,4,3,1,2,6754312,1,sacramento,1,1,5,4,0
811,NA,NA,NA,NA,NA,NA,NA,-------,0,los angeles,NA,NA,NA,NA,NA
812,7,6,5,4,3,2,1,7654321,0,sacramento,2,1,4,5,0
813,6,7,5,3,1,4,2,6753142,1,riverside,1,3,6,5,0
814,NA,NA,NA,NA,NA,NA,NA,-------,1,orange,NA,NA,NA,NA,NA
815,2,7,4,3,6,5,1,2743651,1,sacramento,3,2,6,4,1
816,7,6,5,2,4,3,1,7652431,0,orange,2,1,5,3,0
817,1,7,6,4,2,5,3,1764253,0,orange,1,3,4,3,0
818,6,7,5,3,4,2,1,6753421,0,orange,2,1,2,4,0
819,7,1,2,4,3,5,6,7124356,1,orange,2,4,4,4,0
820,7,1,2,6,5,4,3,7126543,1,sacramento,1,4,NA,4,0
821,4,7,6,3,5,1,2,4763512,1,sacramento,3,5,3,5,0
822,7,6,5,4,2,3,1,7654231,1,riverside,1,5,4,3,0
823,3,2,6,7,4,1,5,3267415,0,orange,1,3,1,2,1
824,2,7,6,3,5,1,4,2763514,0,los angeles,2,3,4,5,0
825,7,4,5,2,6,1,3,7452613,0,orange,NA,NA,NA,NA,NA
826,7,4,2,1,3,5,6,7421356,1,sacramento,1,4,5,5,0
827,2,7,3,4,5,1,6,2734516,0,riverside,2,2,7,3,1
828,6,7,5,3,4,2,1,6753421,1,sacramento,NA,NA,NA,NA,NA
829,NA,NA,NA,NA,NA,NA,NA,-------,0,sacramento,1,1,7,3,0
830,1,7,6,4,5,3,2,1764532,1,riverside,3,1,3,3,0
831,1,7,6,3,5,2,4,1763524,1,orange,2,1,2,3,0
832,6,7,5,4,3,1,2,6754312,1,los angeles,NA,NA,NA,NA,NA
833,7,6,1,3,2,4,5,7613245,1,sacramento,3,3,4,3,1
834,6,7,5,3,4,2,1,6753421,0,sacramento,2,3,2,3,0
835,4,5,1,3,7,6,2,4513762,1,los angeles,1,1,1,3,0
836,7,6,5,3,4,1,2,7653412,0,sacramento,2,1,2,3,0
837,7,3,6,2,4,1,5,7362415,1,sacramento,1,1,4,2,0
838,NA,NA,NA,NA,NA,NA,NA,-------,1,los angeles,NA,NA,NA,NA,NA
839,5,7,6,4,2,1,3,5764213,0,los angeles,1,1,NA,3,0
840,4,1,2,6,5,7,3,4126573,0,los angeles,2,3,4,2,0
841,1,7,6,3,4,5,2,1763452,1,riverside,2,2,6,2,0
842,1,7,6,3,5,4,2,1763542,0,riverside,3,2,4,4,0
843,5,7,6,4,3,1,2,5764312,0,orange,2,1,2,4,0
844,4,7,6,3,5,2,1,4763521,0,los angeles,1,1,4,4,0
845,7,6,4,2,3,1,5,7642315,0,los angeles,1,1,4,3,0
846,2,4,1,7,5,3,6,2417536,1,riverside,1,4,5,3,0
847,NA,NA,NA,NA,NA,NA,NA,-------,0,los angeles,2,4,4,3,0
848,4,7,6,3,2,5,1,4763251,1,sacramento,3,1,4,2,0
849,7,6,3,4,1,2,5,7634125,0,riverside,2,1,4,3,1
850,3,5,1,2,4,6,7,3512467,0,riverside,4,3,3,1,1
851,7,6,5,4,3,1,2,7654312,1,sacramento,2,1,2,5,0
852,6,7,5,3,4,2,1,6753421,0,los angeles,NA,NA,NA,NA,NA
853,6,7,5,3,4,1,2,6753412,0,sacramento,2,4,2,4,1
854,1,7,6,4,5,3,2,1764532,0,sacramento,2,4,NA,4,0
855,1,7,6,5,2,4,3,1765243,1,los angeles,2,2,NA,3,0
856,1,7,6,5,2,3,4,1765234,0,los angeles,2,2,4,3,0
857,3,7,4,6,2,1,5,3746215,0,riverside,4,4,2,1,0
858,7,6,3,5,1,4,2,7635142,1,sacramento,1,1,5,4,0
859,NA,NA,NA,NA,NA,NA,NA,-------,0,los angeles,NA,NA,NA,NA,NA
860,3,7,6,1,5,2,4,3761524,0,orange,2,1,1,3,0
861,7,6,3,5,1,4,2,7635142,1,sacramento,1,4,3,4,0
862,7,6,5,4,3,2,1,7654321,0,sacramento,2,1,4,3,0
863,7,6,5,3,4,2,1,7653421,1,orange,1,1,7,4,0
864,4,7,6,3,2,1,5,4763215,1,sacramento,NA,NA,NA,NA,NA
865,7,6,3,4,5,2,1,7634521,0,riverside,2,3,4,3,0
866,6,7,4,3,2,5,1,6743251,0,riverside,1,2,NA,4,0
867,6,5,7,3,2,1,4,6573214,1,riverside,2,3,4,3,0
868,7,1,4,2,5,6,3,7142563,0,riverside,4,3,NA,3,0
869,2,7,6,5,1,3,4,2765134,1,sacramento,2,2,5,2,0
870,NA,NA,NA,NA,NA,NA,NA,-------,0,los angeles,1,1,5,4,0
871,1,7,6,5,4,3,2,1765432,0,los angeles,2,1,1,3,0
872,7,6,5,4,2,3,1,7654231,0,sacramento,4,1,NA,3,0
873,6,7,2,1,3,5,4,6721354,0,sacramento,1,1,6,3,0
874,6,7,5,4,3,2,1,6754321,0,orange,1,4,6,3,0
875,6,7,5,3,2,4,1,6753241,0,sacramento,1,4,3,4,0
876,NA,NA,NA,NA,NA,NA,NA,-------,0,los angeles,NA,NA,NA,NA,NA
877,7,1,5,3,2,6,4,7153264,0,orange,3,1,NA,4,0
878,2,7,6,5,4,1,3,2765413,1,sacramento,2,2,3,3,0
879,7,6,5,3,4,2,1,7653421,0,sacramento,NA,NA,NA,NA,NA
880,6,7,5,3,4,2,1,6753421,1,sacramento,2,1,1,5,0
881,NA,NA,NA,NA,NA,NA,NA,-------,1,riverside,NA,NA,NA,NA,NA
882,6,7,3,1,5,2,4,6731524,1,sacramento,3,1,5,3,0
883,3,7,6,4,5,1,2,3764512,0,orange,NA,NA,NA,NA,NA
884,1,7,6,3,4,2,5,1763425,1,orange,1,1,6,4,0
885,NA,NA,NA,NA,NA,NA,NA,-------,1,los angeles,NA,NA,NA,NA,NA
886,NA,NA,NA,NA,NA,NA,NA,-------,1,sacramento,NA,NA,NA,NA,NA
887,7,5,6,3,1,4,2,7563142,1,riverside,1,1,4,2,0
888,6,7,5,4,3,2,1,6754321,1,los angeles,NA,NA,NA,NA,NA
889,7,6,5,3,4,1,2,7653412,1,riverside,1,1,4,3,1
890,4,7,6,3,5,2,1,4763521,0,sacramento,2,1,1,5,0
891,7,6,5,3,4,1,2,7653412,0,riverside,4,1,NA,3,0
892,NA,NA,NA,NA,NA,NA,NA,-------,1,sacramento,1,1,7,3,1
893,7,6,1,4,2,5,3,7614253,0,sacramento,3,1,3,3,0
894,4,5,3,6,2,1,7,4536217,0,riverside,NA,NA,NA,NA,NA
895,6,7,5,4,3,1,2,6754312,0,orange,3,1,5,3,0
896,1,7,6,3,4,2,5,1763425,0,orange,1,1,3,3,0
897,1,7,6,4,5,3,2,1764532,0,sacramento,2,2,5,2,0
898,6,7,5,3,4,1,2,6753412,1,riverside,1,1,6,3,0
899,7,5,6,3,4,1,2,7563412,1,sacramento,3,1,6,5,0
900,1,7,6,5,4,3,2,1765432,0,sacramento,3,3,5,4,0
901,7,4,1,5,2,6,3,7415263,1,los angeles,1,3,7,3,0
902,7,6,4,2,1,5,3,7642153,0,sacramento,3,1,5,3,1
903,7,6,5,4,1,2,3,7654123,0,los angeles,2,1,4,4,0
904,5,7,6,3,4,2,1,5763421,1,sacramento,2,2,4,4,1
905,1,7,6,4,5,2,3,1764523,0,riverside,2,1,2,3,0
906,7,6,5,1,3,4,2,7651342,0,riverside,1,1,6,3,0
907,1,7,6,4,5,2,3,1764523,1,sacramento,2,2,4,3,0
908,5,7,6,3,1,4,2,5763142,1,sacramento,NA,NA,NA,NA,NA
909,NA,NA,NA,NA,NA,NA,NA,-------,1,sacramento,1,1,5,5,0
910,1,7,6,4,5,2,3,1764523,0,los angeles,2,4,4,4,0
911,NA,NA,NA,NA,NA,NA,NA,-------,0,riverside,NA,NA,NA,NA,NA
912,1,7,6,2,4,5,3,1762453,1,riverside,1,1,5,3,0
913,6,7,5,1,4,2,3,6751423,0,sacramento,1,1,3,3,0
914,6,7,5,4,3,2,1,6754321,0,sacramento,2,2,2,4,0
915,7,2,1,5,6,3,4,7215634,1,sacramento,2,2,1,3,1
916,1,7,6,5,3,4,2,1765342,0,riverside,NA,NA,NA,NA,NA
917,1,7,6,4,2,3,5,1764235,0,sacramento,NA,NA,NA,NA,NA
918,7,1,2,5,3,6,4,7125364,1,sacramento,1,3,7,1,0
919,7,1,2,4,3,6,5,7124365,0,sacramento,1,1,4,4,0
920,1,7,6,2,5,4,3,1762543,1,sacramento,2,3,4,4,0
921,1,7,6,5,3,4,2,1765342,1,orange,4,3,NA,2,0
922,7,6,5,3,2,4,1,7653241,1,riverside,1,1,3,3,0
923,5,7,6,3,4,2,1,5763421,1,riverside,1,3,4,2,0
924,5,7,6,3,4,2,1,5763421,0,sacramento,2,1,1,4,0
925,NA,NA,NA,NA,NA,NA,NA,-------,1,sacramento,4,4,NA,5,0
926,NA,NA,NA,NA,NA,NA,NA,-------,0,orange,NA,NA,NA,NA,NA
927,6,7,4,5,3,2,1,6745321,0,riverside,3,5,4,4,0
928,7,6,5,4,3,2,1,7654321,0,sacramento,2,1,3,3,1
929,1,7,6,4,2,3,5,1764235,0,los angeles,4,3,NA,4,0
930,NA,NA,NA,NA,NA,NA,NA,-------,1,los angeles,NA,NA,NA,NA,NA
931,7,1,2,5,3,6,4,7125364,1,sacramento,1,1,5,3,0
932,4,7,6,5,3,1,2,4765312,1,los angeles,2,3,2,4,0
933,4,7,6,5,1,3,2,4765132,1,orange,1,1,6,4,0
934,5,7,6,2,1,4,3,5762143,1,orange,1,1,6,3,0
935,NA,NA,NA,NA,NA,NA,NA,-------,1,riverside,NA,NA,NA,NA,NA
936,3,7,6,5,2,4,1,3765241,0,orange,2,2,4,3,0
937,1,7,6,2,5,4,3,1762543,0,sacramento,NA,NA,NA,NA,NA
938,7,6,5,2,3,4,1,7652341,1,sacramento,2,1,4,3,0
939,5,3,1,6,7,4,2,5316742,0,sacramento,1,1,1,5,1
940,1,7,6,3,5,2,4,1763524,0,sacramento,2,1,3,4,1
941,6,7,5,2,1,3,4,6752134,1,riverside,NA,NA,NA,NA,NA
942,NA,NA,NA,NA,NA,NA,NA,-------,0,sacramento,NA,NA,NA,NA,NA
943,7,6,3,4,5,2,1,7634521,1,orange,3,1,NA,4,0
944,7,6,5,4,2,3,1,7654231,1,sacramento,2,2,2,5,0
945,6,7,2,3,1,5,4,6723154,1,los angeles,1,1,6,2,1
946,2,7,4,3,6,1,5,2743615,0,sacramento,2,2,1,4,0
947,3,7,6,4,1,2,5,3764125,1,los angeles,2,5,3,5,0
948,1,7,6,5,4,2,3,1765423,0,riverside,3,1,NA,5,0
949,6,7,5,2,3,1,4,6752314,0,sacramento,2,4,4,3,0
950,7,5,4,3,2,1,6,7543216,0,sacramento,1,5,6,3,0
951,7,6,5,3,4,2,1,7653421,0,sacramento,2,1,NA,2,0
952,6,7,3,2,4,1,5,6732415,0,sacramento,1,1,7,4,0
953,7,6,4,2,3,5,1,7642351,1,sacramento,1,1,5,4,0
954,7,6,5,3,4,2,1,7653421,0,sacramento,4,4,3,3,0
955,NA,NA,NA,NA,NA,NA,NA,-------,0,orange,NA,NA,NA,NA,NA
956,1,7,6,5,3,4,2,1765342,0,orange,2,1,4,4,0
957,7,6,5,3,4,2,1,7653421,1,los angeles,2,3,NA,2,0
958,4,7,6,3,5,1,2,4763512,0,orange,2,1,1,4,0
959,5,7,6,3,4,1,2,5763412,0,orange,2,1,2,4,0
960,1,5,2,3,4,7,6,1523476,1,riverside,2,3,1,2,0
961,3,7,6,4,5,2,1,3764521,1,los angeles,2,1,6,4,0
962,6,7,5,4,3,2,1,6754321,0,sacramento,2,1,3,4,0
963,5,7,6,3,4,1,2,5763412,0,orange,NA,NA,NA,NA,NA
964,7,1,2,4,3,6,5,7124365,1,los angeles,3,1,4,5,0
965,1,7,6,5,4,2,3,1765423,1,riverside,2,3,1,3,0
966,7,6,5,4,3,2,1,7654321,0,sacramento,1,1,7,3,0
967,3,1,4,5,6,7,2,3145672,1,orange,2,3,4,3,0
968,7,6,5,4,3,2,1,7654321,1,orange,NA,NA,NA,NA,NA
969,NA,NA,NA,NA,NA,NA,NA,-------,1,orange,NA,NA,NA,NA,NA
970,5,7,6,3,4,2,1,5763421,0,orange,2,1,2,4,0
971,1,7,6,3,5,4,2,1763542,0,sacramento,2,4,2,3,0
972,7,2,3,1,6,5,4,7231654,0,riverside,NA,NA,NA,NA,NA
973,5,7,6,3,1,4,2,5763142,0,orange,1,1,5,4,0
974,7,6,2,3,1,5,4,7623154,0,los angeles,1,1,4,3,0
975,7,6,5,2,4,1,3,7652413,1,sacramento,2,1,3,3,0
976,7,6,5,3,4,2,1,7653421,0,sacramento,2,1,2,4,0
977,NA,NA,NA,NA,NA,NA,NA,-------,1,sacramento,NA,NA,NA,NA,NA
978,7,6,5,4,2,1,3,7654213,1,sacramento,1,4,6,4,0
979,7,6,2,1,4,5,3,7621453,1,riverside,3,5,4,3,0
980,7,6,4,1,5,2,3,7641523,0,riverside,1,1,6,3,0
981,2,7,6,5,4,3,1,2765431,0,los angeles,2,2,4,2,0
982,7,6,5,4,3,2,1,7654321,0,sacramento,2,1,2,3,1
983,5,7,4,1,6,3,2,5741632,0,orange,NA,NA,NA,NA,NA
984,3,6,7,5,4,2,1,3675421,1,sacramento,2,1,3,3,0
985,7,6,5,3,4,2,1,7653421,0,sacramento,1,1,6,4,0
986,1,7,6,4,3,5,2,1764352,1,sacramento,4,1,NA,4,0
987,5,4,6,2,7,1,3,5462713,0,los angeles,1,4,4,3,0
988,3,7,6,1,4,5,2,3761452,1,los angeles,1,1,5,5,0
989,6,7,3,4,5,2,1,6734521,1,sacramento,2,1,4,4,0
990,7,6,5,4,2,3,1,7654231,0,sacramento,1,1,5,4,0
991,1,7,6,4,5,3,2,1764532,0,orange,2,1,1,3,0
992,7,6,5,4,2,3,1,7654231,1,orange,2,4,3,4,0
993,1,7,6,4,3,2,5,1764325,0,sacramento,4,1,3,4,0
994,7,6,5,3,4,2,1,7653421,0,sacramento,2,1,2,4,0
995,NA,NA,NA,NA,NA,NA,NA,-------,1,riverside,4,3,NA,3,1
996,NA,NA,NA,NA,NA,NA,NA,-------,1,riverside,NA,NA,NA,NA,NA
997,6,7,5,4,3,2,1,6754321,0,sacramento,2,1,2,5,0
998,NA,NA,NA,NA,NA,NA,NA,-------,0,los angeles,NA,NA,NA,NA,NA
999,7,6,5,4,3,1,2,7654312,0,sacramento,2,4,4,4,0
1000,7,1,2,5,3,6,4,7125364,0,sacramento,NA,NA,NA,NA,NA
1001,NA,NA,NA,NA,NA,NA,NA,-------,1,los angeles,NA,NA,NA,NA,NA
1002,7,2,3,5,1,6,4,7235164,1,sacramento,1,1,7,5,1
1003,1,2,4,6,3,5,7,1246357,1,sacramento,1,1,6,3,0
1004,7,6,5,4,3,1,2,7654312,1,riverside,1,3,6,2,0
1005,2,3,1,7,4,5,6,2317456,1,los angeles,1,3,4,2,0
1006,1,7,6,4,5,3,2,1764532,1,sacramento,2,2,2,4,0
1007,5,7,4,3,6,2,1,5743621,0,sacramento,2,1,3,4,0
1008,7,6,5,3,4,2,1,7653421,1,orange,2,1,4,3,0
1009,7,4,5,2,6,3,1,7452631,0,orange,2,1,4,4,0
1010,1,7,6,3,5,2,4,1763524,0,sacramento,NA,NA,NA,NA,NA
1011,4,5,7,6,2,1,3,4576213,0,sacramento,2,1,3,4,1
1012,7,6,5,4,3,2,1,7654321,0,riverside,1,1,NA,4,0
1013,6,7,5,3,4,1,2,6753412,0,sacramento,2,4,3,4,0
1014,5,4,6,2,1,7,3,5462173,0,sacramento,NA,NA,NA,NA,NA
1015,2,1,4,5,3,7,6,2145376,1,los angeles,1,1,7,3,0
1016,1,7,6,4,5,3,2,1764532,1,los angeles,NA,NA,NA,NA,NA
1017,1,7,4,3,2,5,6,1743256,0,sacramento,4,1,NA,2,0
1018,7,1,3,4,2,6,5,7134265,0,sacramento,1,1,7,3,0
1019,7,2,3,4,1,6,5,7234165,0,sacramento,1,1,5,4,0
1020,7,6,2,5,1,4,3,7625143,0,sacramento,1,1,6,3,0
1021,5,7,6,3,4,2,1,5763421,0,sacramento,2,4,2,4,0
1022,2,1,3,5,6,7,4,2135674,0,los angeles,NA,NA,NA,NA,NA
1023,3,7,6,2,1,4,5,3762145,1,riverside,1,3,4,3,0
1024,7,1,2,6,5,3,4,7126534,1,sacramento,3,1,6,4,0
1025,1,7,6,5,4,3,2,1765432,1,los angeles,NA,NA,NA,NA,NA
1026,4,7,6,3,5,1,2,4763512,1,riverside,2,2,NA,3,0
1027,1,7,6,4,5,3,2,1764532,1,sacramento,3,1,NA,1,1
1028,1,7,4,5,3,6,2,1745362,1,los angeles,1,4,7,3,0
1029,7,6,2,3,1,5,4,7623154,1,sacramento,3,1,6,3,0
1030,7,6,5,4,3,2,1,7654321,0,sacramento,2,4,2,3,0
1031,NA,NA,NA,NA,NA,NA,NA,-------,1,sacramento,NA,NA,NA,NA,NA
1032,1,7,6,5,4,3,2,1765432,0,sacramento,2,1,5,3,0
1033,1,7,6,4,5,3,2,1764532,1,orange,2,1,1,5,0
1034,6,7,5,3,4,1,2,6753412,1,sacramento,2,1,3,3,0
1035,6,7,5,2,4,1,3,6752413,1,sacramento,2,1,3,4,0
1036,1,7,6,4,5,3,2,1764532,1,sacramento,NA,NA,NA,NA,NA
1037,NA,NA,NA,NA,NA,NA,NA,-------,0,riverside,4,1,NA,2,0
1038,4,1,2,3,5,6,7,4123567,0,orange,4,1,NA,3,0
1039,1,7,6,3,5,4,2,1763542,0,los angeles,2,2,4,4,0
1040,3,7,6,4,1,5,2,3764152,0,los angeles,2,2,4,4,0
1041,1,7,2,6,5,4,3,1726543,0,orange,2,2,3,3,0
1042,1,7,6,5,3,2,4,1765324,1,sacramento,2,1,4,4,0
1043,NA,NA,NA,NA,NA,NA,NA,-------,1,sacramento,NA,NA,NA,NA,NA
1044,1,7,6,4,5,3,2,1764532,1,orange,1,1,5,4,0
1045,7,6,5,4,3,2,1,7654321,0,riverside,1,1,6,4,0
1046,6,7,5,4,3,2,1,6754321,0,los angeles,2,1,2,5,0
1047,6,7,5,3,4,1,2,6753412,1,orange,2,4,3,4,0
1048,7,6,5,3,4,1,2,7653412,0,sacramento,2,1,4,3,0
1049,6,7,5,4,1,2,3,6754123,0,riverside,2,3,4,3,1
1050,1,7,6,5,4,3,2,1765432,1,orange,2,1,2,4,0
1051,3,5,4,6,7,1,2,3546712,1,sacramento,NA,NA,NA,NA,NA
1052,6,7,2,1,3,5,4,6721354,1,riverside,1,1,4,4,0
1053,5,7,6,4,3,1,2,5764312,1,sacramento,NA,NA,NA,NA,NA
1054,1,7,6,5,4,3,2,1765432,1,orange,2,1,1,3,0
1055,6,7,4,3,5,1,2,6743512,1,riverside,2,3,4,2,0
1056,NA,NA,NA,NA,NA,NA,NA,-------,0,sacramento,NA,NA,NA,NA,NA
1057,4,7,6,3,5,2,1,4763521,1,riverside,2,4,2,2,0
1058,1,7,6,4,5,3,2,1764532,1,orange,2,5,1,3,0
1059,1,7,5,6,4,3,2,1756432,0,riverside,1,3,5,3,1
1060,4,3,7,1,5,2,6,4371526,1,los angeles,1,1,1,1,0
1061,1,7,6,5,4,3,2,1765432,0,orange,2,3,NA,2,0
1062,7,6,5,3,4,2,1,7653421,1,sacramento,1,1,6,4,0
1063,6,7,5,3,4,2,1,6753421,0,sacramento,2,1,1,5,0
1064,6,7,5,2,4,1,3,6752413,0,los angeles,1,1,4,2,0
1065,4,2,3,7,1,6,5,4237165,1,sacramento,1,5,7,3,0
1066,6,7,5,3,4,1,2,6753412,0,los angeles,2,1,2,2,0
1067,NA,NA,NA,NA,NA,NA,NA,-------,1,sacramento,NA,NA,NA,NA,NA
1068,5,7,6,4,3,2,1,5764321,0,sacramento,1,1,5,2,0
1069,1,7,6,3,5,4,2,1763542,0,sacramento,4,1,NA,1,0
1070,7,6,5,4,3,2,1,7654321,0,riverside,3,1,NA,4,0
1071,6,7,5,4,1,3,2,6754132,0,los angeles,2,2,4,4,0
1072,7,4,3,5,6,2,1,7435621,1,los angeles,3,1,4,3,1
1073,6,7,5,3,4,2,1,6753421,1,orange,2,1,2,3,0
1074,1,7,6,5,4,3,2,1765432,1,sacramento,2,2,4,1,0
1075,NA,NA,NA,NA,NA,NA,NA,-------,1,riverside,NA,NA,NA,NA,NA
1076,NA,NA,NA,NA,NA,NA,NA,-------,0,los angeles,NA,NA,NA,NA,NA
1077,4,7,6,2,3,5,1,4762351,0,orange,1,1,5,4,0
1078,1,7,6,2,4,3,5,1762435,1,riverside,2,1,NA,3,0
1079,7,6,5,2,4,1,3,7652413,1,sacramento,1,1,4,4,1
1080,7,6,5,2,4,1,3,7652413,0,sacramento,1,1,7,3,0
1081,NA,NA,NA,NA,NA,NA,NA,-------,0,sacramento,NA,NA,NA,NA,NA
1082,7,2,5,6,3,1,4,7256314,1,los angeles,NA,NA,NA,NA,NA
1083,7,6,2,3,1,5,4,7623154,1,riverside,2,2,6,3,0
1084,7,6,5,4,3,1,2,7654312,0,los angeles,1,1,4,4,0
1085,7,6,5,3,4,1,2,7653412,0,los angeles,1,3,4,3,0
1086,1,7,4,5,6,3,2,1745632,0,sacramento,NA,NA,NA,NA,NA
1087,1,7,6,3,5,2,4,1763524,0,sacramento,2,4,NA,4,0
1088,6,7,5,3,4,2,1,6753421,0,sacramento,2,1,4,3,0
1089,1,7,6,4,5,2,3,1764523,1,orange,2,1,2,3,0
1090,7,6,5,4,3,2,1,7654321,1,sacramento,2,1,2,3,0
1091,7,6,5,3,1,2,4,7653124,0,riverside,4,3,1,3,0
1092,7,6,1,4,2,5,3,7614253,1,sacramento,1,1,5,3,0
1093,7,6,5,3,4,2,1,7653421,0,riverside,4,3,2,4,0
1094,NA,NA,NA,NA,NA,NA,NA,-------,1,los angeles,NA,NA,NA,NA,NA
1095,7,6,5,3,4,2,1,7653421,1,sacramento,3,1,4,3,0
1096,NA,NA,NA,NA,NA,NA,NA,-------,0,los angeles,NA,NA,NA,NA,NA
1097,7,6,5,3,4,1,2,7653412,0,sacramento,3,1,6,5,0
1098,5,7,6,4,3,2,1,5764321,1,sacramento,1,1,5,5,0
1099,NA,NA,NA,NA,NA,NA,NA,-------,1,los angeles,NA,NA,NA,NA,NA
1100,6,7,5,2,4,3,1,6752431,0,riverside,1,2,6,2,0
1101,7,6,5,4,3,1,2,7654312,1,sacramento,2,3,3,3,1
1102,2,3,1,6,5,7,4,2316574,0,riverside,1,3,6,3,0
1103,1,7,6,5,4,2,3,1765423,1,los angeles,NA,NA,NA,NA,NA
1104,7,6,2,1,4,5,3,7621453,0,orange,1,1,7,5,1
1105,1,7,6,4,5,2,3,1764523,1,orange,2,1,3,3,0
1106,NA,NA,NA,NA,NA,NA,NA,-------,1,riverside,NA,NA,NA,NA,NA
1107,1,6,7,3,2,4,5,1673245,0,sacramento,NA,NA,NA,NA,NA
1108,NA,NA,NA,NA,NA,NA,NA,-------,1,sacramento,NA,NA,NA,NA,NA
1109,7,6,5,2,4,3,1,7652431,0,sacramento,NA,NA,NA,3,0
1110,1,7,6,5,4,2,3,1765423,1,los angeles,NA,NA,NA,NA,NA
1111,7,6,5,3,2,4,1,7653241,1,sacramento,1,4,4,3,1
1112,7,6,5,4,1,3,2,7654132,1,sacramento,3,1,4,5,0
1113,1,7,6,2,4,5,3,1762453,1,orange,2,4,3,3,0
1114,NA,NA,NA,NA,NA,NA,NA,-------,1,sacramento,2,1,3,4,0
1115,1,7,4,3,2,6,5,1743265,1,riverside,NA,NA,NA,NA,NA
1116,2,7,4,6,3,5,1,2746351,1,riverside,3,1,NA,3,0
1117,6,7,5,1,3,4,2,6751342,1,sacramento,2,1,2,4,0
1118,7,6,5,4,3,1,2,7654312,0,orange,1,1,6,4,0
1119,4,7,6,2,5,3,1,4762531,1,sacramento,3,5,NA,2,0
1120,3,4,1,5,2,6,7,3415267,0,sacramento,2,3,6,3,0
1121,6,7,3,5,4,2,1,6735421,0,riverside,2,3,4,2,0
1122,1,7,6,2,5,4,3,1762543,1,orange,4,5,NA,4,0
1123,3,7,6,2,5,1,4,3762514,0,riverside,2,1,2,4,0
1124,1,7,6,2,5,4,3,1762543,1,los angeles,2,3,2,3,0
1125,6,7,5,3,4,2,1,6753421,1,orange,2,1,1,4,0
1126,7,6,4,3,5,1,2,7643512,0,sacramento,1,1,7,3,0
1127,6,7,5,4,2,3,1,6754231,1,sacramento,1,1,5,2,0
1128,1,7,6,2,5,4,3,1762543,0,los angeles,2,3,2,4,0
1129,5,7,6,4,3,2,1,5764321,0,los angeles,2,1,4,5,1
1130,7,6,5,4,3,1,2,7654312,1,sacramento,2,1,2,5,0
1131,6,7,5,3,4,1,2,6753412,1,los angeles,1,1,6,4,1
1132,NA,NA,NA,NA,NA,NA,NA,-------,1,sacramento,NA,NA,NA,NA,NA
1133,7,6,5,4,1,2,3,7654123,1,sacramento,2,4,3,4,0
1134,4,7,1,6,3,5,2,4716352,1,sacramento,2,4,2,3,0
1135,5,6,7,3,4,1,2,5673412,0,riverside,1,1,4,2,0
1136,5,7,6,3,4,2,1,5763421,0,orange,2,4,3,4,0
1137,7,1,2,5,4,6,3,7125463,0,sacramento,1,1,3,1,0
1138,4,3,2,5,1,6,7,4325167,0,los angeles,2,1,2,4,1
1139,7,1,3,5,2,4,6,7135246,1,sacramento,1,4,6,2,0
1140,1,7,6,5,2,3,4,1765234,1,riverside,1,1,7,3,0
1141,NA,NA,NA,NA,NA,NA,NA,-------,1,sacramento,NA,NA,NA,NA,NA
1142,1,7,5,3,6,4,2,1753642,1,riverside,2,3,4,2,0
1143,6,7,5,3,4,2,1,6753421,1,los angeles,3,1,4,3,0
1144,7,6,4,2,3,1,5,7642315,0,sacramento,1,1,7,3,0
1145,NA,NA,NA,NA,NA,NA,NA,-------,1,los angeles,NA,NA,NA,NA,NA
1146,1,7,6,4,5,3,2,1764532,1,orange,2,3,NA,2,0
1147,1,7,6,5,4,3,2,1765432,1,los angeles,2,1,2,5,0
1148,5,7,3,1,6,4,2,5731642,0,los angeles,1,3,4,2,0
1149,7,6,5,4,2,3,1,7654231,0,riverside,4,1,NA,2,0
1150,NA,NA,NA,NA,NA,NA,NA,-------,1,riverside,NA,NA,NA,NA,NA
1151,NA,NA,NA,NA,NA,NA,NA,-------,0,orange,2,1,3,5,0
1152,1,7,5,4,6,2,3,1754623,0,sacramento,2,1,4,5,0
1153,7,6,5,2,4,1,3,7652413,0,sacramento,2,1,4,3,0
1154,5,7,6,3,4,1,2,5763412,1,sacramento,3,4,4,4,0
1155,1,2,6,5,7,4,3,1265743,0,los angeles,4,1,4,4,0
1156,1,7,6,2,4,5,3,1762453,1,los angeles,2,3,NA,3,0
1157,4,1,3,5,2,7,6,4135276,1,los angeles,2,4,4,4,0
1158,7,6,5,4,2,3,1,7654231,1,orange,2,4,3,3,0
1159,NA,NA,NA,NA,NA,NA,NA,-------,1,los angeles,NA,NA,NA,NA,NA
1160,7,6,5,4,3,2,1,7654321,1,orange,1,1,7,4,0
1161,7,6,5,3,4,1,2,7653412,0,sacramento,2,1,4,3,0
1162,NA,NA,NA,NA,NA,NA,NA,-------,0,los angeles,NA,NA,NA,NA,NA
1163,1,7,6,4,5,3,2,1764532,0,orange,2,3,NA,2,0
1164,2,7,4,5,6,3,1,2745631,1,sacramento,3,1,NA,3,0
1165,7,1,2,3,4,6,5,7123465,1,sacramento,2,1,5,5,0
1166,7,1,4,5,3,2,6,7145326,0,orange,NA,NA,NA,NA,NA
1167,6,7,5,4,1,3,2,6754132,1,sacramento,2,1,6,4,0
1168,1,7,6,5,4,3,2,1765432,1,los angeles,1,1,NA,3,0
1169,1,7,6,3,5,4,2,1763542,0,riverside,2,2,2,3,0
1170,1,7,6,4,5,3,2,1764532,1,riverside,4,3,3,3,0
1171,7,6,5,4,3,2,1,7654321,1,sacramento,3,1,4,4,0
1172,NA,NA,NA,NA,NA,NA,NA,-------,1,los angeles,NA,NA,NA,NA,NA
1173,1,7,6,3,2,5,4,1763254,0,orange,3,1,5,3,0
1174,5,7,1,2,4,6,3,5712463,0,sacramento,1,4,6,3,0
1175,1,7,3,5,6,4,2,1735642,1,sacramento,2,2,4,5,0
1176,7,6,5,2,4,3,1,7652431,0,sacramento,3,1,5,2,0
1177,1,7,5,3,2,4,6,1753246,1,los angeles,2,2,2,4,0
1178,1,7,6,4,5,3,2,1764532,0,orange,3,3,NA,3,0
1179,7,6,5,2,3,4,1,7652341,0,riverside,3,1,4,4,0
1180,6,1,2,5,4,7,3,6125473,1,riverside,4,1,NA,3,0
1181,6,7,5,3,4,2,1,6753421,1,los angeles,2,3,4,2,0
1182,5,7,6,3,4,1,2,5763412,0,sacramento,2,1,4,4,0
1183,1,7,6,4,5,3,2,1764532,1,riverside,2,3,NA,3,0
1184,6,7,5,4,3,1,2,6754312,1,sacramento,2,1,4,3,0
1185,3,7,6,5,4,1,2,3765412,0,orange,2,1,NA,2,0
1186,1,7,6,4,5,2,3,1764523,0,orange,1,1,5,3,0
1187,1,7,4,6,3,5,2,1746352,1,los angeles,2,1,1,4,0
1188,2,7,4,3,1,6,5,2743165,0,riverside,1,1,3,2,0
1189,1,7,6,5,3,4,2,1765342,1,los angeles,2,4,NA,3,0
1190,6,7,5,4,3,2,1,6754321,0,riverside,4,1,NA,5,0
1191,1,7,6,5,4,3,2,1765432,1,los angeles,2,2,4,5,0
1192,6,7,4,3,5,2,1,6743521,0,sacramento,2,1,2,3,1
1193,2,7,5,6,3,4,1,2756341,1,sacramento,1,1,7,3,1
1194,7,1,2,3,4,6,5,7123465,0,sacramento,1,1,7,3,0
1195,1,7,6,5,3,4,2,1765342,0,sacramento,2,2,5,3,0
1196,7,6,5,3,4,2,1,7653421,1,sacramento,4,1,7,3,0
1197,1,7,6,4,3,5,2,1764352,1,los angeles,2,3,2,2,0
1198,3,7,5,6,4,1,2,3756412,0,los angeles,2,2,1,3,1
1199,7,6,5,4,3,2,1,7654321,1,sacramento,1,1,6,3,0
1200,6,7,5,3,4,2,1,6753421,0,orange,1,3,5,4,0
1201,6,7,5,3,4,2,1,6753421,1,sacramento,NA,NA,NA,NA,NA
1202,5,6,2,3,4,7,1,5623471,1,riverside,2,5,5,3,1
1203,1,7,6,4,5,3,2,1764532,1,riverside,1,1,NA,2,0
1204,5,7,6,4,1,2,3,5764123,0,riverside,2,1,1,5,1
1205,NA,NA,NA,NA,NA,NA,NA,-------,0,orange,NA,NA,NA,NA,NA
1206,2,1,3,5,4,7,6,2135476,0,sacramento,1,1,6,5,0
1207,NA,NA,NA,NA,NA,NA,NA,-------,0,riverside,NA,NA,NA,NA,NA
1208,6,7,4,5,2,1,3,6745213,0,los angeles,2,2,4,3,0
1209,6,7,5,2,4,1,3,6752413,0,los angeles,2,3,4,3,0
1210,1,7,6,3,4,2,5,1763425,1,sacramento,3,2,NA,3,0
1211,3,7,2,1,5,6,4,3721564,0,los angeles,2,3,NA,4,0
1212,6,7,5,3,4,2,1,6753421,1,sacramento,3,4,2,4,0
1213,1,5,4,7,3,2,6,1547326,1,orange,4,3,4,2,0
1214,3,7,6,2,5,4,1,3762541,1,los angeles,1,1,4,3,0
1215,6,7,5,3,4,2,1,6753421,0,sacramento,2,1,3,4,0
1216,5,7,6,4,3,2,1,5764321,0,riverside,2,3,NA,3,0
1217,1,7,6,5,2,4,3,1765243,0,los angeles,2,1,1,3,0
1218,7,6,3,1,2,4,5,7631245,0,sacramento,1,1,4,4,0
1219,1,7,6,4,5,2,3,1764523,1,sacramento,NA,NA,NA,NA,NA
1220,7,6,5,3,4,2,1,7653421,1,sacramento,3,1,4,4,0
1221,4,7,5,2,6,3,1,4752631,1,riverside,3,1,5,3,0
1222,1,3,2,6,7,5,4,1326754,1,sacramento,2,1,6,2,0
1223,5,7,2,4,6,3,1,5724631,1,los angeles,2,1,1,3,0
1224,6,7,5,3,4,2,1,6753421,1,sacramento,2,3,4,4,0
1225,1,7,6,5,2,4,3,1765243,0,riverside,4,1,2,1,0
1226,6,7,5,2,1,3,4,6752134,0,orange,3,1,6,4,0
1227,6,7,5,3,4,2,1,6753421,0,riverside,1,2,6,4,0
1228,NA,NA,NA,NA,NA,NA,NA,-------,1,riverside,NA,NA,NA,NA,NA
1229,2,6,4,5,3,7,1,2645371,1,sacramento,1,1,7,3,0
1230,1,7,6,5,4,2,3,1765423,0,los angeles,2,2,4,4,0
1231,1,7,6,5,4,2,3,1765423,1,orange,2,4,1,4,0
1232,6,7,5,4,2,1,3,6754213,1,los angeles,2,1,4,4,0
1233,6,7,4,1,2,3,5,6741235,0,sacramento,2,1,3,4,0
1234,4,7,6,3,5,2,1,4763521,0,sacramento,2,1,2,3,0
1235,6,7,5,3,1,4,2,6753142,1,los angeles,2,3,2,4,0
1236,7,1,2,5,3,6,4,7125364,0,sacramento,1,1,4,3,0
1237,1,7,6,4,5,3,2,1764532,1,riverside,2,2,4,2,0
1238,7,2,3,4,1,6,5,7234165,1,sacramento,1,1,6,5,0
1239,1,7,6,5,4,3,2,1765432,0,sacramento,2,1,3,5,0
1240,1,7,6,4,3,2,5,1764325,1,los angeles,1,1,4,2,0
1241,6,7,5,3,2,4,1,6753241,1,sacramento,2,4,3,3,0
1242,7,6,5,3,4,2,1,7653421,1,sacramento,2,4,6,4,0
1243,NA,NA,NA,NA,NA,NA,NA,-------,1,los angeles,NA,NA,NA,NA,NA
1244,1,7,6,3,5,4,2,1763542,1,sacramento,4,1,NA,3,0
1245,7,6,5,4,3,2,1,7654321,0,orange,1,1,6,3,0
1246,7,1,3,2,6,4,5,7132645,0,sacramento,1,2,2,3,0
1247,6,7,5,3,4,2,1,6753421,0,sacramento,3,4,3,3,0
1248,7,6,5,4,3,1,2,7654312,1,sacramento,2,1,2,4,0
1249,4,7,5,3,6,1,2,4753612,0,riverside,2,1,1,3,0
1250,7,6,5,4,2,3,1,7654231,1,riverside,2,3,NA,2,0
1251,2,3,5,1,7,6,4,2351764,0,los angeles,3,3,NA,2,0
1252,1,7,6,5,3,2,4,1765324,1,riverside,NA,NA,NA,NA,NA
1253,7,1,4,6,5,2,3,7146523,1,sacramento,1,1,7,3,0
1254,1,7,6,5,4,3,2,1765432,0,los angeles,2,2,2,4,0
1255,1,7,6,5,4,2,3,1765423,0,orange,4,4,NA,3,1
1256,1,7,6,4,5,3,2,1764532,0,riverside,1,1,NA,2,0
1257,1,7,6,4,5,3,2,1764532,0,sacramento,2,1,2,3,0
1258,7,6,5,3,2,1,4,7653214,1,los angeles,1,1,4,3,0
1259,1,7,6,4,5,3,2,1764532,0,los angeles,2,3,2,5,0
1260,1,7,6,3,4,5,2,1763452,0,sacramento,NA,NA,NA,NA,NA
1261,1,7,5,6,4,3,2,1756432,1,sacramento,NA,NA,NA,NA,NA
1262,NA,NA,NA,NA,NA,NA,NA,-------,1,riverside,NA,NA,NA,NA,NA
1263,7,4,2,3,1,6,5,7423165,1,riverside,1,1,6,3,0
1264,7,6,5,4,1,3,2,7654132,1,sacramento,1,1,5,3,1
1265,7,6,2,4,1,3,5,7624135,0,sacramento,NA,NA,NA,NA,NA
1266,7,6,5,3,4,2,1,7653421,1,sacramento,2,2,3,2,0
1267,1,7,5,2,6,4,3,1752643,1,sacramento,3,3,4,2,0
1268,5,6,7,2,3,1,4,5672314,1,riverside,2,3,NA,2,0
1269,6,7,5,3,4,2,1,6753421,1,sacramento,1,1,3,4,0
1270,6,7,3,4,2,5,1,6734251,1,riverside,3,1,NA,1,0
1271,1,7,6,4,5,3,2,1764532,0,sacramento,2,4,1,4,0
1272,1,7,6,4,5,3,2,1764532,1,riverside,2,1,3,4,0
1273,7,6,5,4,3,2,1,7654321,1,sacramento,4,1,6,3,0
1274,7,6,5,4,1,2,3,7654123,1,orange,2,1,4,3,0
1275,1,7,6,5,4,3,2,1765432,1,riverside,2,1,4,4,0
1276,NA,NA,NA,NA,NA,NA,NA,-------,1,riverside,NA,NA,NA,NA,NA
1277,1,7,6,4,3,2,5,1764325,0,riverside,2,1,1,3,0
1278,7,1,4,3,5,6,2,7143562,1,los angeles,1,1,7,5,0
1279,6,7,5,4,3,2,1,6754321,1,sacramento,2,1,3,4,0
1280,1,7,3,4,6,5,2,1734652,1,orange,2,3,2,3,0
1281,6,7,5,3,4,1,2,6753412,1,los angeles,2,3,4,3,0
1282,7,6,5,4,2,3,1,7654231,1,riverside,1,1,6,3,0
1283,6,7,5,4,2,3,1,6754231,0,sacramento,NA,NA,NA,NA,NA
1284,7,1,3,5,4,6,2,7135462,1,sacramento,1,3,6,3,0
1285,NA,NA,NA,NA,NA,NA,NA,-------,0,riverside,NA,NA,NA,NA,NA
1286,6,7,4,3,5,2,1,6743521,1,riverside,NA,NA,NA,NA,NA
1287,6,7,5,2,4,1,3,6752413,1,los angeles,2,3,3,3,0
1288,7,6,2,5,1,3,4,7625134,1,orange,1,1,3,3,0
1289,7,1,2,5,4,6,3,7125463,0,sacramento,NA,NA,NA,NA,NA
1290,7,6,5,1,4,2,3,7651423,0,sacramento,1,5,7,4,0
1291,6,7,5,3,4,1,2,6753412,1,orange,1,1,7,4,0
1292,1,7,6,2,5,3,4,1762534,0,los angeles,NA,NA,NA,NA,NA
1293,3,1,2,5,4,7,6,3125476,0,orange,1,1,4,4,0
1294,6,7,5,3,4,1,2,6753412,0,sacramento,2,4,2,5,0
1295,NA,NA,NA,NA,NA,NA,NA,-------,0,sacramento,NA,NA,NA,NA,NA
1296,1,7,6,5,4,2,3,1765423,0,orange,1,2,3,4,1
1297,6,7,2,1,5,3,4,6721534,1,sacramento,1,1,6,3,0
1298,7,6,5,4,3,2,1,7654321,1,orange,1,5,5,2,0
1299,5,3,2,6,1,4,7,5326147,1,orange,NA,NA,NA,NA,NA
1300,1,7,2,3,5,6,4,1723564,1,los angeles,4,3,4,2,0
1301,2,1,6,5,4,3,7,2165437,0,sacramento,1,1,7,5,1
1302,6,7,5,4,3,1,2,6754312,1,sacramento,2,1,4,5,0
1303,NA,NA,NA,NA,NA,NA,NA,-------,0,riverside,NA,NA,NA,NA,NA
1304,1,7,6,4,5,2,3,1764523,1,riverside,2,2,4,2,0
1305,4,2,1,5,6,3,7,4215637,1,orange,2,1,1,4,1
1306,7,6,5,2,4,3,1,7652431,0,orange,1,1,7,1,0
1307,NA,NA,NA,NA,NA,NA,NA,-------,1,sacramento,NA,NA,NA,NA,NA
1308,7,6,5,4,3,2,1,7654321,1,riverside,3,3,1,2,0
1309,7,6,3,4,1,5,2,7634152,1,sacramento,1,1,5,2,0
1310,7,6,5,2,3,4,1,7652341,0,sacramento,3,3,3,3,0
1311,6,5,3,2,1,7,4,6532174,1,los angeles,2,4,5,4,0
1312,7,1,2,3,5,6,4,7123564,0,orange,1,1,5,4,0
1313,2,7,3,1,5,6,4,2731564,0,sacramento,3,4,NA,3,0
1314,1,7,6,3,2,4,5,1763245,0,sacramento,2,1,2,4,0
1315,7,6,5,3,4,2,1,7653421,0,sacramento,1,1,6,4,0
1316,5,7,6,3,4,2,1,5763421,0,orange,2,1,1,5,0
1317,5,7,6,3,4,2,1,5763421,0,sacramento,NA,NA,NA,NA,NA
1318,1,7,6,4,2,5,3,1764253,1,sacramento,NA,NA,NA,NA,NA
1319,6,7,5,3,4,2,1,6753421,1,orange,3,3,3,3,0
1320,7,6,5,3,4,1,2,7653412,1,sacramento,2,4,2,4,0
1321,6,7,5,3,4,1,2,6753412,1,sacramento,4,3,4,5,0
1322,6,7,5,4,3,2,1,6754321,0,orange,1,1,7,4,1
1323,1,7,6,4,5,2,3,1764523,0,sacramento,2,2,1,3,0
1324,7,2,3,4,1,6,5,7234165,0,orange,1,1,7,2,0
1325,1,7,5,3,4,2,6,1753426,0,orange,2,4,3,5,0
1326,1,7,6,4,3,2,5,1764325,1,orange,2,4,5,4,0
1327,1,7,6,3,4,5,2,1763452,0,orange,2,2,2,3,1
1328,7,2,3,4,1,5,6,7234156,0,sacramento,1,1,5,3,0
1329,7,6,5,3,2,4,1,7653241,0,riverside,2,3,3,3,1
1330,1,7,6,5,3,4,2,1765342,0,los angeles,2,5,2,4,0
1331,7,6,4,3,2,5,1,7643251,1,orange,4,1,NA,5,1
1332,6,7,5,4,3,2,1,6754321,0,sacramento,4,4,NA,4,0
1333,7,6,2,3,1,4,5,7623145,0,riverside,1,1,6,4,0
1334,1,7,6,5,4,3,2,1765432,0,sacramento,2,1,NA,3,0
1335,5,7,4,1,3,2,6,5741326,1,los angeles,2,2,2,3,0
1336,6,1,7,2,4,3,5,6172435,0,los angeles,2,2,1,2,0
1337,7,6,5,1,3,2,4,7651324,0,los angeles,1,1,6,3,0
1338,NA,NA,NA,NA,NA,NA,NA,-------,1,los angeles,NA,NA,NA,NA,NA
1339,1,7,6,2,5,4,3,1762543,0,los angeles,2,3,3,3,0
1340,7,6,5,3,4,2,1,7653421,0,sacramento,4,1,NA,2,0
1341,1,6,7,3,2,5,4,1673254,0,los angeles,NA,NA,NA,NA,NA
1342,7,1,2,3,5,4,6,7123546,0,sacramento,3,1,4,2,1
1343,7,6,3,4,2,5,1,7634251,1,sacramento,2,1,2,3,0
1344,1,7,6,2,4,5,3,1762453,0,riverside,NA,NA,NA,NA,NA
1345,6,7,5,4,3,1,2,6754312,0,orange,1,1,5,4,0
1346,7,6,2,5,1,4,3,7625143,0,los angeles,3,1,4,2,0
1347,NA,NA,NA,NA,NA,NA,NA,-------,0,los angeles,3,1,5,3,0
1348,5,7,4,3,6,1,2,5743612,1,sacramento,2,4,3,4,0
1349,7,5,4,3,6,2,1,7543621,0,los angeles,1,3,6,2,0
1350,1,7,2,5,6,4,3,1725643,1,sacramento,2,4,2,4,1
1351,6,7,5,3,4,2,1,6753421,0,sacramento,2,1,4,4,0
1352,7,6,5,3,4,2,1,7653421,1,orange,1,1,6,5,0
1353,4,7,6,3,5,2,1,4763521,0,sacramento,2,1,2,4,0
1354,4,5,1,6,2,7,3,4516273,0,sacramento,2,3,6,2,0
1355,NA,NA,NA,NA,NA,NA,NA,-------,1,los angeles,4,1,NA,3,0
1356,5,7,6,3,4,2,1,5763421,1,orange,1,4,5,5,0
1357,1,7,6,5,4,3,2,1765432,0,los angeles,4,3,5,3,0
1358,6,7,5,3,4,2,1,6753421,1,riverside,3,4,5,3,0
1359,6,7,3,1,5,4,2,6731542,0,sacramento,NA,NA,NA,NA,0
1360,5,7,6,2,1,3,4,5762134,1,orange,1,1,6,4,0
1361,4,7,3,6,1,2,5,4736125,0,riverside,NA,NA,NA,NA,NA
1362,6,7,5,3,4,2,1,6753421,0,sacramento,4,1,1,4,0
1363,6,7,4,3,5,1,2,6743512,0,orange,2,1,2,3,0
1364,7,6,3,4,5,1,2,7634512,0,riverside,1,3,7,3,0
1365,3,5,6,1,7,4,2,3561742,0,sacramento,2,3,5,4,0
1366,7,1,5,4,3,6,2,7154362,1,riverside,NA,NA,NA,NA,NA
1367,7,1,2,6,3,5,4,7126354,0,sacramento,2,1,6,2,0
1368,6,1,3,4,5,7,2,6134572,1,los angeles,4,3,1,2,1
1369,4,2,3,1,5,7,6,4231576,1,los angeles,2,3,2,2,0
1370,6,7,5,2,3,1,4,6752314,1,riverside,1,1,6,4,0
1371,NA,NA,NA,NA,NA,NA,NA,-------,1,riverside,NA,NA,NA,NA,NA
1372,4,7,6,3,5,1,2,4763512,0,sacramento,2,2,1,3,0
1373,7,6,5,4,2,3,1,7654231,1,los angeles,2,1,1,3,0
1374,7,6,2,1,4,3,5,7621435,0,sacramento,1,1,4,5,0
1375,7,1,3,6,2,5,4,7136254,1,sacramento,1,1,6,4,0
1376,7,1,2,5,3,6,4,7125364,1,orange,1,1,6,3,0
1377,5,7,1,3,4,6,2,5713462,0,orange,3,1,NA,3,0
1378,4,7,6,5,3,1,2,4765312,0,riverside,2,2,3,3,0
1379,5,7,6,3,4,2,1,5763421,0,sacramento,2,1,4,4,0
1380,NA,NA,NA,NA,NA,NA,NA,-------,1,los angeles,NA,NA,NA,NA,NA
1381,5,1,7,2,3,4,6,5172346,0,riverside,2,3,3,2,0
1382,7,6,5,3,2,4,1,7653241,0,sacramento,1,1,4,4,0
1383,4,6,2,1,5,3,7,4621537,1,los angeles,4,3,NA,4,0
1384,6,7,5,2,3,1,4,6752314,0,sacramento,2,1,2,3,0
1385,1,7,6,5,4,2,3,1765423,1,los angeles,NA,NA,NA,NA,NA
1386,1,7,6,4,5,2,3,1764523,0,sacramento,3,2,NA,1,0
1387,6,7,5,4,3,2,1,6754321,1,orange,3,1,NA,2,0
1388,7,4,1,6,5,2,3,7416523,0,sacramento,1,1,6,4,0
1389,6,7,5,3,4,2,1,6753421,0,sacramento,NA,NA,NA,NA,NA
1390,NA,NA,NA,NA,NA,NA,NA,-------,1,los angeles,NA,NA,NA,NA,NA
1391,7,6,2,1,3,4,5,7621345,0,sacramento,1,1,6,2,0
1392,1,7,4,5,6,3,2,1745632,1,sacramento,4,3,3,1,0
1393,6,1,5,3,4,7,2,6153472,1,los angeles,NA,NA,NA,NA,NA
1394,1,7,3,4,2,6,5,1734265,0,riverside,2,1,4,4,0
1395,1,7,6,4,5,3,2,1764532,0,orange,2,1,2,4,0
1396,7,6,5,4,3,1,2,7654312,0,sacramento,1,1,6,4,0
1397,4,7,6,2,5,1,3,4762513,1,riverside,NA,NA,NA,NA,NA
1398,NA,NA,NA,NA,NA,NA,NA,-------,0,orange,NA,NA,NA,NA,NA
1399,7,6,2,1,3,5,4,7621354,0,sacramento,1,1,6,3,1
1400,7,6,3,1,2,4,5,7631245,1,los angeles,1,1,4,5,0
1401,5,7,6,4,3,2,1,5764321,1,riverside,3,1,NA,1,0
1402,6,7,5,3,4,2,1,6753421,0,orange,1,1,4,3,0
1403,1,7,6,5,2,3,4,1765234,1,orange,3,3,4,2,0
1404,1,7,6,5,4,2,3,1765423,0,sacramento,2,2,NA,3,0
1405,6,7,5,2,4,3,1,6752431,0,sacramento,2,1,NA,2,0
1406,6,7,4,5,1,3,2,6745132,1,riverside,4,1,NA,2,0
1407,1,7,6,4,2,3,5,1764235,0,riverside,2,4,NA,2,0
1408,1,7,6,4,5,3,2,1764532,1,los angeles,3,1,4,3,0
1409,6,7,4,1,2,5,3,6741253,0,los angeles,1,1,4,3,0
1410,1,7,6,5,4,3,2,1765432,1,sacramento,2,1,1,4,0
1411,NA,NA,NA,NA,NA,NA,NA,-------,0,riverside,NA,NA,NA,NA,NA
1412,1,7,4,5,6,2,3,1745623,0,riverside,NA,NA,NA,NA,NA
1413,7,6,5,3,4,1,2,7653412,1,orange,2,1,4,5,1
1414,7,6,5,4,3,2,1,7654321,1,sacramento,2,1,NA,3,0
1415,1,7,6,4,2,3,5,1764235,0,los angeles,2,1,2,5,1
1416,7,5,4,1,3,6,2,7541362,0,orange,1,5,7,3,0
1417,7,1,2,4,3,5,6,7124356,0,sacramento,4,1,4,4,0
1418,7,1,4,5,6,2,3,7145623,0,orange,1,1,7,3,0
1419,1,7,4,5,2,6,3,1745263,1,los angeles,3,3,4,3,0
1420,1,7,6,5,4,2,3,1765423,1,los angeles,2,2,3,3,0
1421,5,7,6,3,4,1,2,5763412,1,los angeles,3,1,4,4,0
1422,1,7,6,5,4,2,3,1765423,1,sacramento,2,2,4,3,0
1423,7,2,6,1,4,5,3,7261453,0,sacramento,4,1,NA,2,0
1424,7,3,1,6,2,4,5,7316245,1,sacramento,1,1,4,3,0
1425,1,7,2,4,6,5,3,1724653,0,sacramento,2,4,2,4,0
1426,6,7,5,3,4,2,1,6753421,1,orange,3,4,3,4,0
1427,6,4,3,5,2,7,1,6435271,1,los angeles,NA,NA,NA,NA,NA
1428,7,6,5,4,3,2,1,7654321,1,sacramento,1,1,4,3,0
1429,3,7,6,5,4,1,2,3765412,0,riverside,2,1,1,3,0
1430,7,6,5,3,2,4,1,7653241,1,sacramento,1,1,5,3,0
1431,NA,NA,NA,NA,NA,NA,NA,-------,0,sacramento,1,1,4,4,0
1432,NA,NA,NA,NA,NA,NA,NA,-------,0,riverside,NA,NA,NA,NA,NA
1433,NA,NA,NA,NA,NA,NA,NA,-------,0,sacramento,1,5,5,4,0
1434,7,6,5,3,4,1,2,7653412,0,sacramento,3,1,3,3,0
1435,1,7,6,3,5,4,2,1763542,0,riverside,2,1,2,3,0
1436,NA,NA,NA,NA,NA,NA,NA,-------,1,sacramento,NA,NA,NA,NA,NA
1437,3,7,4,5,2,1,6,3745216,0,orange,2,4,NA,2,0
1438,5,7,6,3,4,2,1,5763421,1,los angeles,NA,NA,NA,NA,NA
1439,7,3,4,5,2,1,6,7345216,1,sacramento,2,1,5,4,1
1440,3,6,4,1,7,5,2,3641752,0,sacramento,2,1,2,4,1
1441,4,7,6,2,5,3,1,4762531,0,riverside,1,1,5,2,0
1442,1,7,6,4,5,3,2,1764532,1,orange,2,3,2,3,0
1443,5,7,6,4,3,2,1,5764321,1,los angeles,4,1,1,4,0
1444,3,1,2,6,7,5,4,3126754,0,orange,1,1,7,5,0
1445,6,2,4,1,3,7,5,6241375,0,sacramento,3,3,4,3,0
1446,7,5,6,3,4,1,2,7563412,0,sacramento,2,1,7,3,0
1447,NA,NA,NA,NA,NA,NA,NA,-------,0,los angeles,NA,NA,NA,NA,NA
1448,3,4,7,1,6,2,5,3471625,0,riverside,NA,NA,NA,NA,NA
1449,6,1,3,4,2,7,5,6134275,0,los angeles,2,1,3,4,1
1450,6,7,4,5,3,1,2,6745312,1,sacramento,3,1,4,4,0
1451,5,7,6,3,4,2,1,5763421,0,riverside,NA,NA,NA,NA,NA
1452,7,6,5,4,3,1,2,7654312,1,sacramento,NA,NA,NA,NA,NA
1453,1,2,3,5,4,7,6,1235476,1,sacramento,2,4,2,4,0
1454,2,5,7,1,3,4,6,2571346,0,riverside,3,3,4,3,0
1455,7,6,5,3,2,4,1,7653241,0,los angeles,2,1,2,4,0
1456,6,7,5,2,4,1,3,6752413,0,sacramento,2,2,4,3,0
1457,6,7,5,4,3,2,1,6754321,1,sacramento,2,1,4,4,0
1458,7,6,5,4,1,2,3,7654123,0,sacramento,NA,NA,NA,NA,NA
1459,7,6,5,2,4,3,1,7652431,1,orange,2,1,NA,3,0
1460,NA,NA,NA,NA,NA,NA,NA,-------,1,los angeles,NA,NA,NA,NA,NA
1461,6,7,2,3,4,5,1,6723451,0,riverside,1,1,4,5,0
1462,7,6,5,3,1,4,2,7653142,1,riverside,NA,NA,NA,NA,NA
1463,7,1,2,6,3,5,4,7126354,0,sacramento,3,3,5,4,0
1464,6,7,5,4,2,1,3,6754213,0,orange,4,3,NA,1,0
1465,NA,NA,NA,NA,NA,NA,NA,-------,0,riverside,NA,NA,NA,NA,NA
1466,1,7,5,2,6,3,4,1752634,0,riverside,2,3,NA,2,0
1467,7,6,5,3,4,1,2,7653412,1,sacramento,3,1,4,2,0
1468,7,1,2,4,3,6,5,7124365,0,sacramento,1,3,7,5,0
1469,6,7,4,3,5,1,2,6743512,1,sacramento,2,1,3,5,0
1470,7,6,5,3,4,2,1,7653421,0,orange,1,1,6,4,0
1471,5,7,6,4,3,1,2,5764312,1,sacramento,4,1,2,5,0
1472,7,6,5,2,4,3,1,7652431,1,sacramento,1,1,4,5,0
1473,NA,NA,NA,NA,NA,NA,NA,-------,1,riverside,NA,NA,NA,NA,NA
1474,5,7,6,3,4,2,1,5763421,0,riverside,2,1,2,3,0
1475,7,6,5,4,3,1,2,7654312,1,riverside,2,1,2,3,1
1476,5,6,7,3,4,2,1,5673421,1,orange,1,1,6,3,0
1477,6,7,5,3,4,2,1,6753421,1,orange,1,1,7,5,0
1478,7,6,5,3,1,4,2,7653142,1,sacramento,1,1,5,2,0
1479,7,4,2,3,1,6,5,7423165,1,sacramento,1,1,7,3,1
1480,7,6,5,4,3,2,1,7654321,0,sacramento,3,4,4,5,0
1481,4,7,6,5,3,2,1,4765321,0,los angeles,2,2,2,3,0
1482,3,7,6,4,5,2,1,3764521,0,sacramento,2,4,1,3,0
1483,6,7,2,1,3,5,4,6721354,1,los angeles,1,1,6,4,0
1484,6,7,5,3,2,4,1,6753241,0,sacramento,2,3,4,4,0
1485,6,7,5,2,1,3,4,6752134,1,los angeles,2,1,3,2,1
1486,6,7,5,3,4,2,1,6753421,1,orange,4,4,NA,3,0
1487,6,7,5,3,4,1,2,6753412,0,sacramento,2,2,3,2,0
1488,1,7,6,4,5,3,2,1764532,1,orange,3,1,4,4,0
1489,1,7,6,4,5,3,2,1764532,0,los angeles,2,3,2,3,0
1490,5,7,6,3,4,2,1,5763421,0,sacramento,2,1,2,5,0
1491,3,7,1,5,6,2,4,3715624,0,los angeles,2,1,3,5,0
1492,2,7,6,5,3,1,4,2765314,1,sacramento,3,1,5,4,0
1493,7,6,5,4,3,1,2,7654312,0,sacramento,2,2,4,2,0
1494,7,6,5,2,1,4,3,7652143,0,los angeles,2,3,6,3,0
1495,1,7,6,4,5,3,2,1764532,1,sacramento,2,1,1,5,0
1496,3,2,1,5,4,7,6,3215476,0,orange,1,1,6,3,0
1497,7,6,5,3,4,2,1,7653421,0,sacramento,2,3,2,5,0
1498,3,7,6,4,5,2,1,3764521,1,sacramento,2,1,2,3,0
1499,7,6,5,3,4,1,2,7653412,0,sacramento,2,1,3,2,0
1500,7,6,5,1,4,3,2,7651432,1,los angeles,2,4,2,3,0
1501,7,6,5,3,4,2,1,7653421,0,los angeles,3,1,NA,3,0
1502,7,4,2,6,3,1,5,7426315,0,sacramento,3,1,NA,4,0
1503,3,4,7,2,1,6,5,3472165,1,sacramento,2,2,1,4,0
1504,6,7,5,4,2,3,1,6754231,0,riverside,4,1,NA,2,0
1505,7,6,4,5,3,2,1,7645321,0,sacramento,2,1,2,3,0
1506,6,7,3,5,4,1,2,6735412,0,orange,2,1,NA,2,0
1507,7,1,2,5,3,6,4,7125364,1,los angeles,4,1,4,5,1
1508,7,6,5,3,4,1,2,7653412,0,sacramento,2,3,4,2,0
1509,4,7,6,5,3,2,1,4765321,0,los angeles,2,1,5,4,0
1510,3,7,6,4,5,2,1,3764521,0,sacramento,2,1,2,3,0
1511,4,7,6,1,3,5,2,4761352,0,los angeles,2,2,NA,3,0
1512,1,7,6,4,5,2,3,1764523,0,sacramento,2,1,2,4,0
1513,NA,NA,NA,NA,NA,NA,NA,-------,0,sacramento,NA,NA,NA,NA,NA
1514,6,7,5,3,4,1,2,6753412,0,los angeles,1,3,NA,2,0
1515,7,6,5,3,4,2,1,7653421,1,riverside,3,1,NA,5,0
1516,1,2,3,5,4,7,6,1235476,1,orange,1,3,1,2,0
1517,6,7,5,4,3,2,1,6754321,1,riverside,1,3,4,3,0
1518,7,1,2,6,3,5,4,7126354,0,sacramento,1,1,6,2,0
1519,7,2,3,4,1,5,6,7234156,1,sacramento,1,1,7,4,0
1520,7,6,5,4,3,2,1,7654321,0,riverside,3,1,NA,4,0
1521,6,7,5,3,4,2,1,6753421,0,sacramento,2,4,4,5,0
1522,7,6,4,5,3,2,1,7645321,1,orange,2,4,3,5,0
1523,1,7,6,5,2,4,3,1765243,0,sacramento,3,1,2,1,0
1524,1,7,6,4,5,3,2,1764532,0,orange,2,1,2,4,0
1525,1,7,5,3,4,6,2,1753462,0,sacramento,2,4,2,5,0
1526,6,7,4,2,5,1,3,6742513,0,sacramento,3,1,NA,3,0
1527,6,7,5,3,4,2,1,6753421,0,sacramento,2,1,3,3,0
1528,7,2,3,4,1,5,6,7234156,1,sacramento,1,1,7,5,0
1529,7,6,4,3,5,1,2,7643512,1,sacramento,2,1,4,4,0
1530,5,7,6,3,4,2,1,5763421,1,sacramento,1,1,5,3,0
1531,5,7,6,3,4,2,1,5763421,1,los angeles,1,1,4,3,0
1532,NA,NA,NA,NA,NA,NA,NA,-------,0,sacramento,NA,NA,NA,NA,NA
1533,7,6,3,1,2,4,5,7631245,0,riverside,1,1,6,4,0
1534,1,7,6,5,4,3,2,1765432,0,los angeles,2,3,3,3,0
1535,NA,NA,NA,NA,NA,NA,NA,-------,0,sacramento,NA,NA,NA,NA,NA
1536,4,6,5,7,1,3,2,4657132,1,sacramento,NA,NA,NA,NA,NA
1537,1,7,6,2,4,3,5,1762435,0,riverside,NA,NA,NA,NA,NA
1538,1,7,6,4,5,3,2,1764532,0,riverside,3,3,4,3,1
1539,1,7,6,5,2,4,3,1765243,1,sacramento,2,2,2,2,0
1540,1,7,6,2,5,4,3,1762543,0,sacramento,3,1,4,3,0
1541,6,7,5,1,3,4,2,6751342,1,los angeles,3,1,NA,3,0
1542,6,7,5,1,4,3,2,6751432,1,sacramento,3,4,4,4,0
1543,5,7,6,4,3,2,1,5764321,1,orange,3,4,3,2,0
1544,1,7,4,5,6,3,2,1745632,0,los angeles,4,2,NA,4,0
1545,NA,NA,NA,NA,NA,NA,NA,-------,0,los angeles,NA,NA,NA,NA,NA
1546,1,7,2,5,4,3,6,1725436,0,sacramento,3,2,NA,1,0
1547,5,4,1,3,7,2,6,5413726,0,los angeles,2,2,7,2,0
1548,6,7,5,3,4,2,1,6753421,0,riverside,NA,NA,NA,NA,NA
1549,6,7,5,3,4,2,1,6753421,0,orange,NA,NA,NA,NA,NA
1550,5,6,7,4,1,3,2,5674132,1,los angeles,NA,NA,NA,NA,NA
1551,1,7,6,4,5,3,2,1764532,0,orange,3,1,6,2,0
1552,7,6,5,4,1,3,2,7654132,1,riverside,3,1,4,5,0
1553,7,6,5,4,3,2,1,7654321,0,sacramento,2,1,3,3,0
1554,1,7,6,4,5,2,3,1764523,0,sacramento,2,1,2,5,0
1555,1,7,6,3,5,4,2,1763542,0,riverside,2,1,1,3,0
1556,7,6,3,5,1,2,4,7635124,1,riverside,4,3,4,3,0
1557,NA,NA,NA,NA,NA,NA,NA,-------,1,los angeles,NA,NA,NA,NA,NA
1558,1,7,6,5,4,2,3,1765423,0,orange,2,3,5,2,0
1559,6,7,5,2,3,4,1,6752341,0,riverside,1,2,3,3,1
1560,3,7,6,4,5,2,1,3764521,0,los angeles,NA,NA,NA,NA,NA
1561,7,6,5,4,2,3,1,7654231,0,sacramento,2,1,NA,2,0
1562,1,7,6,4,5,2,3,1764523,1,sacramento,2,1,1,3,0
1563,NA,NA,NA,NA,NA,NA,NA,-------,0,orange,1,1,4,4,0
1564,4,7,6,3,5,2,1,4763521,1,riverside,1,1,7,3,0
1565,6,7,2,4,3,5,1,6724351,1,los angeles,2,4,4,2,0
1566,2,5,6,7,3,4,1,2567341,0,los angeles,1,1,4,5,0
1567,5,7,6,2,3,1,4,5762314,0,orange,1,1,2,4,0
1568,3,2,1,4,7,6,5,3214765,1,riverside,1,4,1,4,1
1569,1,6,2,7,5,3,4,1627534,0,los angeles,2,1,3,4,1
1570,5,7,6,3,4,1,2,5763412,0,los angeles,3,3,NA,2,0
1571,1,7,2,4,3,6,5,1724365,0,orange,NA,NA,NA,NA,NA
1572,1,4,5,6,2,7,3,1456273,1,los angeles,2,2,5,2,0
1573,NA,NA,NA,NA,NA,NA,NA,-------,1,sacramento,NA,NA,NA,NA,NA
1574,3,7,2,4,1,5,6,3724156,0,sacramento,NA,NA,NA,NA,NA
1575,6,7,5,3,4,1,2,6753412,0,sacramento,2,1,2,3,0
1576,1,7,6,3,5,2,4,1763524,1,sacramento,3,1,4,2,0
1577,7,1,2,6,4,3,5,7126435,0,sacramento,1,1,6,4,0
1578,NA,NA,NA,NA,NA,NA,NA,-------,1,riverside,3,1,4,4,0
1579,1,3,7,5,4,2,6,1375426,1,riverside,4,1,4,3,0
1580,3,7,6,2,5,1,4,3762514,0,sacramento,2,3,2,4,0
1581,7,6,5,1,2,4,3,7651243,1,sacramento,3,1,4,2,0
1582,6,7,5,3,4,2,1,6753421,0,orange,1,1,6,3,0
1583,1,6,5,2,7,4,3,1652743,0,sacramento,NA,NA,NA,NA,NA
1584,6,7,5,2,3,1,4,6752314,1,riverside,3,1,NA,1,0
1585,7,6,5,3,4,1,2,7653412,0,sacramento,2,1,4,5,1
1586,7,6,5,3,1,4,2,7653142,1,sacramento,1,1,6,4,0
1587,7,6,2,3,1,5,4,7623154,1,sacramento,2,3,3,3,0
1588,6,2,7,4,3,5,1,6274351,0,orange,1,4,1,3,0
1589,5,7,6,1,2,4,3,5761243,0,orange,1,4,6,3,0
1590,7,1,4,3,6,2,5,7143625,0,orange,1,4,5,4,0
1591,6,7,2,4,3,5,1,6724351,0,sacramento,3,1,NA,3,0
1592,6,7,5,4,1,3,2,6754132,0,orange,1,1,6,4,0
1593,7,1,3,4,2,6,5,7134265,0,orange,1,1,7,4,0
1594,7,6,5,3,4,2,1,7653421,0,sacramento,2,4,5,3,0
1595,7,6,5,3,4,1,2,7653412,0,sacramento,2,4,4,3,0
1596,1,7,6,4,5,3,2,1764532,0,sacramento,2,2,4,3,0
1597,6,7,5,2,1,4,3,6752143,0,sacramento,1,4,6,3,0
1598,7,6,5,3,4,2,1,7653421,1,sacramento,1,1,6,4,1
1599,6,7,1,2,5,4,3,6712543,0,riverside,3,3,NA,2,0
1600,4,1,3,5,2,6,7,4135267,1,riverside,NA,NA,NA,NA,NA
1601,6,7,5,4,3,1,2,6754312,1,los angeles,NA,NA,NA,NA,NA
1602,7,6,5,3,4,1,2,7653412,0,los angeles,1,1,6,4,0
1603,7,1,2,3,4,6,5,7123465,1,sacramento,2,3,2,4,0
1604,7,1,2,3,4,6,5,7123465,1,riverside,1,1,5,5,0
1605,6,7,5,3,4,1,2,6753412,1,sacramento,1,1,5,5,0
1606,3,5,1,6,7,4,2,3516742,1,riverside,3,1,2,4,0
1607,5,7,6,4,2,3,1,5764231,0,riverside,NA,NA,NA,NA,NA
1608,6,7,4,2,1,3,5,6742135,0,sacramento,1,1,5,4,0
1609,7,1,3,5,4,6,2,7135462,1,sacramento,NA,NA,NA,NA,NA
1610,7,6,5,3,4,1,2,7653412,1,sacramento,1,4,5,4,0
1611,NA,NA,NA,NA,NA,NA,NA,-------,1,riverside,NA,NA,NA,NA,NA
1612,NA,NA,NA,NA,NA,NA,NA,-------,1,riverside,NA,NA,NA,NA,NA
1613,7,6,5,4,3,2,1,7654321,0,sacramento,2,1,4,2,0
1614,1,3,2,4,7,5,6,1324756,1,sacramento,1,1,6,5,0
1615,7,6,5,2,1,4,3,7652143,1,sacramento,1,1,6,4,0
1616,1,7,6,5,4,3,2,1765432,0,orange,3,1,4,3,0
1617,7,6,5,3,2,4,1,7653241,0,sacramento,2,3,3,3,0
1618,6,7,5,4,1,3,2,6754132,0,riverside,1,3,4,3,0
1619,3,5,1,2,4,6,7,3512467,0,sacramento,1,1,1,4,1
1620,1,7,6,5,4,2,3,1765423,0,sacramento,3,5,4,3,0
1621,7,6,5,3,4,2,1,7653421,0,orange,1,1,5,4,0
1622,6,7,5,2,4,3,1,6752431,0,sacramento,1,5,NA,3,1
1623,1,7,6,2,3,5,4,1762354,0,los angeles,3,3,NA,2,0
1624,1,7,6,4,5,2,3,1764523,0,los angeles,2,3,1,4,0
1625,7,4,3,5,2,1,6,7435216,0,sacramento,1,1,1,2,1
1626,2,7,6,4,1,5,3,2764153,0,sacramento,1,1,NA,2,0
1627,1,7,6,5,4,3,2,1765432,0,sacramento,2,1,2,5,0
1628,6,7,5,2,1,3,4,6752134,0,riverside,2,1,2,4,0
1629,7,6,5,4,2,3,1,7654231,0,riverside,2,1,NA,2,0
1630,4,3,5,7,6,1,2,4357612,0,los angeles,1,1,NA,3,0
1631,3,1,2,4,5,6,7,3124567,1,riverside,3,3,NA,1,0
1632,6,7,5,4,3,2,1,6754321,1,sacramento,2,1,NA,3,0
1633,6,7,3,2,5,4,1,6732541,0,orange,4,1,6,4,0
1634,1,7,6,5,4,3,2,1765432,0,sacramento,3,1,4,2,0
1635,6,7,5,3,4,1,2,6753412,0,sacramento,2,1,1,4,0
1636,6,7,5,4,2,3,1,6754231,0,sacramento,2,1,3,3,0
1637,7,6,3,5,1,2,4,7635124,0,sacramento,3,1,5,4,0
1638,1,7,3,2,4,6,5,1732465,1,orange,1,4,6,3,0
1639,2,7,6,4,5,3,1,2764531,0,los angeles,2,4,2,4,0
1640,1,7,6,5,3,2,4,1765324,1,riverside,2,3,6,1,0
1641,4,7,6,2,1,5,3,4762153,0,los angeles,3,3,4,3,0
1642,5,7,6,2,4,1,3,5762413,0,orange,2,1,3,4,0
1643,7,6,5,2,4,1,3,7652413,0,orange,1,1,6,5,0
1644,2,7,6,4,5,1,3,2764513,0,riverside,NA,NA,NA,NA,NA
1645,6,4,5,1,2,7,3,6451273,0,orange,NA,NA,NA,NA,NA
1646,5,3,2,1,6,4,7,5321647,1,riverside,4,2,NA,2,0
1647,1,7,6,4,5,3,2,1764532,1,los angeles,2,1,1,4,0
1648,7,6,5,2,1,3,4,7652134,0,sacramento,1,1,4,3,0
1649,5,6,7,4,2,3,1,5674231,0,sacramento,2,4,4,3,0
1650,1,7,6,4,5,3,2,1764532,0,sacramento,2,4,4,3,1
1651,1,7,5,3,6,4,2,1753642,1,los angeles,3,5,3,3,0
1652,6,7,4,5,2,3,1,6745231,0,riverside,4,1,NA,1,0
1653,6,7,5,3,4,2,1,6753421,0,sacramento,2,1,2,3,0
1654,NA,NA,NA,NA,NA,NA,NA,-------,0,riverside,NA,NA,NA,NA,NA
1655,7,6,5,3,4,1,2,7653412,1,sacramento,1,4,4,4,0
1656,7,6,5,2,4,3,1,7652431,0,orange,3,1,5,5,0
1657,6,7,4,3,5,1,2,6743512,1,sacramento,2,1,2,5,0
1658,7,6,5,3,4,2,1,7653421,1,sacramento,2,4,4,4,0
1659,1,7,2,6,5,4,3,1726543,0,los angeles,2,4,4,3,0
1660,7,6,5,4,1,3,2,7654132,1,sacramento,1,1,NA,5,0
1661,4,7,3,1,6,5,2,4731652,0,riverside,1,1,6,4,0
1662,7,2,3,4,1,5,6,7234156,1,sacramento,1,1,5,3,0
1663,6,4,1,5,2,3,7,6415237,0,sacramento,1,5,7,3,0
1664,1,7,5,4,6,2,3,1754623,0,sacramento,2,2,4,3,0
1665,1,7,6,5,3,2,4,1765324,0,los angeles,3,1,4,3,0
1666,2,7,6,4,3,5,1,2764351,1,riverside,4,5,3,5,0
1667,1,7,6,4,5,3,2,1764532,0,los angeles,2,3,1,3,0
1668,7,6,5,3,4,2,1,7653421,1,sacramento,1,1,6,5,0
1669,7,6,5,4,2,1,3,7654213,1,riverside,4,1,5,3,0
1670,NA,NA,NA,NA,NA,NA,NA,-------,1,riverside,2,3,4,3,0
1671,5,7,4,1,2,6,3,5741263,1,riverside,1,1,6,4,1
1672,7,6,5,3,4,1,2,7653412,1,sacramento,1,1,4,3,0
1673,7,6,5,2,1,4,3,7652143,0,sacramento,1,4,5,3,0
1674,1,7,6,4,5,3,2,1764532,1,los angeles,4,4,4,4,0
1675,NA,NA,NA,NA,NA,NA,NA,-------,0,sacramento,1,1,7,4,1
1676,7,6,5,3,4,2,1,7653421,0,sacramento,1,1,4,5,0
1677,2,5,6,7,3,1,4,2567314,1,orange,2,5,2,3,0
1678,7,6,5,3,4,1,2,7653412,0,orange,1,1,5,4,0
1679,1,5,6,7,3,2,4,1567324,1,sacramento,1,4,6,4,0
1680,7,1,2,4,3,6,5,7124365,0,sacramento,1,1,5,2,0
1681,4,7,6,1,3,5,2,4761352,1,los angeles,3,1,1,2,0
1682,6,7,5,2,4,1,3,6752413,1,los angeles,3,1,NA,2,0
1683,1,7,6,3,2,5,4,1763254,1,orange,4,4,4,3,0
1684,7,6,5,3,4,1,2,7653412,0,los angeles,1,1,4,3,0
1685,7,6,3,4,5,1,2,7634512,0,riverside,2,1,2,3,0
1686,7,3,2,6,1,4,5,7326145,0,sacramento,1,4,6,4,0
1687,2,7,3,1,4,5,6,2731456,0,los angeles,2,3,2,2,0
1688,6,7,5,3,4,2,1,6753421,0,orange,2,1,3,3,0
1689,7,3,2,5,1,4,6,7325146,1,riverside,1,1,6,4,0
1690,NA,NA,NA,NA,NA,NA,NA,-------,0,sacramento,NA,NA,NA,NA,NA
1691,6,7,5,3,4,2,1,6753421,1,los angeles,2,1,4,3,0
1692,1,7,5,6,2,3,4,1756234,0,sacramento,1,1,5,5,0
1693,1,7,6,3,5,4,2,1763542,0,riverside,1,1,NA,2,0
1694,4,7,5,6,3,1,2,4756312,1,los angeles,2,1,4,4,0
1695,6,7,2,4,5,3,1,6724531,1,sacramento,4,1,NA,3,0
1696,5,4,1,2,3,7,6,5412376,0,orange,1,3,4,4,0
1697,7,6,3,1,2,5,4,7631254,1,orange,1,4,6,3,0
1698,4,7,2,3,1,5,6,4723156,0,sacramento,NA,NA,NA,NA,NA
1699,4,7,6,3,5,2,1,4763521,0,orange,4,4,4,4,0
1700,3,6,7,4,5,1,2,3674512,1,los angeles,2,2,3,3,0
1701,6,7,5,4,3,2,1,6754321,1,orange,2,1,3,4,0
1702,7,6,5,3,4,2,1,7653421,0,sacramento,2,1,2,4,0
1703,1,7,6,5,4,3,2,1765432,1,sacramento,2,1,2,3,0
1704,6,7,2,3,5,1,4,6723514,1,riverside,2,3,3,2,0
1705,NA,NA,NA,NA,NA,NA,NA,-------,0,riverside,1,1,7,3,0
1706,6,7,5,1,4,2,3,6751423,1,riverside,1,4,5,5,0
1707,2,1,6,4,3,7,5,2164375,1,riverside,3,1,NA,2,1
1708,NA,NA,NA,NA,NA,NA,NA,-------,1,sacramento,NA,NA,NA,NA,NA
1709,7,6,1,3,2,5,4,7613254,0,sacramento,1,4,4,4,0
1710,3,2,6,4,5,7,1,3264571,1,orange,1,3,1,3,0
1711,7,6,5,4,1,3,2,7654132,0,sacramento,1,1,6,3,0
1712,6,7,5,3,4,1,2,6753412,1,orange,2,1,3,4,0
1713,3,1,2,6,5,4,7,3126547,0,orange,NA,NA,NA,NA,NA
1714,7,5,6,4,3,2,1,7564321,0,sacramento,1,1,6,4,0
1715,1,6,7,4,3,2,5,1674325,0,sacramento,2,1,NA,3,0
1716,NA,NA,NA,NA,NA,NA,NA,-------,0,sacramento,3,4,NA,3,0
1717,NA,NA,NA,NA,NA,NA,NA,-------,1,los angeles,NA,NA,NA,NA,NA
1718,7,6,5,3,4,2,1,7653421,0,sacramento,2,1,3,3,0
1719,1,7,6,4,5,2,3,1764523,0,orange,NA,NA,NA,NA,NA
1720,NA,NA,NA,NA,NA,NA,NA,-------,1,riverside,NA,NA,NA,NA,NA
1721,1,7,6,2,4,5,3,1762453,0,sacramento,2,4,3,3,0
1722,6,7,5,1,2,4,3,6751243,1,sacramento,NA,NA,NA,NA,NA
1723,NA,NA,NA,NA,NA,NA,NA,-------,1,sacramento,NA,NA,NA,NA,NA
1724,NA,NA,NA,NA,NA,NA,NA,-------,1,sacramento,1,1,6,2,1
1725,5,7,6,4,3,1,2,5764312,0,sacramento,2,1,1,2,0
1726,6,7,5,3,4,2,1,6753421,0,sacramento,2,1,3,5,0
1727,5,1,2,6,4,7,3,5126473,1,riverside,4,1,NA,3,0
1728,NA,NA,NA,NA,NA,NA,NA,-------,0,riverside,NA,NA,NA,NA,NA
1729,7,1,2,4,6,5,3,7124653,0,sacramento,3,1,4,3,0
1730,6,7,5,4,3,2,1,6754321,1,sacramento,2,1,2,4,0
1731,6,7,5,2,4,1,3,6752413,0,los angeles,2,4,3,4,0
1732,1,7,6,4,3,5,2,1764352,1,sacramento,2,2,3,3,0
1733,7,6,5,3,2,4,1,7653241,1,orange,2,1,2,3,1
1734,3,7,1,2,5,6,4,3712564,0,sacramento,3,4,2,3,0
1735,7,6,5,3,1,4,2,7653142,1,los angeles,1,3,4,3,0
1736,1,7,6,5,4,2,3,1765423,0,riverside,NA,NA,NA,NA,NA
1737,7,6,5,3,4,2,1,7653421,1,sacramento,2,1,NA,3,0
1738,7,6,5,3,4,2,1,7653421,1,sacramento,3,1,2,3,0
1739,1,4,7,3,2,5,6,1473256,0,los angeles,2,1,4,4,0
1740,6,3,2,5,4,7,1,6325471,1,los angeles,3,4,4,3,0
1741,3,7,6,4,5,2,1,3764521,0,sacramento,2,1,3,4,0
1742,6,7,5,4,3,1,2,6754312,1,riverside,1,1,5,4,0
1743,7,4,3,2,1,5,6,7432156,1,orange,1,1,6,3,0
1744,NA,NA,NA,NA,NA,NA,NA,-------,1,sacramento,NA,NA,NA,NA,NA
1745,7,6,5,2,1,3,4,7652134,0,los angeles,4,4,NA,3,0
1746,4,7,6,5,3,2,1,4765321,1,orange,2,4,2,4,0
1747,6,7,5,4,3,2,1,6754321,1,orange,2,1,2,5,0
1748,6,7,5,3,4,2,1,6753421,1,sacramento,2,1,4,3,0
1749,7,4,3,1,2,6,5,7431265,1,sacramento,4,1,4,3,0
1750,4,6,7,3,5,2,1,4673521,0,los angeles,2,1,4,3,0
1751,5,7,6,2,4,3,1,5762431,1,los angeles,2,2,NA,4,1
1752,NA,NA,NA,NA,NA,NA,NA,-------,1,orange,NA,NA,NA,NA,NA
1753,6,7,5,2,4,1,3,6752413,0,sacramento,3,1,NA,3,0
1754,NA,NA,NA,NA,NA,NA,NA,-------,0,orange,NA,NA,NA,NA,NA
1755,2,7,6,4,5,3,1,2764531,0,orange,2,1,2,4,0
1756,7,6,5,3,4,1,2,7653412,0,sacramento,2,1,1,5,0
1757,1,7,6,4,3,2,5,1764325,1,riverside,2,3,2,3,0
1758,1,3,5,2,6,7,4,1352674,1,sacramento,2,5,5,2,0
1759,1,7,6,5,3,4,2,1765342,1,riverside,3,1,3,2,0
1760,NA,NA,NA,NA,NA,NA,NA,-------,1,sacramento,NA,NA,NA,NA,NA
1761,6,7,5,3,4,2,1,6753421,0,riverside,NA,NA,NA,NA,NA
1762,1,7,6,4,5,3,2,1764532,0,sacramento,2,1,3,3,0
1763,5,7,6,3,1,4,2,5763142,1,sacramento,1,1,5,3,0
1764,2,7,6,5,3,4,1,2765341,1,los angeles,4,5,NA,3,1
1765,7,6,5,2,1,4,3,7652143,0,sacramento,1,1,7,3,0
1766,7,1,5,4,6,3,2,7154632,1,los angeles,3,3,4,3,0
1767,7,6,2,3,1,4,5,7623145,0,orange,1,1,6,3,0
1768,2,7,5,1,6,3,4,2751634,1,los angeles,2,2,6,5,0
1769,NA,NA,NA,NA,NA,NA,NA,-------,0,sacramento,2,4,4,3,0
1770,1,7,6,5,4,3,2,1765432,1,riverside,2,1,2,4,0
1771,NA,NA,NA,NA,NA,NA,NA,-------,0,los angeles,NA,NA,NA,NA,NA
1772,1,7,6,4,5,3,2,1764532,0,riverside,2,1,NA,4,0
1773,5,7,6,2,4,3,1,5762431,1,los angeles,2,1,2,5,0
1774,1,7,6,4,5,2,3,1764523,0,orange,2,3,2,2,0
1775,6,7,5,4,2,3,1,6754231,0,sacramento,4,1,6,3,1
1776,1,7,6,3,4,5,2,1763452,1,orange,2,4,3,4,1
1777,6,7,5,3,4,1,2,6753412,0,sacramento,1,1,6,3,0
1778,3,7,4,1,5,6,2,3741562,0,sacramento,1,1,6,3,0
1779,6,7,5,3,4,2,1,6753421,0,sacramento,2,1,2,3,0
1780,7,6,5,2,3,4,1,7652341,1,sacramento,1,1,6,5,1
1781,7,6,4,5,3,2,1,7645321,0,sacramento,1,4,4,4,1
1782,7,6,3,4,5,2,1,7634521,1,sacramento,1,4,6,3,0
1783,7,6,4,5,1,3,2,7645132,1,sacramento,1,1,6,3,0
1784,6,7,5,4,1,3,2,6754132,0,sacramento,3,3,3,3,0
1785,7,1,3,4,2,5,6,7134256,0,sacramento,1,1,7,3,1
1786,1,7,6,4,5,3,2,1764532,0,sacramento,2,1,3,3,0
1787,7,6,3,2,5,1,4,7632514,1,sacramento,4,1,NA,3,0
1788,7,6,5,3,4,2,1,7653421,1,riverside,2,1,4,4,0
1789,7,6,1,4,2,5,3,7614253,0,riverside,3,3,NA,2,0
1790,5,1,2,6,7,3,4,5126734,0,sacramento,1,1,6,4,0
1791,7,6,3,5,4,1,2,7635412,0,los angeles,1,1,4,4,0
1792,7,6,5,3,4,1,2,7653412,1,sacramento,2,1,3,3,0
1793,7,6,5,4,3,2,1,7654321,0,orange,3,1,5,3,0
1794,NA,NA,NA,NA,NA,NA,NA,-------,0,los angeles,NA,NA,NA,NA,NA
1795,1,7,6,4,5,3,2,1764532,0,riverside,2,3,2,2,0
1796,2,1,6,7,3,4,5,2167345,1,riverside,2,1,5,3,0
1797,NA,NA,NA,NA,NA,NA,NA,-------,0,los angeles,NA,NA,NA,NA,NA
1798,NA,NA,NA,NA,NA,NA,NA,-------,0,sacramento,NA,NA,NA,NA,NA
1799,7,6,3,2,1,5,4,7632154,0,orange,1,1,7,4,0
1800,7,6,5,3,4,2,1,7653421,0,sacramento,2,1,2,3,0
1801,4,1,2,7,3,5,6,4127356,1,sacramento,1,1,2,4,0
1802,3,7,4,6,2,1,5,3746215,0,riverside,2,3,7,2,0
1803,7,1,2,3,4,6,5,7123465,0,sacramento,1,1,6,3,0
1804,6,7,5,3,4,2,1,6753421,0,sacramento,2,1,3,4,0
1805,1,7,6,5,4,3,2,1765432,0,orange,2,3,2,4,1
1806,7,1,3,4,2,6,5,7134265,0,sacramento,NA,NA,NA,NA,NA
1807,7,2,1,5,3,6,4,7215364,0,sacramento,1,1,7,4,0
1808,7,6,5,3,4,2,1,7653421,1,sacramento,3,1,NA,3,0
1809,1,7,2,3,5,6,4,1723564,1,orange,NA,NA,NA,NA,NA
1810,7,6,5,3,4,2,1,7653421,0,sacramento,2,1,2,5,0
1811,NA,NA,NA,NA,NA,NA,NA,-------,1,los angeles,NA,NA,NA,NA,NA
1812,NA,NA,NA,NA,NA,NA,NA,-------,1,sacramento,NA,NA,NA,NA,NA
1813,2,3,6,7,5,1,4,2367514,0,riverside,3,1,NA,1,0
1814,1,7,6,4,5,3,2,1764532,1,sacramento,2,3,1,5,0
1815,1,5,6,7,3,2,4,1567324,1,orange,4,3,NA,5,0
1816,7,6,2,4,1,3,5,7624135,1,sacramento,1,1,4,3,0
1817,4,7,5,2,1,6,3,4752163,0,sacramento,2,1,1,5,1
1818,1,7,6,4,5,3,2,1764532,0,riverside,1,1,5,5,0
1819,NA,NA,NA,NA,NA,NA,NA,-------,1,riverside,NA,NA,NA,NA,NA
1820,1,7,5,4,6,3,2,1754632,1,riverside,2,2,4,2,0
1821,6,7,5,3,4,2,1,6753421,0,sacramento,2,1,2,4,0
1822,3,7,6,4,1,5,2,3764152,1,sacramento,3,2,4,3,0
1823,6,7,4,5,3,2,1,6745321,1,riverside,2,1,3,3,0
1824,7,1,6,5,3,2,4,7165324,1,riverside,2,1,6,3,0
1825,6,7,5,3,4,2,1,6753421,1,sacramento,2,1,2,3,0
1826,1,6,7,5,3,2,4,1675324,0,sacramento,2,1,4,3,0
1827,1,7,5,2,3,6,4,1752364,1,los angeles,1,1,7,3,0
1828,3,7,6,5,4,1,2,3765412,1,los angeles,3,3,3,2,1
1829,NA,NA,NA,NA,NA,NA,NA,-------,0,sacramento,NA,NA,NA,NA,NA
1830,7,6,5,3,4,2,1,7653421,1,orange,4,1,4,3,0
1831,6,7,5,2,4,1,3,6752413,0,los angeles,2,3,5,3,0
1832,7,1,3,6,2,4,5,7136245,1,sacramento,3,1,6,4,0
1833,1,7,6,4,3,5,2,1764352,1,riverside,2,3,3,2,0
1834,7,6,5,3,4,2,1,7653421,0,sacramento,4,1,NA,3,0
1835,1,2,6,7,3,5,4,1267354,0,orange,2,2,1,3,1
1836,1,7,6,3,5,2,4,1763524,1,orange,4,3,5,2,0
1837,1,2,3,7,5,4,6,1237546,0,sacramento,4,1,NA,3,0
1838,7,6,5,3,4,2,1,7653421,0,sacramento,NA,NA,NA,NA,NA
1839,NA,NA,NA,NA,NA,NA,NA,-------,0,sacramento,NA,NA,NA,NA,NA
1840,3,2,1,4,5,6,7,3214567,0,orange,1,1,4,3,0
1841,1,7,6,4,5,3,2,1764532,0,riverside,2,1,2,4,0
1842,7,6,3,5,1,4,2,7635142,0,sacramento,1,1,6,4,0
1843,NA,NA,NA,NA,NA,NA,NA,-------,1,sacramento,2,2,3,3,0
1844,1,7,6,4,5,3,2,1764532,0,riverside,2,1,1,5,0
1845,1,7,6,5,4,2,3,1765423,1,orange,2,1,3,4,0
1846,NA,NA,NA,NA,NA,NA,NA,-------,0,sacramento,3,4,NA,4,0
1847,1,7,6,4,5,2,3,1764523,0,sacramento,4,2,NA,4,0
1848,7,1,2,3,5,6,4,7123564,1,sacramento,1,1,NA,3,0
1849,1,7,6,4,5,3,2,1764532,1,sacramento,2,3,4,4,0
1850,6,7,5,3,4,2,1,6753421,0,riverside,2,1,4,2,0
1851,1,7,6,5,2,3,4,1765234,1,orange,3,1,NA,4,0
1852,7,6,5,2,4,1,3,7652413,1,orange,3,4,NA,3,0
1853,6,7,5,4,3,1,2,6754312,0,orange,1,1,7,4,0
1854,NA,NA,NA,NA,NA,NA,NA,-------,0,sacramento,NA,NA,NA,NA,NA
1855,6,7,5,4,3,2,1,6754321,0,los angeles,1,1,4,4,0
