unit,freesyrianarmy,syriangovernment,syrianislamistgroups,foreignislamistgroups,kurdishgroups,hizbalah,ranking,treat,age,female
1,1,NA,2,NA,NA,NA,1-2---,4,22,2
2,1,NA,2,NA,NA,NA,1-2---,4,25,2
3,1,NA,NA,NA,NA,NA,1-----,6,47,1
4,1,NA,2,NA,NA,NA,1-2---,3,30,2
5,1,NA,2,NA,NA,NA,1-2---,0,30,2
6,1,NA,NA,NA,NA,NA,1-----,7,29,6
7,1,NA,NA,NA,NA,NA,1-----,1,35,4
8,1,NA,NA,NA,NA,NA,1-----,5,25,4
9,1,NA,NA,NA,NA,NA,1-----,4,24,3
10,1,NA,2,NA,NA,NA,1-2---,0,35,2
11,1,NA,NA,NA,NA,NA,1-----,2,36,5
12,NA,1,NA,NA,NA,2,-1---2,3,31,3
13,1,NA,2,NA,NA,NA,1-2---,0,32,4
14,1,NA,NA,NA,NA,NA,1-----,2,31,3
15,1,NA,2,NA,NA,NA,1-2---,4,45,2
16,1,NA,2,NA,NA,NA,1-2---,5,32,2
17,1,NA,2,NA,NA,NA,1-2---,3,25,2
18,1,NA,2,NA,NA,NA,1-2---,7,30,1
19,1,NA,2,NA,NA,NA,1-2---,7,27,6
20,1,NA,2,NA,NA,NA,1-2---,6,24,2
21,1,NA,2,NA,NA,NA,1-2---,1,27,2
22,1,NA,NA,NA,NA,NA,1-----,5,27,2
23,1,NA,NA,NA,NA,NA,1-----,7,36,2
24,NA,NA,NA,NA,1,NA,----1-,4,27,6
25,1,NA,2,NA,NA,NA,1-2---,6,27,2
26,1,NA,2,NA,NA,NA,1-2---,1,27,2
27,NA,NA,NA,NA,NA,NA,------,6,26,6
28,1,NA,NA,NA,NA,NA,1-----,6,33,2
29,1,NA,2,NA,NA,NA,1-2---,7,24,2
30,1,NA,NA,NA,NA,NA,1-----,1,31,2
31,1,NA,2,NA,NA,NA,1-2---,3,24,6
32,1,NA,2,NA,NA,NA,1-2---,7,47,2
33,1,NA,2,NA,NA,NA,1-2---,5,45,2
34,1,NA,NA,NA,NA,NA,1-----,0,35,2
35,1,NA,2,NA,NA,NA,1-2---,1,60,3
36,1,NA,2,NA,NA,NA,1-2---,6,26,3
37,1,NA,2,NA,NA,NA,1-2---,2,30,2
38,1,NA,NA,NA,NA,NA,1-----,6,20,3
39,1,NA,NA,NA,NA,NA,1-----,3,30,3
40,1,NA,NA,NA,NA,NA,1-----,2,60,4
41,NA,NA,NA,NA,NA,NA,------,1,54,2
42,1,NA,NA,NA,NA,NA,1-----,6,54,4
43,1,NA,NA,NA,NA,NA,1-----,6,63,6
44,1,NA,2,NA,NA,NA,1-2---,3,40,6
45,1,NA,NA,NA,NA,NA,1-----,2,27,2
46,1,NA,2,NA,NA,NA,1-2---,7,40,6
47,1,NA,2,NA,NA,NA,1-2---,1,33,2
48,1,NA,NA,NA,NA,NA,1-----,2,47,2
49,1,NA,2,NA,NA,NA,1-2---,6,42,2
50,1,NA,NA,NA,NA,NA,1-----,6,27,2
51,NA,1,NA,NA,NA,NA,-1----,1,29,2
52,1,NA,NA,NA,NA,NA,1-----,6,42,1
53,1,NA,2,NA,NA,NA,1-2---,4,44,2
54,1,NA,2,NA,NA,NA,1-2---,7,23,2
55,1,NA,2,NA,NA,NA,1-2---,2,25,2
56,1,NA,2,NA,NA,NA,1-2---,0,40,1
57,1,NA,2,NA,NA,NA,1-2---,2,25,2
58,NA,1,NA,NA,NA,NA,-1----,7,35,2
59,1,NA,2,NA,NA,NA,1-2---,0,28,5
60,NA,1,NA,NA,NA,NA,-1----,5,40,1
61,1,NA,NA,NA,NA,NA,1-----,3,35,3
62,1,NA,NA,NA,NA,NA,1-----,7,25,2
63,1,NA,2,NA,NA,NA,1-2---,5,39,2
64,1,NA,2,NA,NA,NA,1-2---,5,35,2
65,1,NA,NA,NA,NA,NA,1-----,7,40,2
66,1,NA,2,NA,NA,NA,1-2---,5,36,1
67,1,NA,NA,NA,NA,NA,1-----,1,37,1
68,1,NA,NA,NA,NA,NA,1-----,4,50,2
69,NA,NA,NA,NA,1,NA,----1-,1,32,1
70,1,NA,2,NA,NA,NA,1-2---,4,26,2
71,NA,NA,NA,NA,NA,NA,------,3,35,1
72,1,NA,2,NA,NA,NA,1-2---,7,43,2
73,1,NA,NA,NA,NA,NA,1-----,6,54,1
74,1,NA,NA,NA,NA,NA,1-----,6,63,2
75,1,NA,NA,NA,NA,NA,1-----,5,39,2
76,1,NA,2,NA,NA,NA,1-2---,6,28,2
77,1,NA,2,NA,NA,NA,1-2---,6,38,2
78,1,NA,NA,NA,NA,NA,1-----,6,36,2
79,1,NA,NA,NA,NA,NA,1-----,6,47,2
80,1,NA,NA,NA,NA,NA,1-----,1,25,5
81,1,NA,NA,NA,NA,NA,1-----,2,30,4
82,1,NA,NA,NA,NA,NA,1-----,6,24,6
83,1,NA,NA,NA,NA,NA,1-----,1,22,4
84,1,NA,2,NA,NA,NA,1-2---,2,35,2
85,1,NA,NA,NA,NA,NA,1-----,7,47,8
86,1,NA,2,NA,NA,NA,1-2---,6,35,6
87,1,NA,2,NA,NA,NA,1-2---,5,29,2
88,1,NA,2,NA,NA,NA,1-2---,3,25,1
89,NA,NA,NA,NA,NA,NA,------,1,57,5
90,1,NA,NA,NA,NA,NA,1-----,6,55,2
91,1,NA,2,NA,NA,NA,1-2---,5,28,2
92,1,NA,2,NA,NA,NA,1-2---,0,45,2
93,1,NA,2,NA,NA,NA,1-2---,3,58,6
94,1,NA,NA,NA,NA,NA,1-----,7,60,2
95,1,NA,2,NA,NA,NA,1-2---,5,25,1
96,NA,1,NA,NA,3,2,-1--32,1,27,3
97,NA,1,NA,NA,NA,2,-1---2,5,49,2
98,NA,1,NA,NA,3,2,-1--32,7,25,2
99,NA,1,NA,NA,NA,2,-1---2,0,21,5
100,NA,1,NA,NA,3,2,-1--32,7,28,2
101,NA,1,NA,NA,NA,2,-1---2,2,22,2
102,NA,1,NA,NA,2,NA,-1--2-,0,22,1
103,NA,1,NA,NA,NA,2,-1---2,5,40,2
104,NA,1,NA,NA,NA,2,-1---2,7,52,2
105,NA,1,NA,NA,NA,2,-1---2,3,33,1
106,1,NA,NA,NA,NA,NA,1-----,0,52,3
107,1,NA,NA,NA,NA,NA,1-----,5,20,4
108,1,NA,NA,NA,NA,NA,1-----,1,27,3
109,NA,NA,NA,NA,NA,NA,------,3,42,3
110,1,NA,NA,NA,NA,NA,1-----,7,36,2
111,1,NA,NA,NA,NA,NA,1-----,6,42,4
112,NA,1,NA,NA,3,2,-1--32,5,29,3
113,NA,1,NA,NA,2,3,-1--23,5,32,4
114,1,NA,2,NA,NA,NA,1-2---,6,40,3
115,NA,1,NA,NA,NA,2,-1---2,1,64,1
116,NA,1,NA,NA,NA,2,-1---2,1,31,4
117,NA,1,NA,NA,NA,NA,-1----,7,28,1
118,NA,1,NA,NA,NA,NA,-1----,0,25,4
119,NA,1,NA,NA,NA,NA,-1----,7,30,3
120,NA,1,NA,NA,3,2,-1--32,5,55,3
121,NA,1,NA,NA,NA,NA,-1----,1,40,3
122,NA,1,NA,NA,NA,2,-1---2,4,51,1
123,NA,1,NA,NA,NA,2,-1---2,0,34,1
124,NA,NA,NA,NA,NA,NA,------,7,45,1
125,1,NA,2,3,NA,NA,1-23--,5,32,1
126,NA,NA,NA,NA,NA,NA,------,1,40,3
127,NA,2,NA,NA,1,3,-2--13,3,37,2
128,NA,1,NA,NA,3,2,-1--32,6,22,3
129,NA,1,NA,NA,NA,2,-1---2,6,27,2
130,1,NA,2,3,NA,NA,1-23--,6,31,2
131,1,NA,2,NA,NA,NA,1-2---,5,31,2
132,NA,1,NA,NA,3,2,-1--32,7,30,4
133,1,NA,2,NA,NA,NA,1-2---,3,27,2
134,1,NA,2,3,NA,NA,1-23--,5,57,3
135,NA,1,NA,NA,3,2,-1--32,1,29,3
136,NA,1,NA,NA,NA,NA,-1----,2,45,2
137,NA,1,NA,NA,NA,NA,-1----,6,35,1
138,1,NA,NA,NA,NA,NA,1-----,4,29,3
139,NA,1,NA,NA,NA,2,-1---2,4,32,2
140,NA,1,NA,NA,NA,2,-1---2,3,20,2
141,NA,1,NA,NA,NA,2,-1---2,3,27,2
142,1,NA,2,NA,NA,NA,1-2---,6,40,3
143,1,NA,NA,NA,NA,NA,1-----,1,22,4
144,1,NA,NA,NA,NA,NA,1-----,1,28,2
145,NA,1,NA,NA,NA,2,-1---2,5,28,5
146,NA,NA,NA,NA,NA,NA,------,5,25,2
147,NA,NA,NA,NA,NA,NA,------,5,56,2
148,1,NA,2,3,NA,NA,1-23--,2,41,5
149,NA,NA,NA,NA,NA,NA,------,1,38,2
150,NA,1,NA,NA,NA,NA,-1----,7,25,2
151,1,NA,2,NA,NA,NA,1-2---,7,28,2
152,NA,1,NA,NA,NA,2,-1---2,2,47,4
153,NA,1,NA,NA,3,2,-1--32,4,35,3
154,NA,2,NA,NA,1,NA,-2--1-,1,35,3
155,1,NA,2,3,NA,NA,1-23--,6,27,2
156,1,NA,2,3,NA,NA,1-23--,4,33,3
157,1,NA,2,3,NA,NA,1-23--,7,22,3
158,NA,2,NA,NA,1,NA,-2--1-,4,24,5
159,NA,2,NA,NA,1,3,-2--13,7,25,2
160,NA,2,NA,NA,1,3,-2--13,7,22,2
161,1,NA,2,NA,NA,NA,1-2---,7,26,3
162,1,NA,2,NA,NA,NA,1-2---,6,38,2
163,NA,NA,NA,NA,NA,NA,------,6,23,3
164,NA,2,NA,NA,1,NA,-2--1-,3,55,2
165,1,NA,2,NA,NA,NA,1-2---,5,28,3
166,NA,NA,NA,NA,NA,NA,------,6,29,2
167,NA,NA,1,NA,NA,NA,--1---,7,24,2
168,NA,NA,NA,NA,NA,NA,------,7,28,3
169,NA,2,NA,NA,1,3,-2--13,5,22,3
170,NA,2,NA,NA,1,3,-2--13,7,26,3
171,1,NA,NA,NA,NA,NA,1-----,1,30,3
172,NA,1,NA,NA,NA,NA,-1----,4,50,2
173,NA,NA,NA,NA,1,NA,----1-,5,30,3
174,NA,NA,NA,NA,NA,NA,------,0,27,2
175,NA,1,NA,NA,NA,2,-1---2,6,40,2
176,1,NA,2,NA,NA,NA,1-2---,6,28,4
177,NA,2,NA,NA,1,3,-2--13,6,63,2
178,NA,NA,NA,NA,1,NA,----1-,4,21,2
179,NA,2,NA,NA,1,NA,-2--1-,4,22,5
180,NA,NA,NA,NA,1,NA,----1-,4,24,3
181,NA,2,NA,NA,1,NA,-2--1-,0,48,2
182,NA,1,NA,NA,NA,NA,-1----,1,29,6
183,NA,NA,NA,NA,1,NA,----1-,0,21,2
184,NA,1,NA,NA,NA,2,-1---2,5,52,2
185,NA,1,NA,NA,3,2,-1--32,2,25,2
186,NA,1,NA,NA,NA,NA,-1----,7,59,6
187,NA,1,NA,NA,3,2,-1--32,1,32,2
188,NA,1,NA,NA,NA,NA,-1----,1,27,2
189,1,NA,2,3,NA,NA,1-23--,5,47,2
190,NA,NA,NA,NA,1,NA,----1-,6,46,2
191,NA,1,NA,NA,3,2,-1--32,7,51,2
192,NA,1,NA,NA,3,2,-1--32,4,41,4
193,NA,1,NA,NA,3,2,-1--32,7,52,2
194,NA,1,NA,NA,3,2,-1--32,4,38,2
195,NA,1,NA,NA,3,2,-1--32,0,47,2
196,NA,1,NA,NA,3,2,-1--32,2,34,2
197,NA,1,NA,NA,3,2,-1--32,7,35,2
198,NA,1,NA,NA,3,2,-1--32,4,55,2
199,NA,1,NA,NA,3,2,-1--32,7,21,4
200,NA,1,NA,NA,3,2,-1--32,7,42,2
201,NA,1,NA,NA,3,2,-1--32,3,47,5
202,NA,1,NA,NA,2,3,-1--23,7,57,3
203,NA,1,NA,NA,2,NA,-1--2-,4,24,3
204,NA,1,NA,NA,NA,NA,-1----,4,35,2
205,NA,1,NA,NA,NA,NA,-1----,6,30,2
206,NA,1,NA,NA,3,2,-1--32,5,21,2
207,NA,1,NA,NA,3,2,-1--32,2,36,2
208,NA,1,NA,NA,3,2,-1--32,1,33,2
209,NA,1,NA,NA,3,2,-1--32,7,25,2
210,NA,1,NA,NA,3,2,-1--32,6,30,2
211,NA,1,NA,NA,3,2,-1--32,5,41,1
212,NA,1,NA,NA,3,2,-1--32,6,23,2
213,NA,1,NA,NA,3,2,-1--32,6,27,2
214,NA,2,NA,NA,1,3,-2--13,5,44,3
215,NA,1,NA,NA,2,3,-1--23,1,52,2
216,NA,2,NA,NA,1,3,-2--13,6,24,2
217,NA,1,NA,NA,3,2,-1--32,6,52,2
218,NA,1,NA,NA,3,2,-1--32,7,48,3
219,1,NA,2,NA,NA,NA,1-2---,6,37,2
220,NA,2,NA,NA,1,3,-2--13,6,43,2
221,NA,1,NA,NA,2,3,-1--23,4,47,3
222,NA,1,NA,NA,3,2,-1--32,0,35,2
223,NA,NA,NA,NA,NA,NA,------,3,39,2
224,NA,2,NA,NA,1,3,-2--13,3,46,3
225,NA,2,NA,NA,1,NA,-2--1-,7,30,2
226,NA,1,NA,NA,NA,NA,-1----,6,20,2
227,NA,2,NA,NA,1,3,-2--13,0,43,3
228,NA,2,NA,NA,1,NA,-2--1-,5,37,2
229,NA,1,NA,NA,3,2,-1--32,1,31,2
230,1,NA,2,3,NA,NA,1-23--,5,36,3
231,NA,1,NA,NA,3,2,-1--32,7,57,2
232,NA,1,NA,NA,3,2,-1--32,1,48,3
233,1,NA,2,NA,NA,NA,1-2---,0,41,2
234,NA,1,NA,NA,3,2,-1--32,6,42,2
235,NA,1,NA,NA,2,3,-1--23,3,58,1
236,NA,1,NA,NA,3,2,-1--32,4,61,2
237,NA,1,NA,NA,3,2,-1--32,6,27,3
238,NA,1,NA,NA,2,3,-1--23,1,24,2
239,NA,1,NA,NA,3,2,-1--32,1,35,2
240,NA,1,NA,NA,2,3,-1--23,1,55,2
241,NA,1,NA,NA,3,2,-1--32,0,49,3
242,NA,1,NA,NA,3,2,-1--32,1,23,2
243,NA,1,NA,NA,3,2,-1--32,4,32,3
244,NA,1,NA,NA,3,2,-1--32,7,41,4
245,NA,1,NA,NA,3,2,-1--32,1,45,3
246,NA,1,NA,NA,3,2,-1--32,5,32,4
247,1,NA,2,NA,NA,NA,1-2---,1,53,2
248,NA,1,NA,NA,3,2,-1--32,6,48,3
249,NA,1,NA,NA,3,2,-1--32,1,49,3
250,1,NA,2,NA,NA,NA,1-2---,6,54,2
251,NA,2,NA,NA,1,3,-2--13,2,35,3
252,NA,1,NA,NA,3,2,-1--32,7,37,4
253,NA,1,NA,NA,3,2,-1--32,3,43,2
254,NA,1,NA,NA,3,2,-1--32,7,36,2
255,NA,1,NA,NA,3,2,-1--32,7,42,3
256,NA,1,NA,NA,3,2,-1--32,2,43,3
257,NA,1,NA,NA,3,2,-1--32,5,43,2
258,NA,1,NA,NA,3,2,-1--32,4,50,2
259,NA,1,NA,NA,3,2,-1--32,4,40,1
260,NA,1,NA,NA,3,2,-1--32,2,48,2
261,NA,1,NA,NA,3,2,-1--32,1,55,2
262,NA,1,NA,NA,3,2,-1--32,4,50,2
263,NA,1,NA,NA,2,3,-1--23,6,38,1
264,NA,1,NA,NA,3,2,-1--32,5,63,2
265,NA,1,NA,NA,3,2,-1--32,5,37,3
266,NA,1,NA,NA,2,3,-1--23,6,56,2
267,NA,1,NA,NA,3,2,-1--32,2,27,2
268,NA,1,NA,NA,2,3,-1--23,4,36,3
269,NA,1,NA,NA,3,2,-1--32,6,53,3
270,1,NA,2,NA,NA,NA,1-2---,4,35,2
271,NA,1,NA,NA,3,2,-1--32,7,41,5
272,NA,1,NA,NA,NA,NA,-1----,1,45,3
273,NA,1,NA,NA,NA,2,-1---2,5,36,6
274,NA,1,NA,NA,NA,2,-1---2,4,39,8
275,NA,1,NA,NA,NA,2,-1---2,7,31,2
276,NA,1,NA,NA,NA,2,-1---2,5,41,8
277,NA,1,NA,NA,NA,NA,-1----,6,38,5
278,NA,1,NA,NA,NA,NA,-1----,4,29,8
279,NA,1,NA,NA,2,3,-1--23,1,25,8
280,1,NA,2,3,NA,NA,1-23--,4,35,2
281,NA,1,NA,NA,3,2,-1--32,4,31,5
282,NA,NA,NA,NA,NA,NA,------,2,21,3
283,NA,1,NA,NA,NA,2,-1---2,5,32,3
284,NA,NA,NA,NA,NA,NA,------,1,62,3
285,NA,1,NA,NA,NA,2,-1---2,4,26,8
286,NA,1,NA,NA,NA,2,-1---2,1,34,8
287,NA,1,NA,NA,NA,2,-1---2,5,40,2
288,NA,NA,NA,NA,NA,NA,------,6,32,3
289,NA,1,NA,NA,2,NA,-1--2-,2,30,2
290,NA,2,NA,NA,1,3,-2--13,4,52,2
291,NA,2,NA,NA,1,NA,-2--1-,7,22,3
292,NA,1,NA,NA,NA,2,-1---2,2,27,4
293,1,NA,2,NA,NA,NA,1-2---,1,23,3
294,NA,1,NA,NA,2,NA,-1--2-,2,20,3
295,NA,2,NA,NA,1,NA,-2--1-,3,30,2
296,NA,NA,NA,NA,1,NA,----1-,1,33,3
297,NA,2,NA,NA,1,NA,-2--1-,4,31,3
298,NA,1,NA,NA,NA,2,-1---2,3,58,2
299,NA,NA,NA,NA,NA,NA,------,6,40,3
300,NA,1,NA,NA,NA,NA,-1----,6,30,3
301,NA,NA,NA,NA,NA,NA,------,1,51,2
302,NA,1,NA,NA,NA,2,-1---2,7,30,3
303,NA,1,NA,NA,NA,NA,-1----,7,28,3
304,NA,2,NA,NA,1,3,-2--13,7,32,2
305,1,NA,2,NA,NA,NA,1-2---,7,57,2
306,1,NA,NA,NA,NA,NA,1-----,6,25,4
307,NA,1,NA,NA,NA,2,-1---2,5,28,4
308,1,NA,NA,NA,NA,NA,1-----,2,28,3
309,NA,1,NA,NA,NA,NA,-1----,5,27,5
310,NA,NA,NA,NA,NA,NA,------,3,29,2
311,NA,1,NA,NA,3,2,-1--32,0,46,3
312,NA,1,NA,NA,NA,2,-1---2,0,32,2
313,1,NA,NA,NA,NA,NA,1-----,6,45,2
314,1,NA,2,NA,NA,NA,1-2---,5,20,2
315,NA,2,NA,NA,1,NA,-2--1-,2,30,2
316,NA,NA,NA,NA,1,NA,----1-,6,25,2
317,1,NA,NA,NA,NA,NA,1-----,5,22,2
318,1,NA,NA,NA,NA,NA,1-----,3,34,2
319,1,NA,NA,NA,NA,NA,1-----,5,21,4
320,NA,NA,NA,NA,NA,NA,------,6,25,1
321,1,NA,2,3,NA,NA,1-23--,4,27,2
322,NA,2,NA,NA,1,NA,-2--1-,6,34,2
323,1,NA,2,NA,NA,NA,1-2---,5,41,1
324,NA,1,NA,NA,NA,NA,-1----,6,39,2
325,NA,1,NA,NA,NA,2,-1---2,2,25,2
326,NA,1,NA,NA,NA,2,-1---2,5,33,3
327,1,NA,2,3,NA,NA,1-23--,1,35,2
328,NA,2,NA,NA,1,NA,-2--1-,2,29,4
329,1,NA,2,3,NA,NA,1-23--,3,32,4
330,1,NA,NA,NA,NA,NA,1-----,2,49,2
331,NA,NA,NA,NA,NA,NA,------,7,30,1
332,NA,1,NA,NA,NA,2,-1---2,5,32,4
333,NA,NA,NA,NA,NA,NA,------,1,32,4
334,NA,1,NA,NA,NA,NA,-1----,6,27,2
335,NA,1,NA,NA,NA,2,-1---2,6,52,2
336,NA,1,NA,NA,NA,NA,-1----,6,29,2
337,NA,NA,NA,NA,NA,NA,------,5,45,1
338,NA,1,NA,NA,NA,2,-1---2,2,65,1
339,1,NA,2,NA,NA,NA,1-2---,4,65,1
340,NA,1,NA,NA,NA,2,-1---2,7,21,1
341,1,NA,2,NA,NA,NA,1-2---,2,25,2
342,1,NA,NA,NA,NA,NA,1-----,0,27,3
343,NA,1,NA,NA,NA,NA,-1----,7,26,2
344,1,NA,2,3,NA,NA,1-23--,6,55,2
345,1,NA,2,NA,NA,NA,1-2---,7,28,2
346,1,NA,2,3,NA,NA,1-23--,6,35,2
347,1,NA,NA,NA,NA,NA,1-----,6,42,6
348,1,NA,2,3,NA,NA,1-23--,1,35,4
349,NA,NA,NA,NA,NA,NA,------,0,47,2
350,NA,NA,NA,NA,NA,NA,------,4,53,2
351,1,NA,NA,NA,NA,NA,1-----,7,38,6
352,1,NA,NA,NA,NA,NA,1-----,6,41,6
353,1,NA,2,3,NA,NA,1-23--,5,30,3
354,1,NA,2,3,NA,NA,1-23--,1,26,4
355,1,NA,2,3,NA,NA,1-23--,3,65,2
356,1,NA,2,3,NA,NA,1-23--,6,42,4
357,1,NA,2,3,NA,NA,1-23--,6,24,5
358,1,NA,NA,NA,NA,NA,1-----,3,56,2
359,1,NA,NA,NA,NA,NA,1-----,5,23,2
360,1,NA,2,3,NA,NA,1-23--,5,61,2
361,NA,NA,NA,NA,NA,NA,------,4,30,3
362,1,NA,2,3,NA,NA,1-23--,4,50,2
363,1,NA,2,3,NA,NA,1-23--,4,38,2
364,1,NA,NA,NA,NA,NA,1-----,0,23,3
365,1,NA,2,3,NA,NA,1-23--,6,30,4
366,1,NA,2,NA,NA,NA,1-2---,6,30,2
367,1,NA,2,3,NA,NA,1-23--,6,32,4
368,1,NA,NA,NA,NA,NA,1-----,1,65,2
369,NA,1,NA,NA,NA,NA,-1----,4,35,4
370,NA,2,NA,NA,1,NA,-2--1-,4,60,4
371,1,NA,2,NA,NA,NA,1-2---,6,35,2
372,1,NA,2,NA,NA,NA,1-2---,3,40,2
373,1,NA,2,NA,NA,NA,1-2---,5,42,2
374,1,NA,NA,NA,NA,NA,1-----,1,23,3
375,1,NA,NA,NA,NA,NA,1-----,6,40,3
376,1,NA,NA,NA,NA,NA,1-----,3,20,2
377,1,NA,NA,NA,NA,NA,1-----,0,32,2
378,1,NA,NA,NA,NA,NA,1-----,6,27,2
379,1,NA,NA,NA,NA,NA,1-----,7,48,2
380,1,NA,NA,NA,NA,NA,1-----,1,43,1
381,NA,NA,NA,NA,NA,NA,------,6,51,2
382,NA,NA,NA,NA,NA,NA,------,6,33,2
383,NA,NA,NA,NA,NA,NA,------,7,30,2
384,1,NA,NA,NA,NA,NA,1-----,4,30,4
385,1,NA,NA,NA,NA,NA,1-----,1,37,4
386,1,NA,NA,NA,NA,NA,1-----,5,42,2
387,1,NA,NA,NA,NA,NA,1-----,5,40,6
388,1,NA,NA,NA,NA,NA,1-----,5,35,2
389,1,NA,NA,NA,NA,NA,1-----,5,37,2
390,1,NA,NA,NA,NA,NA,1-----,6,29,2
391,1,NA,NA,NA,NA,NA,1-----,7,24,2
392,1,NA,NA,NA,NA,NA,1-----,2,35,2
393,1,NA,NA,NA,NA,NA,1-----,0,30,2
394,1,NA,NA,NA,NA,NA,1-----,4,42,2
395,1,NA,NA,NA,NA,NA,1-----,5,50,2
396,1,NA,NA,NA,NA,NA,1-----,1,46,2
397,1,NA,NA,NA,NA,NA,1-----,6,29,2
398,1,NA,NA,NA,NA,NA,1-----,1,33,2
399,1,NA,NA,NA,NA,NA,1-----,1,39,2
400,1,NA,NA,NA,NA,NA,1-----,1,30,3
401,1,NA,NA,NA,NA,NA,1-----,5,55,3
402,1,NA,NA,NA,NA,NA,1-----,5,28,6
403,1,NA,2,NA,NA,NA,1-2---,4,46,2
404,1,NA,NA,NA,NA,NA,1-----,1,43,2
405,1,NA,NA,NA,NA,NA,1-----,4,34,2
406,1,NA,NA,NA,NA,NA,1-----,6,45,2
407,1,NA,NA,NA,NA,NA,1-----,1,24,2
408,1,NA,NA,NA,NA,NA,1-----,1,29,2
409,1,NA,NA,NA,NA,NA,1-----,4,31,2
410,1,NA,NA,NA,NA,NA,1-----,1,35,2
411,1,NA,NA,NA,NA,NA,1-----,5,35,4
412,1,NA,NA,NA,NA,NA,1-----,2,50,4
413,1,NA,NA,NA,NA,NA,1-----,7,26,1
414,1,NA,NA,NA,NA,NA,1-----,0,38,1
415,1,NA,NA,NA,NA,NA,1-----,6,57,2
416,1,NA,NA,NA,NA,NA,1-----,7,24,4
417,1,NA,NA,NA,NA,NA,1-----,0,29,2
418,1,NA,NA,NA,NA,NA,1-----,1,45,2
419,1,NA,NA,NA,NA,NA,1-----,4,33,2
420,1,NA,NA,NA,NA,NA,1-----,1,51,4
421,1,NA,NA,NA,NA,NA,1-----,1,50,1
422,1,NA,NA,NA,NA,NA,1-----,2,21,2
423,NA,NA,NA,NA,NA,NA,------,1,58,2
424,1,NA,2,NA,NA,NA,1-2---,7,48,1
425,1,NA,2,3,NA,NA,1-23--,7,42,8
426,1,NA,NA,NA,NA,NA,1-----,1,40,1
427,1,NA,NA,NA,NA,NA,1-----,3,34,4
428,1,NA,NA,NA,NA,NA,1-----,0,30,2
429,1,NA,NA,NA,NA,NA,1-----,5,33,2
430,1,NA,NA,NA,NA,NA,1-----,2,52,2
431,1,NA,NA,NA,NA,NA,1-----,4,35,1
432,1,NA,NA,NA,NA,NA,1-----,7,65,1
433,1,NA,NA,NA,NA,NA,1-----,4,29,2
434,1,NA,NA,NA,NA,NA,1-----,7,33,4
435,1,NA,NA,NA,NA,NA,1-----,6,40,1
436,1,NA,NA,NA,NA,NA,1-----,0,34,1
437,1,NA,NA,NA,NA,NA,1-----,1,35,2
438,1,NA,NA,NA,NA,NA,1-----,2,45,1
439,1,NA,NA,NA,NA,NA,1-----,6,45,2
440,1,NA,NA,NA,NA,NA,1-----,1,24,3
441,1,NA,NA,NA,NA,NA,1-----,7,32,2
442,1,NA,NA,NA,NA,NA,1-----,1,30,1
443,1,NA,NA,NA,NA,NA,1-----,0,36,2
444,1,NA,NA,NA,NA,NA,1-----,4,37,2
445,1,NA,NA,NA,NA,NA,1-----,1,27,3
446,NA,1,NA,NA,NA,NA,-1----,7,28,3
447,1,NA,NA,NA,NA,NA,1-----,2,24,2
448,1,NA,NA,NA,NA,NA,1-----,5,28,3
449,1,NA,2,NA,NA,NA,1-2---,6,32,3
450,1,NA,NA,NA,NA,NA,1-----,7,22,3
451,1,NA,NA,NA,NA,NA,1-----,1,26,3
452,1,NA,2,NA,NA,NA,1-2---,2,32,1
453,1,NA,NA,NA,NA,NA,1-----,7,35,4
454,1,NA,NA,NA,NA,NA,1-----,5,27,2
455,1,NA,2,NA,NA,NA,1-2---,2,20,3
456,1,NA,NA,NA,NA,NA,1-----,0,22,4
457,1,NA,NA,NA,NA,NA,1-----,7,35,2
458,1,NA,NA,NA,NA,NA,1-----,7,30,2
459,1,NA,NA,NA,NA,NA,1-----,2,25,2
460,1,NA,NA,NA,NA,NA,1-----,3,31,2
461,NA,1,NA,NA,NA,2,-1---2,2,20,3
462,1,NA,NA,NA,NA,NA,1-----,6,24,2
463,1,NA,NA,NA,NA,NA,1-----,1,54,2
464,1,NA,NA,NA,NA,NA,1-----,5,29,2
465,1,NA,NA,NA,NA,NA,1-----,0,40,2
466,1,NA,NA,NA,NA,NA,1-----,7,52,2
467,1,NA,NA,NA,NA,NA,1-----,7,28,2
468,1,NA,NA,NA,NA,NA,1-----,1,45,2
469,1,NA,NA,NA,NA,NA,1-----,5,36,2
470,NA,1,NA,NA,NA,NA,-1----,1,27,2
471,NA,1,NA,NA,NA,2,-1---2,7,60,1
472,NA,1,NA,NA,NA,NA,-1----,6,30,3
473,NA,1,NA,NA,NA,NA,-1----,2,65,2
474,NA,1,NA,NA,NA,NA,-1----,5,24,1
475,NA,NA,NA,NA,NA,NA,------,5,40,2
476,NA,1,NA,NA,3,2,-1--32,3,50,2
477,1,NA,2,3,NA,NA,1-23--,3,35,4
478,1,NA,2,NA,NA,NA,1-2---,5,44,2
479,NA,1,NA,NA,3,2,-1--32,2,40,4
480,NA,1,NA,NA,3,2,-1--32,2,52,3
481,1,NA,2,3,NA,NA,1-23--,4,33,4
482,1,NA,NA,NA,NA,NA,1-----,2,52,2
483,1,NA,2,3,NA,NA,1-23--,7,37,2
484,NA,1,NA,NA,3,2,-1--32,1,50,2
485,NA,1,NA,NA,3,2,-1--32,5,31,2
486,1,NA,2,3,NA,NA,1-23--,7,47,3
487,1,NA,2,3,NA,NA,1-23--,5,39,3
488,1,NA,2,3,NA,NA,1-23--,3,44,4
489,1,NA,2,3,NA,NA,1-23--,3,41,2
490,1,NA,2,3,NA,NA,1-23--,1,33,2
491,1,NA,2,3,NA,NA,1-23--,6,58,2
492,1,NA,2,3,NA,NA,1-23--,1,37,3
493,1,NA,2,3,NA,NA,1-23--,2,56,2
494,1,NA,2,3,NA,NA,1-23--,5,49,2
495,1,NA,2,3,NA,NA,1-23--,5,34,3
496,1,NA,2,3,NA,NA,1-23--,7,27,2
497,1,NA,2,3,NA,NA,1-23--,5,48,2
498,1,NA,2,3,NA,NA,1-23--,6,38,3
499,1,NA,2,3,NA,NA,1-23--,6,54,2
500,NA,1,NA,NA,2,3,-1--23,1,62,2
501,NA,1,NA,NA,NA,NA,-1----,1,35,3
502,NA,NA,NA,NA,NA,NA,------,6,32,2
503,NA,1,NA,NA,NA,2,-1---2,3,37,1
504,NA,1,NA,NA,NA,2,-1---2,4,29,2
505,NA,NA,NA,NA,NA,NA,------,2,25,3
506,NA,1,NA,NA,NA,2,-1---2,5,37,2
507,NA,1,NA,NA,NA,NA,-1----,5,42,5
508,NA,1,NA,NA,NA,2,-1---2,7,52,4
509,NA,1,NA,NA,NA,2,-1---2,1,22,3
510,NA,1,NA,NA,3,2,-1--32,7,34,3
511,NA,1,NA,NA,NA,2,-1---2,1,37,2
512,NA,1,NA,NA,3,2,-1--32,6,46,2
513,1,NA,NA,NA,NA,NA,1-----,1,21,3
514,NA,1,NA,NA,2,NA,-1--2-,5,30,4
515,NA,1,NA,NA,NA,2,-1---2,6,25,4
516,NA,1,NA,NA,2,NA,-1--2-,4,56,3
517,NA,NA,NA,NA,NA,NA,------,0,38,3
518,NA,1,NA,NA,NA,NA,-1----,7,37,3
519,NA,2,NA,NA,1,NA,-2--1-,0,51,2
520,NA,1,NA,NA,2,NA,-1--2-,6,23,8
521,NA,1,NA,NA,NA,NA,-1----,5,42,2
522,NA,2,NA,NA,1,NA,-2--1-,2,26,5
523,NA,1,NA,NA,NA,2,-1---2,0,32,2
524,NA,NA,NA,NA,NA,NA,------,7,35,8
525,NA,1,NA,NA,NA,NA,-1----,4,38,8
526,NA,1,NA,NA,3,2,-1--32,7,41,5
527,NA,1,NA,NA,3,2,-1--32,1,27,2
528,NA,1,NA,NA,NA,NA,-1----,7,23,8
529,NA,1,NA,NA,NA,2,-1---2,5,49,2
530,NA,NA,NA,NA,NA,NA,------,2,28,4
531,NA,1,NA,NA,NA,2,-1---2,1,26,3
532,NA,1,NA,NA,NA,2,-1---2,5,34,6
533,NA,1,NA,NA,3,2,-1--32,7,29,5
534,NA,1,NA,NA,NA,2,-1---2,3,41,6
535,NA,1,NA,NA,3,2,-1--32,1,49,4
536,NA,1,NA,NA,NA,NA,-1----,1,38,3
537,NA,1,NA,NA,NA,2,-1---2,1,32,5
538,NA,1,NA,NA,NA,2,-1---2,6,23,3
539,NA,1,NA,NA,2,3,-1--23,7,41,2
540,NA,2,NA,NA,1,NA,-2--1-,7,27,4
541,NA,1,NA,NA,NA,NA,-1----,1,22,3
542,NA,1,NA,NA,3,2,-1--32,7,24,4
543,NA,1,NA,NA,3,2,-1--32,1,32,8
544,NA,1,NA,NA,NA,NA,-1----,1,39,2
545,NA,1,NA,NA,NA,NA,-1----,2,29,3
546,NA,1,NA,NA,NA,2,-1---2,1,32,2
547,NA,NA,NA,NA,NA,NA,------,5,36,2
548,NA,1,NA,NA,NA,2,-1---2,7,48,2
549,NA,1,NA,NA,NA,2,-1---2,1,34,3
550,1,NA,NA,NA,NA,NA,1-----,6,29,2
551,1,NA,2,NA,NA,NA,1-2---,1,37,1
552,NA,NA,NA,NA,NA,NA,------,7,32,5
553,1,NA,2,NA,NA,NA,1-2---,5,24,3
554,NA,1,NA,NA,NA,NA,-1----,7,31,3
555,NA,1,NA,NA,NA,NA,-1----,5,41,1
556,NA,1,NA,NA,NA,2,-1---2,6,46,5
557,NA,NA,NA,NA,NA,NA,------,1,41,2
558,1,NA,NA,NA,NA,NA,1-----,7,45,8
559,1,NA,NA,NA,NA,NA,1-----,4,43,2
560,NA,1,NA,NA,2,NA,-1--2-,1,35,8
561,1,NA,NA,NA,NA,NA,1-----,1,34,3
562,NA,NA,NA,NA,NA,NA,------,7,25,3
563,NA,1,NA,NA,NA,2,-1---2,4,43,8
564,1,NA,NA,NA,NA,NA,1-----,0,23,3
565,NA,1,NA,NA,NA,2,-1---2,6,38,8
566,1,NA,NA,NA,NA,NA,1-----,3,51,1
567,NA,1,NA,NA,NA,NA,-1----,0,61,1
568,NA,1,NA,NA,NA,2,-1---2,6,54,2
569,NA,2,NA,NA,1,3,-2--13,1,39,3
570,NA,2,NA,NA,1,NA,-2--1-,6,29,4
571,NA,1,NA,NA,NA,2,-1---2,1,23,3
572,NA,1,NA,NA,NA,2,-1---2,1,34,8
573,NA,1,NA,NA,3,2,-1--32,5,28,8
574,NA,1,NA,NA,NA,2,-1---2,7,48,8
575,NA,1,NA,NA,NA,2,-1---2,3,34,5
576,NA,NA,NA,NA,NA,NA,------,1,23,3
577,NA,1,NA,NA,NA,2,-1---2,3,41,2
578,NA,1,NA,NA,NA,2,-1---2,5,21,2
579,NA,1,NA,NA,NA,2,-1---2,7,37,8
580,NA,1,NA,NA,NA,NA,-1----,6,33,4
581,NA,1,NA,NA,NA,2,-1---2,4,26,3
582,NA,1,NA,NA,3,2,-1--32,5,61,2
583,NA,1,NA,NA,NA,2,-1---2,7,28,3
584,NA,1,NA,NA,NA,2,-1---2,1,28,8
585,1,NA,NA,NA,NA,NA,1-----,0,29,2
586,NA,1,NA,NA,NA,NA,-1----,6,31,6
587,NA,NA,NA,NA,NA,NA,------,7,37,8
588,NA,1,NA,NA,NA,NA,-1----,3,38,3
589,NA,1,NA,NA,2,NA,-1--2-,4,37,2
590,NA,1,NA,NA,NA,2,-1---2,4,24,3
591,NA,1,NA,NA,3,2,-1--32,4,29,5
592,NA,1,NA,NA,NA,2,-1---2,1,36,8
593,NA,1,NA,NA,3,2,-1--32,1,28,4
594,NA,NA,NA,NA,NA,NA,------,1,26,3
595,NA,1,NA,NA,NA,2,-1---2,3,39,8
596,NA,1,NA,NA,NA,2,-1---2,6,38,8
597,NA,1,NA,NA,NA,2,-1---2,3,27,2
598,NA,2,NA,NA,1,NA,-2--1-,6,43,2
599,NA,1,NA,NA,NA,2,-1---2,1,32,3
600,NA,1,NA,NA,NA,NA,-1----,0,23,4
601,NA,1,NA,NA,NA,2,-1---2,7,45,6
602,NA,1,NA,NA,NA,NA,-1----,7,58,1
603,NA,1,NA,NA,NA,2,-1---2,6,52,1
604,NA,1,NA,NA,NA,2,-1---2,6,38,2
605,NA,1,NA,NA,NA,2,-1---2,2,25,3
606,NA,1,NA,NA,NA,2,-1---2,1,41,4
607,NA,1,NA,NA,NA,2,-1---2,5,31,2
608,NA,1,NA,NA,3,2,-1--32,5,25,5
609,NA,1,NA,NA,NA,2,-1---2,4,37,3
610,NA,1,NA,NA,NA,2,-1---2,7,43,3
611,NA,1,NA,NA,NA,2,-1---2,7,32,8
612,NA,1,NA,NA,NA,2,-1---2,3,52,2
613,NA,1,NA,NA,NA,2,-1---2,7,23,3
614,NA,1,NA,NA,NA,2,-1---2,4,24,2
615,NA,1,NA,NA,NA,2,-1---2,3,45,8
616,NA,1,NA,NA,NA,2,-1---2,0,32,8
617,NA,1,NA,NA,NA,2,-1---2,1,34,8
618,NA,3,NA,NA,1,2,-3--12,1,46,2
619,NA,1,NA,NA,NA,2,-1---2,5,28,8
620,NA,2,NA,NA,1,NA,-2--1-,5,27,4
621,1,NA,NA,NA,NA,NA,1-----,7,32,2
622,NA,1,NA,NA,NA,NA,-1----,4,52,1
623,NA,1,NA,NA,NA,2,-1---2,4,31,8
624,NA,1,NA,NA,NA,2,-1---2,6,36,8
625,NA,2,NA,NA,1,3,-2--13,6,29,8
626,NA,2,NA,NA,1,3,-2--13,1,23,2
627,NA,1,NA,NA,NA,2,-1---2,3,34,8
628,1,NA,NA,NA,NA,NA,1-----,5,27,3
629,NA,1,NA,NA,3,2,-1--32,7,26,3
630,NA,NA,NA,NA,NA,NA,------,2,47,2
631,NA,1,NA,NA,NA,2,-1---2,7,46,3
632,NA,1,NA,NA,NA,2,-1---2,1,32,8
633,NA,1,NA,NA,NA,2,-1---2,5,36,2
634,NA,1,NA,NA,3,2,-1--32,2,22,3
635,NA,1,NA,NA,NA,2,-1---2,1,24,3
636,NA,2,NA,NA,1,3,-2--13,6,39,8
637,NA,1,NA,NA,NA,2,-1---2,3,24,5
638,NA,1,NA,NA,NA,2,-1---2,4,23,3
639,NA,1,NA,NA,NA,2,-1---2,7,53,2
640,NA,1,NA,NA,NA,2,-1---2,1,57,1
641,NA,1,NA,NA,NA,2,-1---2,0,42,8
642,NA,1,NA,NA,NA,2,-1---2,1,27,4
643,NA,NA,NA,NA,NA,NA,------,7,29,2
644,1,NA,NA,NA,NA,NA,1-----,5,51,1
645,1,NA,NA,NA,NA,NA,1-----,7,31,8
646,1,NA,NA,NA,NA,NA,1-----,6,30,4
647,NA,1,NA,NA,3,2,-1--32,6,32,8
648,NA,1,NA,NA,NA,2,-1---2,1,31,2
649,NA,1,NA,NA,NA,NA,-1----,7,37,2
650,NA,1,NA,NA,NA,2,-1---2,7,39,8
651,NA,1,NA,NA,NA,NA,-1----,3,39,1
652,1,NA,NA,NA,NA,NA,1-----,1,40,2
653,1,NA,NA,NA,NA,NA,1-----,6,25,2
654,1,NA,NA,NA,NA,NA,1-----,2,46,2
655,1,NA,NA,NA,NA,NA,1-----,7,30,2
656,1,NA,NA,NA,NA,NA,1-----,6,27,2
657,1,NA,NA,NA,NA,NA,1-----,7,33,2
658,1,NA,NA,NA,NA,NA,1-----,6,24,2
659,1,NA,NA,NA,NA,NA,1-----,1,39,2
660,1,NA,NA,NA,NA,NA,1-----,4,40,2
661,1,NA,NA,NA,NA,NA,1-----,4,30,2
662,1,NA,NA,NA,NA,NA,1-----,5,38,2
663,1,NA,NA,NA,NA,NA,1-----,3,36,2
664,1,NA,NA,NA,NA,NA,1-----,2,23,4
665,1,NA,NA,NA,NA,NA,1-----,4,49,3
666,1,NA,NA,NA,NA,NA,1-----,5,21,3
667,1,NA,NA,NA,NA,NA,1-----,5,40,6
668,1,NA,NA,NA,NA,NA,1-----,4,28,4
669,1,NA,NA,NA,NA,NA,1-----,4,27,4
670,1,NA,NA,NA,NA,NA,1-----,6,28,2
671,1,NA,NA,NA,NA,NA,1-----,4,25,3
672,1,NA,NA,NA,NA,NA,1-----,4,40,1
673,1,NA,NA,NA,NA,NA,1-----,3,35,3
674,1,NA,NA,NA,NA,NA,1-----,6,40,1
675,1,NA,NA,NA,NA,NA,1-----,0,40,2
676,1,NA,NA,NA,NA,NA,1-----,7,30,3
677,1,NA,NA,NA,NA,NA,1-----,6,46,2
678,1,NA,2,NA,NA,NA,1-2---,7,50,2
679,1,NA,2,NA,NA,NA,1-2---,1,45,3
680,1,NA,2,NA,NA,NA,1-2---,4,42,8
681,1,NA,2,NA,NA,NA,1-2---,2,35,8
682,1,NA,NA,NA,NA,NA,1-----,7,34,1
683,1,NA,NA,NA,NA,NA,1-----,1,40,2
684,1,NA,NA,NA,NA,NA,1-----,5,53,1
685,1,NA,NA,NA,NA,NA,1-----,7,36,2
686,1,NA,NA,NA,NA,NA,1-----,1,24,4
687,1,NA,NA,NA,NA,NA,1-----,7,43,3
688,1,NA,NA,NA,NA,NA,1-----,7,32,3
689,1,NA,NA,NA,NA,NA,1-----,6,28,5
690,1,NA,NA,NA,NA,NA,1-----,5,32,5
691,1,NA,NA,NA,NA,NA,1-----,6,36,2
692,1,NA,NA,NA,NA,NA,1-----,1,24,5
693,1,NA,NA,NA,NA,NA,1-----,1,35,2
694,1,NA,NA,NA,NA,NA,1-----,1,29,2
695,1,NA,2,NA,NA,NA,1-2---,5,44,3
696,1,NA,NA,NA,NA,NA,1-----,1,38,2
697,1,NA,NA,NA,NA,NA,1-----,7,50,1
698,1,NA,NA,NA,NA,NA,1-----,2,41,2
699,1,NA,NA,NA,NA,NA,1-----,3,30,3
700,NA,1,NA,NA,3,2,-1--32,3,34,4
701,NA,1,NA,NA,3,2,-1--32,4,49,6
702,NA,2,NA,NA,1,3,-2--13,7,35,2
703,1,NA,2,3,NA,NA,1-23--,0,43,3
704,NA,1,NA,NA,3,2,-1--32,6,37,3
705,1,NA,2,3,NA,NA,1-23--,5,60,2
706,1,NA,2,3,NA,NA,1-23--,2,57,2
707,1,NA,2,3,NA,NA,1-23--,6,32,8
708,1,NA,2,3,NA,NA,1-23--,6,33,2
709,1,NA,2,3,NA,NA,1-23--,6,45,2
710,1,NA,2,3,NA,NA,1-23--,0,47,2
711,1,NA,2,3,NA,NA,1-23--,2,53,2
712,NA,1,NA,NA,3,2,-1--32,0,42,3
713,NA,1,NA,NA,3,2,-1--32,6,37,4
714,NA,1,NA,NA,3,2,-1--32,3,29,2
715,NA,1,NA,NA,3,2,-1--32,5,31,3
716,1,NA,2,NA,NA,NA,1-2---,2,39,2
717,1,NA,2,3,NA,NA,1-23--,6,51,2
718,NA,1,NA,NA,3,2,-1--32,1,43,4
719,1,NA,2,3,NA,NA,1-23--,1,34,2
720,1,NA,2,3,NA,NA,1-23--,6,46,2
721,1,NA,2,3,NA,NA,1-23--,7,59,2
722,1,NA,2,3,NA,NA,1-23--,7,47,2
723,1,NA,2,3,NA,NA,1-23--,2,43,3
724,1,NA,2,3,NA,NA,1-23--,7,54,2
725,1,NA,2,3,NA,NA,1-23--,2,42,3
726,1,NA,NA,NA,NA,NA,1-----,5,33,2
727,NA,1,NA,NA,3,2,-1--32,5,37,3
728,NA,1,NA,NA,2,3,-1--23,3,55,2
729,NA,1,NA,NA,3,2,-1--32,2,45,4
730,NA,1,NA,NA,2,3,-1--23,5,60,2
731,NA,1,NA,NA,2,3,-1--23,0,25,2
732,NA,1,NA,NA,3,2,-1--32,5,47,4
733,NA,1,NA,NA,3,2,-1--32,2,32,3
734,NA,1,NA,NA,3,2,-1--32,7,37,3
735,NA,1,NA,NA,3,2,-1--32,1,37,3
736,NA,1,NA,NA,3,2,-1--32,1,41,3
737,NA,1,NA,NA,3,2,-1--32,5,29,4
738,1,NA,2,3,NA,NA,1-23--,7,43,3
739,1,NA,2,3,NA,NA,1-23--,4,54,2
740,NA,1,NA,NA,3,2,-1--32,2,40,3
741,NA,1,NA,NA,3,2,-1--32,1,51,4
742,NA,1,NA,NA,2,3,-1--23,4,39,3
743,NA,1,NA,NA,3,2,-1--32,6,46,3
744,NA,1,NA,NA,2,3,-1--23,6,24,3
745,NA,1,NA,NA,3,2,-1--32,1,65,2
746,NA,1,NA,NA,3,2,-1--32,6,40,2
747,NA,1,NA,NA,2,3,-1--23,7,48,3
748,NA,1,NA,NA,3,2,-1--32,7,56,3
749,NA,1,NA,NA,2,3,-1--23,1,54,3
750,1,NA,2,3,NA,NA,1-23--,4,32,3
751,1,NA,2,3,NA,NA,1-23--,4,37,2
752,NA,2,NA,NA,1,3,-2--13,0,41,1
753,1,NA,2,3,NA,NA,1-23--,7,24,8
754,1,NA,2,3,NA,NA,1-23--,7,40,2
755,NA,1,NA,NA,3,2,-1--32,6,29,2
756,NA,1,NA,NA,3,2,-1--32,6,31,3
757,1,NA,NA,NA,NA,NA,1-----,6,31,2
758,NA,NA,NA,NA,NA,NA,------,6,24,2
759,NA,1,NA,NA,NA,2,-1---2,6,23,2
760,1,NA,2,NA,NA,NA,1-2---,1,27,2
761,1,NA,2,NA,NA,NA,1-2---,1,65,1
762,1,NA,2,NA,NA,NA,1-2---,2,33,2
763,1,NA,2,3,NA,NA,1-23--,1,27,2
764,1,NA,NA,NA,NA,NA,1-----,3,31,2
765,NA,1,NA,NA,NA,2,-1---2,0,28,3
766,NA,1,NA,NA,NA,NA,-1----,7,30,2
767,NA,1,NA,NA,NA,2,-1---2,5,39,1
768,NA,1,NA,NA,NA,NA,-1----,1,30,4
769,NA,1,NA,NA,NA,2,-1---2,5,43,2
770,NA,2,NA,NA,1,NA,-2--1-,5,32,2
771,NA,NA,NA,NA,1,NA,----1-,0,24,2
772,NA,1,NA,NA,NA,NA,-1----,4,23,2
773,NA,NA,NA,NA,NA,NA,------,4,50,1
774,NA,NA,NA,NA,1,NA,----1-,6,52,1
775,NA,NA,NA,NA,1,NA,----1-,6,34,2
776,NA,NA,NA,NA,1,2,----12,7,25,2
777,NA,2,NA,NA,1,3,-2--13,0,31,2
778,NA,2,NA,NA,1,3,-2--13,3,32,3
779,1,NA,2,3,NA,NA,1-23--,3,35,2
780,1,NA,2,3,NA,NA,1-23--,0,29,4
781,NA,2,NA,NA,1,3,-2--13,7,42,2
782,NA,1,NA,NA,NA,2,-1---2,7,21,3
783,1,NA,NA,NA,NA,NA,1-----,7,22,3
784,1,NA,NA,NA,NA,NA,1-----,4,25,2
785,NA,NA,NA,NA,1,NA,----1-,7,50,1
786,NA,NA,NA,NA,NA,NA,------,1,23,5
787,1,NA,NA,NA,NA,NA,1-----,1,22,3
788,1,NA,NA,NA,NA,NA,1-----,5,53,1
789,1,NA,NA,NA,NA,NA,1-----,5,30,3
790,NA,1,NA,NA,2,3,-1--23,4,45,4
791,NA,1,NA,NA,3,2,-1--32,3,37,1
792,NA,NA,NA,NA,NA,NA,------,4,28,6
793,NA,2,NA,NA,1,3,-2--13,2,30,1
794,NA,NA,NA,NA,1,NA,----1-,6,26,2
795,NA,NA,NA,NA,1,NA,----1-,7,25,1
796,1,NA,NA,NA,NA,NA,1-----,7,30,1
797,NA,1,NA,NA,NA,2,-1---2,2,25,3
798,NA,1,NA,NA,NA,NA,-1----,1,21,2
799,1,NA,NA,NA,NA,NA,1-----,7,24,5
800,1,NA,2,3,NA,NA,1-23--,6,57,2
801,NA,1,NA,NA,3,2,-1--32,1,37,2
802,NA,1,NA,NA,3,2,-1--32,7,36,3
803,NA,1,NA,NA,3,2,-1--32,5,23,5
804,NA,1,NA,NA,3,2,-1--32,3,41,4
805,NA,1,NA,NA,3,2,-1--32,5,43,2
806,NA,1,NA,NA,3,2,-1--32,6,53,2
807,NA,1,NA,NA,3,2,-1--32,2,48,2
808,NA,1,NA,NA,3,2,-1--32,6,30,8
809,NA,1,NA,NA,2,3,-1--23,1,33,3
810,NA,1,NA,NA,3,2,-1--32,3,37,3
811,1,NA,2,3,NA,NA,1-23--,0,54,2
812,NA,1,NA,NA,3,2,-1--32,5,65,2
813,NA,1,NA,NA,3,2,-1--32,1,42,4
814,NA,1,NA,NA,2,3,-1--23,5,55,3
815,NA,1,NA,NA,2,3,-1--23,6,28,4
816,NA,1,NA,NA,3,2,-1--32,1,57,2
817,NA,1,NA,NA,2,3,-1--23,2,41,3
818,NA,1,NA,NA,3,2,-1--32,2,45,3
819,NA,1,NA,NA,3,2,-1--32,2,33,4
820,NA,1,NA,NA,3,2,-1--32,7,26,5
821,NA,1,NA,NA,3,2,-1--32,7,30,3
822,NA,1,NA,NA,3,2,-1--32,6,60,2
823,NA,1,NA,NA,3,2,-1--32,5,53,2
824,NA,1,NA,NA,3,2,-1--32,7,39,3
825,NA,1,NA,NA,3,2,-1--32,2,49,2
826,NA,1,NA,NA,3,2,-1--32,7,53,2
827,NA,1,NA,NA,3,2,-1--32,2,41,3
828,NA,1,NA,NA,3,2,-1--32,2,35,8
829,NA,1,NA,NA,3,2,-1--32,6,47,3
830,NA,1,NA,NA,3,2,-1--32,3,43,2
831,NA,1,NA,NA,3,2,-1--32,7,43,2
832,NA,1,NA,NA,3,2,-1--32,1,38,8
833,NA,1,NA,NA,3,2,-1--32,5,34,3
834,1,NA,2,3,NA,NA,1-23--,6,43,2
835,NA,1,NA,NA,3,2,-1--32,7,43,2
836,NA,1,NA,NA,3,2,-1--32,1,39,3
837,NA,1,NA,NA,3,2,-1--32,5,53,2
838,NA,1,NA,NA,NA,2,-1---2,3,46,2
839,1,NA,2,3,NA,NA,1-23--,6,38,2
840,1,NA,2,3,NA,NA,1-23--,2,31,3
841,NA,1,NA,NA,3,2,-1--32,3,42,4
842,1,NA,2,3,NA,NA,1-23--,5,55,2
843,NA,1,NA,NA,3,2,-1--32,7,47,3
844,NA,1,NA,NA,3,2,-1--32,6,43,2
845,NA,1,NA,NA,3,2,-1--32,6,41,6
846,NA,1,NA,NA,3,2,-1--32,5,47,3
847,NA,1,NA,NA,3,2,-1--32,6,56,2
848,NA,1,NA,NA,3,2,-1--32,7,52,2
849,NA,1,NA,NA,3,2,-1--32,1,39,2
850,NA,1,NA,NA,3,2,-1--32,5,44,3
851,NA,1,NA,NA,2,3,-1--23,0,30,2
852,NA,1,NA,NA,3,2,-1--32,6,52,2
853,NA,1,NA,NA,3,2,-1--32,0,48,4
854,NA,1,NA,NA,3,2,-1--32,5,60,2
855,NA,1,NA,NA,3,2,-1--32,6,57,2
856,NA,1,NA,NA,3,2,-1--32,2,38,3
857,NA,1,NA,NA,3,2,-1--32,5,65,1
858,NA,1,NA,NA,3,2,-1--32,6,38,2
859,NA,1,NA,NA,3,2,-1--32,5,33,4
860,NA,NA,NA,NA,NA,NA,------,1,30,4
861,NA,1,NA,NA,NA,NA,-1----,0,31,3
862,NA,1,NA,NA,NA,2,-1---2,7,46,8
863,NA,1,NA,NA,NA,2,-1---2,2,37,2
864,NA,1,NA,NA,NA,2,-1---2,7,34,2
865,NA,1,NA,NA,NA,2,-1---2,1,45,8
866,NA,1,NA,NA,3,2,-1--32,6,41,4
867,NA,1,NA,NA,NA,2,-1---2,4,49,1
868,NA,1,NA,NA,NA,2,-1---2,7,63,2
869,NA,1,NA,NA,NA,2,-1---2,3,26,8
870,NA,2,NA,NA,1,3,-2--13,7,32,8
871,NA,1,NA,NA,NA,2,-1---2,1,41,8
872,NA,1,NA,NA,3,2,-1--32,2,31,5
873,1,NA,NA,NA,NA,NA,1-----,4,24,3
874,NA,1,NA,NA,NA,2,-1---2,2,36,8
875,NA,1,NA,NA,3,2,-1--32,6,46,3
876,NA,1,NA,NA,3,2,-1--32,7,45,8
877,NA,1,NA,NA,2,3,-1--23,6,31,3
878,NA,1,NA,NA,NA,2,-1---2,0,42,8
879,NA,1,NA,NA,2,3,-1--23,1,28,5
880,NA,1,NA,NA,NA,2,-1---2,1,51,6
881,NA,1,NA,NA,NA,2,-1---2,3,42,6
882,NA,1,NA,NA,NA,2,-1---2,7,26,2
883,NA,1,NA,NA,2,3,-1--23,5,37,3
884,NA,1,NA,NA,NA,2,-1---2,5,62,2
885,NA,NA,NA,NA,NA,NA,------,6,34,8
886,NA,1,NA,NA,NA,NA,-1----,7,23,4
887,NA,1,NA,NA,NA,2,-1---2,6,52,2
888,NA,1,NA,NA,NA,2,-1---2,4,45,8
889,NA,1,NA,NA,2,3,-1--23,7,24,8
890,NA,NA,NA,NA,NA,NA,------,3,41,1
891,NA,1,NA,NA,3,2,-1--32,1,29,4
892,NA,NA,NA,NA,NA,NA,------,3,28,8
893,NA,NA,NA,NA,NA,NA,------,3,31,3
894,NA,1,NA,NA,NA,2,-1---2,7,37,4
895,NA,1,NA,NA,NA,2,-1---2,7,23,8
896,NA,NA,NA,NA,NA,NA,------,5,25,8
897,NA,1,NA,NA,NA,2,-1---2,5,32,4
898,NA,NA,NA,NA,NA,NA,------,6,27,5
899,NA,1,NA,NA,3,2,-1--32,5,39,2
900,NA,1,NA,NA,NA,2,-1---2,6,51,3
901,NA,1,NA,NA,NA,2,-1---2,1,49,1
902,NA,1,NA,NA,3,2,-1--32,0,26,2
903,NA,1,NA,NA,NA,NA,-1----,1,23,5
904,NA,1,NA,NA,NA,2,-1---2,1,32,4
905,NA,NA,NA,NA,NA,NA,------,7,42,1
906,NA,1,NA,NA,NA,2,-1---2,5,38,8
907,NA,1,NA,NA,NA,2,-1---2,1,27,5
908,NA,1,NA,NA,3,2,-1--32,2,32,5
909,NA,1,NA,NA,NA,2,-1---2,1,32,3
910,NA,1,NA,NA,NA,2,-1---2,1,43,8
911,NA,1,NA,NA,NA,2,-1---2,6,25,2
912,NA,NA,NA,NA,NA,NA,------,1,29,6
913,NA,1,NA,NA,NA,2,-1---2,3,51,1
914,NA,1,NA,NA,NA,2,-1---2,4,34,8
915,NA,1,NA,NA,NA,2,-1---2,6,32,3
916,NA,1,NA,NA,3,2,-1--32,7,41,4
917,NA,NA,NA,NA,NA,NA,------,6,27,2
918,NA,NA,NA,NA,NA,NA,------,5,43,5
919,NA,1,NA,NA,3,2,-1--32,5,46,3
920,NA,1,NA,NA,NA,2,-1---2,1,29,5
921,NA,NA,NA,NA,NA,NA,------,6,32,8
922,NA,1,NA,NA,NA,2,-1---2,1,38,8
923,NA,1,NA,NA,NA,2,-1---2,2,28,5
924,NA,NA,NA,NA,NA,NA,------,3,30,3
925,NA,2,NA,NA,1,3,-2--13,1,45,8
926,NA,1,NA,NA,NA,2,-1---2,1,48,3
927,NA,1,NA,NA,NA,2,-1---2,7,24,8
928,NA,1,NA,NA,NA,2,-1---2,2,23,3
929,1,NA,2,3,NA,NA,1-23--,2,45,2
930,1,NA,2,3,NA,NA,1-23--,5,46,8
931,1,NA,2,3,NA,NA,1-23--,7,25,5
932,1,NA,2,3,NA,NA,1-23--,1,25,5
933,1,NA,2,3,NA,NA,1-23--,7,29,2
934,1,NA,2,3,NA,NA,1-23--,1,40,3
935,1,NA,2,3,NA,NA,1-23--,1,35,3
936,1,NA,2,3,NA,NA,1-23--,7,35,1
937,1,NA,2,3,NA,NA,1-23--,5,21,2
938,1,NA,2,3,NA,NA,1-23--,7,31,2
939,1,NA,2,3,NA,NA,1-23--,1,24,2
940,1,NA,2,3,NA,NA,1-23--,1,48,2
941,1,NA,2,3,NA,NA,1-23--,2,21,3
942,1,NA,2,3,NA,NA,1-23--,1,52,3
943,1,NA,2,3,NA,NA,1-23--,5,40,2
944,1,NA,NA,NA,NA,NA,1-----,6,21,2
945,1,NA,NA,NA,NA,NA,1-----,1,28,3
946,1,NA,NA,NA,NA,NA,1-----,1,27,2
947,1,NA,2,3,NA,NA,1-23--,0,40,2
948,1,NA,2,3,NA,NA,1-23--,7,37,1
949,1,NA,2,3,NA,NA,1-23--,4,32,2
950,1,NA,NA,NA,NA,NA,1-----,4,42,1
951,1,NA,NA,NA,NA,NA,1-----,1,21,2
952,2,NA,1,3,NA,NA,2-13--,1,42,2
953,1,NA,2,3,NA,NA,1-23--,1,33,1
954,1,NA,2,3,NA,NA,1-23--,3,24,4
955,1,NA,2,3,NA,NA,1-23--,1,24,2
956,3,NA,1,2,NA,NA,3-12--,6,50,2
957,1,NA,NA,NA,NA,NA,1-----,0,60,1
958,1,NA,2,3,NA,NA,1-23--,2,22,2
959,1,NA,2,3,NA,NA,1-23--,2,60,1
960,1,NA,2,3,NA,NA,1-23--,7,21,3
961,1,NA,2,3,NA,NA,1-23--,4,30,3
962,NA,NA,NA,NA,NA,NA,------,6,38,2
963,1,NA,2,NA,NA,NA,1-2---,7,26,8
964,1,NA,2,3,NA,NA,1-23--,7,28,2
965,1,NA,2,3,NA,NA,1-23--,7,21,3
966,1,NA,NA,NA,NA,NA,1-----,1,33,2
967,1,NA,NA,NA,NA,NA,1-----,1,44,3
968,1,NA,2,3,NA,NA,1-23--,1,29,2
969,1,NA,2,3,NA,NA,1-23--,7,43,2
970,1,NA,2,3,NA,NA,1-23--,3,37,2
971,1,NA,NA,NA,NA,NA,1-----,7,49,2
972,1,NA,2,3,NA,NA,1-23--,7,37,1
973,1,NA,2,3,NA,NA,1-23--,0,24,3
974,1,NA,2,3,NA,NA,1-23--,1,35,2
975,1,NA,2,3,NA,NA,1-23--,3,37,2
976,2,NA,1,3,NA,NA,2-13--,5,27,2
977,1,NA,NA,NA,NA,NA,1-----,1,30,2
978,1,NA,2,NA,NA,NA,1-2---,0,35,1
979,2,NA,1,3,NA,NA,2-13--,6,47,3
980,1,NA,2,3,NA,NA,1-23--,4,22,1
981,1,NA,2,3,NA,NA,1-23--,1,41,3
982,1,NA,2,3,NA,NA,1-23--,1,35,3
983,1,NA,2,3,NA,NA,1-23--,7,21,3
984,1,NA,2,3,NA,NA,1-23--,3,28,3
985,1,NA,2,3,NA,NA,1-23--,6,21,2
986,1,NA,NA,NA,NA,NA,1-----,7,50,3
987,1,NA,NA,NA,NA,NA,1-----,6,21,3
988,1,NA,NA,NA,NA,NA,1-----,0,36,3
989,1,NA,2,3,NA,NA,1-23--,4,40,1
990,1,NA,2,3,NA,NA,1-23--,7,30,3
991,1,NA,2,3,NA,NA,1-23--,2,24,4
992,1,NA,2,NA,NA,NA,1-2---,0,31,3
993,1,NA,2,3,NA,NA,1-23--,2,35,3
994,1,NA,2,3,NA,NA,1-23--,1,42,3
995,1,NA,2,3,NA,NA,1-23--,5,31,3
996,1,NA,2,3,NA,NA,1-23--,7,21,3
997,1,NA,2,3,NA,NA,1-23--,0,29,3
998,NA,NA,NA,NA,NA,NA,------,5,35,3
999,1,NA,NA,NA,NA,NA,1-----,4,29,3
1000,1,NA,NA,NA,NA,NA,1-----,7,26,3
1001,NA,NA,NA,NA,NA,NA,------,3,30,3
1002,NA,NA,NA,NA,NA,NA,------,5,25,4
1003,1,NA,2,3,NA,NA,1-23--,2,35,1
1004,NA,NA,NA,NA,NA,NA,------,5,49,1
1005,NA,1,NA,NA,NA,NA,-1----,5,22,3
1006,NA,1,NA,NA,3,2,-1--32,0,36,2
1007,1,NA,NA,NA,NA,NA,1-----,6,27,2
1008,NA,1,NA,NA,NA,NA,-1----,2,43,1
1009,NA,1,NA,NA,NA,NA,-1----,5,24,2
1010,NA,1,NA,NA,NA,NA,-1----,2,62,1
1011,NA,1,NA,NA,NA,NA,-1----,7,32,1
1012,NA,1,NA,NA,3,2,-1--32,4,48,3
1013,NA,1,NA,NA,3,2,-1--32,3,31,2
1014,NA,1,NA,NA,3,2,-1--32,6,50,2
1015,1,NA,2,3,NA,NA,1-23--,5,50,1
1016,1,NA,2,3,NA,NA,1-23--,5,43,4
1017,NA,NA,1,NA,NA,NA,--1---,7,40,3
1018,1,NA,2,3,NA,NA,1-23--,4,43,2
1019,1,NA,2,3,NA,NA,1-23--,5,52,1
1020,NA,1,NA,NA,3,2,-1--32,0,57,2
1021,NA,1,NA,NA,3,2,-1--32,4,37,3
1022,NA,1,NA,NA,3,2,-1--32,7,30,8
1023,NA,NA,NA,NA,NA,NA,------,7,55,2
1024,1,NA,NA,NA,NA,NA,1-----,6,65,3
1025,1,NA,NA,NA,NA,NA,1-----,5,34,6
1026,1,NA,NA,NA,NA,NA,1-----,4,42,2
1027,1,NA,NA,NA,NA,NA,1-----,0,20,2
1028,1,NA,NA,NA,NA,NA,1-----,3,26,2
1029,1,NA,NA,NA,NA,NA,1-----,1,40,1
1030,1,NA,NA,NA,NA,NA,1-----,5,48,3
1031,1,NA,NA,NA,NA,NA,1-----,7,35,2
1032,1,NA,NA,NA,NA,NA,1-----,7,39,2
1033,1,NA,2,NA,NA,NA,1-2---,6,40,1
1034,1,NA,NA,NA,NA,NA,1-----,3,32,4
1035,1,NA,NA,NA,NA,NA,1-----,7,36,3
1036,1,NA,NA,NA,NA,NA,1-----,0,27,3
1037,1,NA,NA,NA,NA,NA,1-----,1,50,3
1038,1,NA,2,3,NA,NA,1-23--,6,32,3
1039,1,NA,NA,NA,NA,NA,1-----,6,25,3
1040,1,NA,NA,NA,NA,NA,1-----,7,65,2
1041,1,NA,NA,NA,NA,NA,1-----,1,35,6
1042,1,NA,NA,NA,NA,NA,1-----,6,42,2
1043,1,NA,NA,NA,NA,NA,1-----,7,60,2
1044,1,NA,NA,NA,NA,NA,1-----,0,42,2
1045,1,NA,NA,NA,NA,NA,1-----,0,37,2
1046,1,NA,NA,NA,NA,NA,1-----,6,40,2
1047,1,NA,NA,NA,NA,NA,1-----,0,30,2
1048,1,NA,NA,NA,NA,NA,1-----,4,23,2
1049,1,NA,NA,NA,NA,NA,1-----,7,52,2
1050,1,NA,NA,NA,NA,NA,1-----,1,22,2
1051,1,NA,NA,NA,NA,NA,1-----,0,21,3
1052,1,NA,2,3,NA,NA,1-23--,3,24,4
1053,2,NA,1,3,NA,NA,2-13--,3,45,3
1054,1,NA,2,3,NA,NA,1-23--,3,36,3
1055,1,NA,2,3,NA,NA,1-23--,5,35,3
1056,1,NA,2,3,NA,NA,1-23--,4,22,5
1057,1,NA,2,3,NA,NA,1-23--,7,35,2
1058,NA,1,NA,NA,3,2,-1--32,0,37,5
1059,1,NA,2,NA,NA,NA,1-2---,4,27,3
1060,NA,1,NA,NA,3,2,-1--32,3,34,5
1061,1,NA,2,3,NA,NA,1-23--,1,50,1
1062,NA,1,NA,NA,3,2,-1--32,6,49,4
1063,1,NA,2,3,NA,NA,1-23--,5,39,5
1064,1,NA,2,3,NA,NA,1-23--,0,45,3
1065,NA,1,NA,NA,2,3,-1--23,5,32,5
1066,NA,1,NA,NA,3,2,-1--32,0,60,3
1067,1,NA,2,3,NA,NA,1-23--,7,57,2
1068,1,NA,2,3,NA,NA,1-23--,4,40,3
1069,NA,1,NA,NA,3,2,-1--32,1,49,3
1070,NA,1,NA,NA,3,2,-1--32,6,60,3
1071,1,NA,2,3,NA,NA,1-23--,7,50,1
1072,NA,1,NA,NA,3,2,-1--32,3,35,3
1073,1,NA,2,3,NA,NA,1-23--,5,44,3
1074,1,NA,2,3,NA,NA,1-23--,2,55,2
1075,NA,1,NA,NA,3,2,-1--32,1,47,3
1076,1,NA,2,3,NA,NA,1-23--,5,61,2
1077,NA,1,NA,NA,3,2,-1--32,6,35,5
1078,1,NA,2,3,NA,NA,1-23--,7,49,4
1079,NA,1,NA,NA,3,2,-1--32,0,39,5
1080,1,NA,2,3,NA,NA,1-23--,7,58,3
1081,1,NA,NA,NA,NA,NA,1-----,0,23,1
1082,NA,1,NA,NA,3,2,-1--32,1,33,2
1083,NA,NA,NA,NA,NA,NA,------,0,55,2
1084,1,NA,2,3,NA,NA,1-23--,5,44,2
1085,1,NA,2,3,NA,NA,1-23--,7,34,3
1086,NA,NA,NA,NA,NA,NA,------,7,43,3
1087,NA,1,NA,NA,3,2,-1--32,7,31,8
1088,NA,1,NA,NA,3,2,-1--32,6,43,1
1089,1,NA,2,3,NA,NA,1-23--,6,45,2
1090,1,NA,NA,NA,NA,NA,1-----,6,37,1
1091,NA,1,NA,NA,2,3,-1--23,3,49,2
1092,NA,1,NA,NA,3,2,-1--32,1,41,2
1093,NA,1,NA,NA,3,2,-1--32,5,42,2
1094,3,NA,1,2,NA,NA,3-12--,6,57,2
1095,1,NA,2,3,NA,NA,1-23--,5,54,2
1096,1,NA,2,3,NA,NA,1-23--,0,57,1
1097,NA,1,NA,NA,3,2,-1--32,4,36,2
1098,1,NA,NA,NA,NA,NA,1-----,2,47,2
1099,2,NA,1,3,NA,NA,2-13--,7,44,2
1100,1,NA,2,3,NA,NA,1-23--,1,47,1
1101,1,NA,2,3,NA,NA,1-23--,4,27,1
1102,1,NA,2,3,NA,NA,1-23--,2,35,2
1103,NA,1,NA,NA,3,2,-1--32,7,49,1
1104,NA,NA,NA,NA,NA,NA,------,6,52,2
1105,1,NA,NA,NA,NA,NA,1-----,7,25,1
1106,3,NA,1,2,NA,NA,3-12--,7,43,2
1107,1,NA,2,3,NA,NA,1-23--,6,45,1
1108,1,NA,2,3,NA,NA,1-23--,5,37,2
1109,NA,1,NA,NA,3,2,-1--32,7,42,2
1110,1,NA,2,3,NA,NA,1-23--,4,50,1
1111,NA,NA,NA,NA,NA,NA,------,4,32,1
1112,1,NA,2,3,NA,NA,1-23--,1,36,1
1113,1,NA,2,3,NA,NA,1-23--,3,34,2
1114,NA,NA,NA,NA,NA,NA,------,3,27,1
1115,NA,1,NA,NA,3,2,-1--32,5,54,3
1116,NA,1,NA,NA,3,2,-1--32,0,48,3
1117,1,NA,2,3,NA,NA,1-23--,7,51,2
1118,1,NA,2,3,NA,NA,1-23--,6,45,3
1119,1,NA,2,3,NA,NA,1-23--,5,37,4
1120,1,NA,2,3,NA,NA,1-23--,7,55,3
1121,1,NA,2,3,NA,NA,1-23--,0,36,3
1122,1,NA,2,3,NA,NA,1-23--,1,25,4
1123,NA,1,NA,NA,3,2,-1--32,6,57,4
1124,NA,1,NA,NA,3,2,-1--32,3,59,5
1125,NA,1,NA,NA,3,2,-1--32,2,41,4
1126,NA,NA,NA,NA,NA,NA,------,1,54,2
1127,NA,1,NA,NA,3,2,-1--32,7,43,3
1128,1,NA,NA,NA,NA,NA,1-----,1,42,3
1129,1,NA,2,3,NA,NA,1-23--,6,58,2
1130,1,NA,2,3,NA,NA,1-23--,7,48,2
1131,1,NA,2,3,NA,NA,1-23--,0,56,2
1132,1,NA,2,3,NA,NA,1-23--,6,45,3
1133,1,NA,2,3,NA,NA,1-23--,0,39,4
1134,1,NA,2,3,NA,NA,1-23--,6,37,2
1135,1,NA,2,3,NA,NA,1-23--,6,42,3
1136,1,NA,2,3,NA,NA,1-23--,4,52,2
1137,NA,1,NA,NA,3,2,-1--32,6,37,5
1138,NA,1,NA,NA,3,2,-1--32,7,43,6
1139,NA,1,NA,NA,3,2,-1--32,6,49,3
1140,NA,1,NA,NA,3,2,-1--32,6,54,2
1141,NA,1,NA,NA,3,2,-1--32,1,32,6
1142,NA,1,NA,NA,NA,2,-1---2,1,32,2
1143,NA,1,NA,NA,3,2,-1--32,7,46,3
1144,1,NA,NA,NA,NA,NA,1-----,7,50,2
1145,NA,1,NA,NA,3,2,-1--32,1,27,2
1146,NA,1,NA,NA,NA,2,-1---2,6,29,1
1147,NA,1,NA,NA,NA,2,-1---2,3,61,2
1148,NA,1,NA,NA,NA,2,-1---2,1,33,4
1149,NA,1,NA,NA,NA,NA,-1----,4,65,1
1150,NA,1,NA,NA,3,2,-1--32,1,25,2
1151,NA,NA,NA,NA,NA,NA,------,7,20,2
1152,NA,1,NA,NA,NA,NA,-1----,4,26,2
1153,NA,1,NA,NA,3,2,-1--32,4,56,2
1154,NA,1,NA,NA,3,2,-1--32,7,34,6
1155,NA,1,NA,NA,3,2,-1--32,1,40,4
1156,NA,1,NA,NA,3,2,-1--32,2,37,2
1157,NA,NA,NA,NA,NA,NA,------,3,20,3
1158,NA,1,NA,NA,NA,NA,-1----,0,45,2
1159,NA,1,NA,NA,NA,NA,-1----,6,21,2
1160,NA,NA,NA,NA,NA,NA,------,5,37,1
1161,NA,1,NA,NA,NA,2,-1---2,3,24,3
1162,1,NA,NA,NA,NA,NA,1-----,6,50,2
1163,NA,1,NA,NA,NA,2,-1---2,4,30,4
1164,1,NA,NA,NA,NA,NA,1-----,2,31,2
1165,NA,1,NA,NA,NA,2,-1---2,5,35,2
1166,NA,1,NA,NA,NA,2,-1---2,6,48,2
1167,1,NA,NA,NA,NA,NA,1-----,3,26,2
1168,1,NA,NA,NA,NA,NA,1-----,6,22,4
1169,NA,2,NA,NA,1,3,-2--13,4,31,3
1170,NA,NA,NA,NA,NA,NA,------,1,22,5
1171,1,NA,NA,NA,NA,NA,1-----,5,29,4
1172,NA,1,NA,NA,NA,2,-1---2,2,43,3
1173,NA,1,NA,NA,NA,2,-1---2,1,53,4
1174,NA,1,NA,NA,NA,2,-1---2,7,30,6
1175,1,NA,NA,NA,NA,NA,1-----,6,34,2
1176,NA,1,NA,NA,NA,2,-1---2,5,24,3
1177,NA,NA,NA,NA,NA,NA,------,7,31,2
1178,NA,1,NA,NA,3,2,-1--32,3,43,2
1179,NA,2,NA,NA,1,NA,-2--1-,7,43,1
1180,NA,1,NA,NA,NA,2,-1---2,2,35,2
1181,NA,2,NA,NA,1,NA,-2--1-,1,30,2
1182,NA,2,NA,NA,1,NA,-2--1-,5,25,2
1183,NA,1,NA,NA,NA,2,-1---2,5,33,3
1184,NA,1,NA,NA,NA,2,-1---2,4,30,3
1185,1,NA,2,NA,NA,NA,1-2---,0,25,1
1186,NA,NA,NA,NA,NA,NA,------,5,23,5
1187,NA,1,NA,NA,NA,2,-1---2,4,30,2
1188,1,NA,NA,NA,NA,NA,1-----,5,27,2
1189,NA,1,NA,NA,NA,2,-1---2,6,27,3
1190,NA,1,NA,NA,NA,2,-1---2,3,28,3
1191,NA,1,NA,NA,NA,2,-1---2,1,38,3
1192,NA,1,NA,NA,NA,2,-1---2,0,45,3
1193,NA,1,NA,NA,2,NA,-1--2-,6,38,2
1194,NA,1,NA,NA,NA,2,-1---2,5,24,5
1195,1,NA,NA,NA,NA,NA,1-----,1,32,2
1196,NA,NA,NA,NA,NA,NA,------,5,44,2
1197,1,NA,NA,NA,NA,NA,1-----,6,33,3
1198,NA,2,NA,NA,1,NA,-2--1-,7,35,3
1199,NA,2,NA,NA,1,NA,-2--1-,3,50,2
1200,NA,2,NA,NA,1,3,-2--13,5,52,1
1201,1,NA,NA,NA,NA,NA,1-----,7,38,3
1202,1,NA,NA,NA,NA,NA,1-----,6,27,2
1203,NA,1,NA,NA,NA,2,-1---2,2,25,2
1204,NA,1,NA,NA,NA,2,-1---2,6,30,1
1205,NA,1,NA,NA,NA,2,-1---2,6,30,1
1206,1,NA,2,NA,NA,NA,1-2---,6,34,2
1207,NA,1,NA,NA,3,2,-1--32,7,25,4
1208,1,NA,2,NA,NA,NA,1-2---,3,45,1
1209,1,NA,2,3,NA,NA,1-23--,6,57,2
1210,1,NA,2,3,NA,NA,1-23--,5,35,5
1211,1,NA,2,NA,NA,NA,1-2---,3,34,3
1212,1,NA,2,3,NA,NA,1-23--,1,25,2
1213,1,NA,2,3,NA,NA,1-23--,3,58,2
1214,1,NA,2,NA,NA,NA,1-2---,1,28,4
1215,NA,1,NA,NA,NA,2,-1---2,5,53,2
1216,1,NA,NA,NA,NA,NA,1-----,5,24,3
1217,1,NA,NA,NA,NA,NA,1-----,3,39,2
1218,1,NA,NA,NA,NA,NA,1-----,0,23,2
1219,1,NA,NA,NA,NA,NA,1-----,3,33,4
1220,1,NA,2,NA,NA,NA,1-2---,5,27,3
1221,1,NA,NA,NA,NA,NA,1-----,6,31,1
1222,NA,NA,1,NA,NA,NA,--1---,7,30,2
1223,1,NA,NA,NA,NA,NA,1-----,6,27,3
1224,1,NA,NA,NA,NA,NA,1-----,6,24,1
1225,1,NA,2,NA,NA,NA,1-2---,1,25,2
1226,1,NA,2,NA,NA,NA,1-2---,5,44,2
1227,NA,NA,NA,NA,NA,NA,------,4,32,1
1228,NA,1,NA,NA,NA,NA,-1----,5,50,2
1229,NA,1,NA,NA,NA,2,-1---2,3,44,2
1230,1,NA,2,NA,NA,NA,1-2---,7,44,2
1231,1,NA,2,NA,NA,NA,1-2---,7,30,2
1232,1,NA,2,NA,NA,NA,1-2---,3,24,3
1233,1,NA,2,3,NA,NA,1-23--,5,40,2
1234,1,NA,2,NA,NA,NA,1-2---,5,47,3
1235,NA,NA,NA,NA,1,NA,----1-,7,29,2
1236,1,NA,2,NA,NA,NA,1-2---,6,53,1
1237,1,NA,2,3,NA,NA,1-23--,1,37,2
1238,1,NA,NA,NA,NA,NA,1-----,5,45,1
1239,1,NA,2,3,NA,NA,1-23--,2,28,2
1240,1,NA,2,NA,NA,NA,1-2---,0,53,2
1241,1,NA,2,3,NA,NA,1-23--,1,32,4
1242,1,NA,2,3,NA,NA,1-23--,4,38,3
1243,1,NA,2,NA,NA,NA,1-2---,0,42,1
1244,NA,1,NA,NA,NA,2,-1---2,6,32,3
1245,2,NA,1,3,NA,NA,2-13--,4,57,2
1246,1,NA,NA,NA,NA,NA,1-----,1,31,1
1247,1,NA,2,3,NA,NA,1-23--,5,38,8
1248,NA,NA,NA,NA,NA,NA,------,5,49,1
1249,1,NA,2,3,NA,NA,1-23--,5,36,2
1250,1,NA,NA,NA,NA,NA,1-----,4,42,2
1251,1,NA,2,3,NA,NA,1-23--,2,44,3
1252,1,NA,2,NA,NA,NA,1-2---,1,50,1
1253,1,NA,2,3,NA,NA,1-23--,3,52,2
1254,1,NA,2,3,NA,NA,1-23--,1,40,4
1255,1,NA,2,3,NA,NA,1-23--,6,53,2
1256,1,NA,2,3,NA,NA,1-23--,7,45,2
1257,NA,NA,NA,NA,NA,NA,------,2,53,1
1258,1,NA,2,3,NA,NA,1-23--,6,26,2
1259,1,NA,2,3,NA,NA,1-23--,7,36,2
1260,1,NA,2,3,NA,NA,1-23--,6,39,2
1261,1,NA,2,3,NA,NA,1-23--,5,43,1
1262,1,NA,2,3,NA,NA,1-23--,2,47,3
1263,1,NA,2,3,NA,NA,1-23--,7,41,1
1264,1,NA,2,3,NA,NA,1-23--,6,56,2
1265,1,NA,NA,NA,NA,NA,1-----,5,34,1
1266,1,NA,2,3,NA,NA,1-23--,4,49,2
1267,1,NA,2,3,NA,NA,1-23--,6,35,2
1268,NA,1,NA,NA,3,2,-1--32,1,29,2
1269,1,NA,2,3,NA,NA,1-23--,6,44,1
1270,NA,NA,NA,NA,NA,NA,------,7,31,1
1271,NA,1,NA,NA,3,2,-1--32,1,31,1
1272,1,NA,NA,NA,NA,NA,1-----,1,22,2
1273,1,NA,NA,NA,NA,NA,1-----,5,26,2
1274,1,NA,2,3,NA,NA,1-23--,4,23,2
1275,1,NA,2,3,NA,NA,1-23--,1,31,2
1276,NA,1,NA,NA,3,2,-1--32,1,42,3
1277,NA,1,NA,NA,3,2,-1--32,7,38,5
1278,NA,1,NA,NA,2,3,-1--23,4,60,2
1279,NA,1,NA,NA,2,3,-1--23,4,57,1
1280,NA,1,NA,NA,3,2,-1--32,4,29,3
1281,1,NA,2,3,NA,NA,1-23--,1,40,1
1282,1,NA,2,3,NA,NA,1-23--,2,36,1
1283,1,NA,NA,NA,NA,NA,1-----,5,47,1
1284,1,NA,2,3,NA,NA,1-23--,5,33,3
1285,1,NA,2,3,NA,NA,1-23--,5,50,2
1286,NA,NA,NA,NA,NA,NA,------,6,50,3
1287,1,NA,2,3,NA,NA,1-23--,6,37,1
1288,1,NA,2,3,NA,NA,1-23--,1,35,8
1289,NA,1,NA,NA,3,2,-1--32,6,37,3
1290,1,NA,2,3,NA,NA,1-23--,1,43,2
1291,1,NA,NA,NA,NA,NA,1-----,1,36,4
1292,1,NA,2,3,NA,NA,1-23--,7,29,2
1293,1,NA,2,3,NA,NA,1-23--,7,32,2
1294,1,NA,2,3,NA,NA,1-23--,5,43,2
1295,1,NA,NA,NA,NA,NA,1-----,7,47,1
1296,1,NA,2,3,NA,NA,1-23--,6,34,3
1297,1,NA,NA,NA,NA,NA,1-----,2,47,1
1298,1,NA,2,3,NA,NA,1-23--,7,56,2
1299,1,NA,2,3,NA,NA,1-23--,1,48,4
1300,1,NA,NA,NA,NA,NA,1-----,5,32,2
1301,1,NA,NA,NA,NA,NA,1-----,5,40,2
1302,1,NA,NA,NA,NA,NA,1-----,6,25,2
1303,1,NA,NA,NA,NA,NA,1-----,6,41,2
1304,1,NA,NA,NA,NA,NA,1-----,7,35,2
1305,1,NA,NA,NA,NA,NA,1-----,7,52,2
1306,1,NA,NA,NA,NA,NA,1-----,1,45,2
1307,1,NA,NA,NA,NA,NA,1-----,6,33,2
1308,1,NA,NA,NA,NA,NA,1-----,7,44,4
1309,1,NA,NA,NA,NA,NA,1-----,6,47,2
1310,1,NA,NA,NA,NA,NA,1-----,3,35,2
1311,1,NA,NA,NA,NA,NA,1-----,6,37,2
1312,1,NA,NA,NA,NA,NA,1-----,2,38,2
1313,1,NA,NA,NA,NA,NA,1-----,5,41,2
1314,1,NA,NA,NA,NA,NA,1-----,0,28,2
1315,1,NA,NA,NA,NA,NA,1-----,1,35,2
1316,1,NA,NA,NA,NA,NA,1-----,7,29,2
1317,1,NA,NA,NA,NA,NA,1-----,7,44,2
1318,1,NA,NA,NA,NA,NA,1-----,1,52,2
1319,1,NA,NA,NA,NA,NA,1-----,5,42,3
1320,1,NA,NA,NA,NA,NA,1-----,5,42,6
1321,1,NA,NA,NA,NA,NA,1-----,7,35,2
1322,1,NA,NA,NA,NA,NA,1-----,6,30,5
1323,1,NA,NA,NA,NA,NA,1-----,3,45,1
1324,1,NA,NA,NA,NA,NA,1-----,6,50,1
1325,1,NA,NA,NA,NA,NA,1-----,1,30,3
1326,1,NA,NA,NA,NA,NA,1-----,7,35,1
1327,1,NA,NA,NA,NA,NA,1-----,5,44,1
1328,1,NA,NA,NA,NA,NA,1-----,7,32,2
1329,1,NA,NA,NA,NA,NA,1-----,4,24,6
1330,1,NA,NA,NA,NA,NA,1-----,0,41,2
1331,1,NA,NA,NA,NA,NA,1-----,3,31,2
1332,1,NA,NA,NA,NA,NA,1-----,5,50,2
1333,1,NA,NA,NA,NA,NA,1-----,6,29,2
1334,1,NA,NA,NA,NA,NA,1-----,3,36,2
1335,1,NA,NA,NA,NA,NA,1-----,5,27,2
1336,1,NA,NA,NA,NA,NA,1-----,3,29,2
1337,1,NA,NA,NA,NA,NA,1-----,1,25,2
1338,1,NA,NA,NA,NA,NA,1-----,4,29,2
1339,1,NA,NA,NA,NA,NA,1-----,5,27,2
1340,1,NA,NA,NA,NA,NA,1-----,7,45,8
1341,1,NA,NA,NA,NA,NA,1-----,0,21,2
1342,1,NA,NA,NA,NA,NA,1-----,7,44,2
1343,1,NA,NA,NA,NA,NA,1-----,6,42,2
1344,1,NA,NA,NA,NA,NA,1-----,5,42,2
1345,1,NA,NA,NA,NA,NA,1-----,7,36,2
1346,1,NA,NA,NA,NA,NA,1-----,3,53,4
1347,1,NA,NA,NA,NA,NA,1-----,6,32,6
1348,1,NA,NA,NA,NA,NA,1-----,5,38,2
1349,1,NA,NA,NA,NA,NA,1-----,1,45,3
1350,1,NA,NA,NA,NA,NA,1-----,0,35,1
1351,1,NA,NA,NA,NA,NA,1-----,1,46,1
1352,1,NA,NA,NA,NA,NA,1-----,0,56,3
1353,1,NA,NA,NA,NA,NA,1-----,5,41,1
1354,1,NA,NA,NA,NA,NA,1-----,7,24,2
1355,1,NA,NA,NA,NA,NA,1-----,4,35,2
1356,1,NA,NA,NA,NA,NA,1-----,7,56,2
1357,1,NA,NA,NA,NA,NA,1-----,7,49,2
1358,1,NA,NA,NA,NA,NA,1-----,4,32,2
1359,1,NA,NA,NA,NA,NA,1-----,4,42,3
1360,1,NA,NA,NA,NA,NA,1-----,1,35,2
1361,1,NA,NA,NA,NA,NA,1-----,2,30,3
1362,1,NA,NA,NA,NA,NA,1-----,7,37,2
1363,1,NA,NA,NA,NA,NA,1-----,5,23,3
1364,1,NA,NA,NA,NA,NA,1-----,7,25,3
1365,1,NA,NA,NA,NA,NA,1-----,4,42,2
1366,1,NA,2,NA,NA,NA,1-2---,2,29,3
1367,1,NA,NA,NA,NA,NA,1-----,2,56,1
1368,1,NA,NA,NA,NA,NA,1-----,3,63,2
1369,1,NA,NA,NA,NA,NA,1-----,0,27,3
1370,1,NA,2,NA,NA,NA,1-2---,7,32,4
1371,1,NA,NA,NA,NA,NA,1-----,3,43,2
1372,1,NA,NA,NA,NA,NA,1-----,6,40,2
1373,1,NA,NA,NA,NA,NA,1-----,6,40,2
1374,1,NA,NA,NA,NA,NA,1-----,5,62,1
1375,1,NA,NA,NA,NA,NA,1-----,3,35,3
1376,1,NA,NA,NA,NA,NA,1-----,0,60,1
1377,1,NA,NA,NA,NA,NA,1-----,6,62,6
1378,1,NA,2,NA,NA,NA,1-2---,6,30,4
1379,1,NA,NA,NA,NA,NA,1-----,1,44,1
1380,1,NA,NA,NA,NA,NA,1-----,6,36,2
1381,1,NA,NA,NA,NA,NA,1-----,0,52,2
1382,1,NA,NA,NA,NA,NA,1-----,6,25,2
1383,1,NA,NA,NA,NA,NA,1-----,1,26,2
1384,1,NA,NA,NA,NA,NA,1-----,7,24,2
1385,1,NA,NA,NA,NA,NA,1-----,7,32,3
1386,1,NA,NA,NA,NA,NA,1-----,5,42,3
1387,1,NA,NA,NA,NA,NA,1-----,3,34,2
1388,1,NA,NA,NA,NA,NA,1-----,7,47,2
1389,1,NA,NA,NA,NA,NA,1-----,0,40,2
1390,1,NA,NA,NA,NA,NA,1-----,7,36,2
1391,1,NA,NA,NA,NA,NA,1-----,5,38,2
1392,1,NA,NA,NA,NA,NA,1-----,0,33,1
1393,1,NA,NA,NA,NA,NA,1-----,1,37,2
1394,1,NA,NA,NA,NA,NA,1-----,7,40,2
1395,1,NA,NA,NA,NA,NA,1-----,5,42,2
1396,1,NA,NA,NA,NA,NA,1-----,5,43,2
1397,1,NA,NA,NA,NA,NA,1-----,6,40,2
1398,1,NA,NA,NA,NA,NA,1-----,5,22,3
1399,1,NA,NA,NA,NA,NA,1-----,1,22,2
1400,1,NA,NA,NA,NA,NA,1-----,3,30,2
1401,1,NA,NA,NA,NA,NA,1-----,7,38,3
1402,1,NA,NA,NA,NA,NA,1-----,7,26,2
1403,1,NA,NA,NA,NA,NA,1-----,7,42,1
1404,1,NA,2,3,NA,NA,1-23--,6,39,3
1405,1,NA,2,3,NA,NA,1-23--,5,45,2
1406,1,NA,2,3,NA,NA,1-23--,5,60,2
1407,1,NA,2,NA,NA,NA,1-2---,1,41,5
1408,1,NA,2,3,NA,NA,1-23--,3,55,1
1409,1,NA,2,3,NA,NA,1-23--,2,53,2
1410,NA,1,NA,NA,3,2,-1--32,7,44,5
1411,NA,1,NA,NA,3,2,-1--32,1,31,4
1412,NA,1,NA,NA,2,3,-1--23,6,50,1
1413,NA,1,NA,NA,2,3,-1--23,5,27,2
1414,1,NA,2,3,NA,NA,1-23--,4,37,2
1415,1,NA,2,3,NA,NA,1-23--,6,38,1
1416,1,NA,2,3,NA,NA,1-23--,5,27,2
1417,1,NA,2,3,NA,NA,1-23--,6,42,3
1418,1,NA,2,3,NA,NA,1-23--,0,41,2
1419,1,NA,2,3,NA,NA,1-23--,7,33,2
1420,1,NA,2,3,NA,NA,1-23--,2,52,2
1421,1,NA,2,3,NA,NA,1-23--,1,39,2
1422,NA,NA,NA,NA,NA,NA,------,0,24,2
1423,1,NA,2,3,NA,NA,1-23--,0,35,1
1424,1,NA,2,3,NA,NA,1-23--,4,32,1
1425,1,NA,2,3,NA,NA,1-23--,5,43,2
1426,1,NA,2,3,NA,NA,1-23--,6,53,1
1427,1,NA,2,3,NA,NA,1-23--,3,45,8
1428,1,NA,2,3,NA,NA,1-23--,3,32,2
1429,1,NA,2,3,NA,NA,1-23--,5,36,2
1430,NA,1,NA,NA,3,2,-1--32,0,39,2
1431,NA,NA,NA,NA,NA,NA,------,6,59,1
1432,1,NA,NA,NA,NA,NA,1-----,1,43,2
1433,1,NA,2,3,NA,NA,1-23--,7,57,1
1434,1,NA,2,3,NA,NA,1-23--,1,30,2
1435,1,NA,2,NA,NA,NA,1-2---,0,38,3
1436,1,NA,2,3,NA,NA,1-23--,5,52,3
1437,1,NA,2,3,NA,NA,1-23--,6,41,2
1438,1,NA,2,3,NA,NA,1-23--,6,35,4
1439,1,NA,2,3,NA,NA,1-23--,7,55,3
1440,1,NA,2,3,NA,NA,1-23--,5,49,3
1441,NA,1,NA,NA,3,2,-1--32,3,28,5
1442,NA,1,NA,NA,2,3,-1--23,1,25,3
1443,NA,1,NA,NA,3,2,-1--32,6,39,4
1444,1,NA,2,3,NA,NA,1-23--,1,28,8
1445,1,NA,2,3,NA,NA,1-23--,6,46,3
1446,1,NA,2,3,NA,NA,1-23--,7,33,2
1447,NA,NA,NA,NA,NA,NA,------,0,47,1
1448,1,NA,NA,NA,NA,NA,1-----,6,59,1
1449,1,NA,2,3,NA,NA,1-23--,1,34,3
1450,1,NA,2,3,NA,NA,1-23--,6,34,2
1451,1,NA,2,3,NA,NA,1-23--,5,41,2
1452,1,NA,2,3,NA,NA,1-23--,5,46,1
1453,1,NA,2,NA,NA,NA,1-2---,7,59,1
1454,1,NA,2,3,NA,NA,1-23--,2,29,3
1455,NA,NA,NA,NA,NA,NA,------,0,37,3
1456,NA,NA,NA,NA,NA,NA,------,3,56,3
1457,1,NA,NA,NA,NA,NA,1-----,4,53,4
1458,1,NA,NA,NA,NA,NA,1-----,6,41,2
1459,1,NA,2,NA,NA,NA,1-2---,0,48,2
1460,NA,NA,NA,NA,NA,NA,------,3,61,1
1461,1,NA,2,NA,NA,NA,1-2---,1,24,4
1462,1,NA,2,NA,NA,NA,1-2---,3,51,1
1463,NA,1,NA,NA,NA,NA,-1----,7,52,1
1464,NA,1,NA,NA,NA,NA,-1----,5,30,2
1465,NA,1,NA,NA,NA,NA,-1----,1,32,1
1466,NA,1,NA,NA,NA,NA,-1----,7,63,2
1467,1,NA,2,NA,NA,NA,1-2---,3,22,3
1468,NA,1,NA,NA,NA,NA,-1----,5,22,4
1469,1,NA,2,NA,NA,NA,1-2---,1,29,1
1470,1,NA,NA,NA,NA,NA,1-----,7,38,2
1471,1,NA,2,3,NA,NA,1-23--,6,47,2
1472,1,NA,2,3,NA,NA,1-23--,0,31,3
1473,1,NA,2,3,NA,NA,1-23--,5,27,8
1474,1,NA,2,3,NA,NA,1-23--,6,47,2
1475,1,NA,2,3,NA,NA,1-23--,5,38,3
1476,1,NA,2,3,NA,NA,1-23--,4,36,2
1477,1,NA,2,3,NA,NA,1-23--,6,47,2
1478,NA,NA,NA,NA,NA,NA,------,0,35,1
1479,1,NA,2,3,NA,NA,1-23--,6,40,2
1480,1,NA,2,3,NA,NA,1-23--,6,45,1
1481,1,NA,2,3,NA,NA,1-23--,4,32,2
1482,1,NA,2,NA,NA,NA,1-2---,5,55,1
1483,1,NA,NA,NA,NA,NA,1-----,5,42,3
1484,1,NA,2,NA,NA,NA,1-2---,7,55,2
1485,1,NA,2,NA,NA,NA,1-2---,5,31,4
1486,1,NA,2,NA,NA,NA,1-2---,3,49,4
1487,1,NA,2,3,NA,NA,1-23--,7,43,2
1488,1,NA,2,3,NA,NA,1-23--,5,31,2
1489,1,NA,2,3,NA,NA,1-23--,7,53,2
1490,1,NA,2,3,NA,NA,1-23--,3,43,1
1491,1,NA,2,3,NA,NA,1-23--,6,37,8
1492,1,NA,2,3,NA,NA,1-23--,6,47,2
1493,1,NA,NA,NA,NA,NA,1-----,7,23,1
1494,1,NA,2,3,NA,NA,1-23--,3,43,1
1495,1,NA,2,3,NA,NA,1-23--,1,56,2
1496,1,NA,NA,NA,NA,NA,1-----,1,39,2
1497,1,NA,2,3,NA,NA,1-23--,6,44,2
1498,1,NA,2,3,NA,NA,1-23--,5,37,1
1499,1,NA,NA,NA,NA,NA,1-----,1,32,1
1500,1,NA,NA,NA,NA,NA,1-----,5,26,4
1501,1,NA,2,NA,NA,NA,1-2---,4,31,3
1502,1,NA,2,NA,NA,NA,1-2---,6,42,1
1503,1,NA,2,NA,NA,NA,1-2---,5,30,1
1504,1,NA,2,3,NA,NA,1-23--,5,60,6
1505,1,NA,NA,NA,NA,NA,1-----,6,21,3
1506,1,NA,2,NA,NA,NA,1-2---,4,25,2
1507,1,NA,2,NA,NA,NA,1-2---,0,29,4
1508,1,NA,2,NA,NA,NA,1-2---,1,32,2
1509,1,NA,NA,NA,NA,NA,1-----,2,65,2
1510,1,NA,2,NA,NA,NA,1-2---,4,35,1
1511,1,NA,NA,NA,NA,NA,1-----,1,60,1
1512,1,NA,2,NA,NA,NA,1-2---,6,46,3
1513,1,NA,NA,NA,NA,NA,1-----,4,24,2
1514,1,NA,NA,NA,NA,NA,1-----,4,28,3
1515,1,NA,NA,NA,NA,NA,1-----,1,30,2
1516,1,NA,NA,NA,NA,NA,1-----,6,55,2
1517,1,NA,2,NA,NA,NA,1-2---,5,25,2
1518,1,NA,2,NA,NA,NA,1-2---,7,43,1
1519,1,NA,2,NA,NA,NA,1-2---,5,23,3
1520,1,NA,NA,NA,NA,NA,1-----,7,21,3
1521,1,NA,NA,NA,NA,NA,1-----,6,26,5
1522,1,NA,NA,NA,NA,NA,1-----,7,42,2
1523,1,NA,2,NA,NA,NA,1-2---,4,35,2
1524,1,NA,2,NA,NA,NA,1-2---,5,23,5
1525,1,NA,NA,NA,NA,NA,1-----,1,45,2
1526,NA,NA,NA,NA,NA,NA,------,3,43,3
1527,NA,1,NA,NA,NA,NA,-1----,6,28,2
1528,NA,1,NA,NA,NA,NA,-1----,3,27,1
1529,1,NA,NA,NA,NA,NA,1-----,6,30,2
1530,1,NA,NA,NA,NA,NA,1-----,7,29,4
1531,1,NA,NA,NA,NA,NA,1-----,1,38,1
1532,1,NA,NA,NA,NA,NA,1-----,6,30,2
1533,NA,NA,NA,NA,NA,NA,------,4,30,2
1534,1,NA,NA,NA,NA,NA,1-----,4,21,3
1535,1,NA,2,NA,NA,NA,1-2---,1,34,3
1536,1,NA,NA,NA,NA,NA,1-----,7,31,1
1537,1,NA,NA,NA,NA,NA,1-----,4,45,5
1538,1,NA,2,NA,NA,NA,1-2---,2,35,1
1539,1,NA,2,3,NA,NA,1-23--,7,20,3
1540,NA,1,NA,NA,NA,2,-1---2,5,25,3
1541,1,NA,2,3,NA,NA,1-23--,0,26,5
1542,1,NA,2,NA,NA,NA,1-2---,0,24,2
1543,NA,1,NA,NA,NA,2,-1---2,7,30,3
1544,NA,1,NA,NA,NA,2,-1---2,7,45,3
1545,1,NA,2,3,NA,NA,1-23--,2,34,4
1546,NA,1,NA,NA,NA,2,-1---2,7,23,1
1547,NA,1,NA,NA,NA,NA,-1----,6,28,3
1548,1,NA,2,NA,NA,NA,1-2---,5,35,2
1549,NA,1,NA,NA,NA,NA,-1----,7,50,1
1550,NA,1,NA,NA,NA,NA,-1----,5,33,3
1551,NA,1,NA,NA,NA,NA,-1----,3,26,3
1552,NA,1,NA,NA,NA,NA,-1----,7,32,2
1553,1,NA,NA,NA,NA,NA,1-----,3,37,2
1554,NA,1,NA,NA,NA,2,-1---2,0,50,2
1555,NA,NA,NA,NA,NA,NA,------,6,23,3
1556,NA,NA,NA,NA,NA,NA,------,4,42,3
1557,NA,NA,NA,NA,NA,NA,------,0,46,2
1558,NA,1,NA,NA,3,2,-1--32,1,24,6
1559,1,NA,NA,NA,NA,NA,1-----,3,22,1
1560,1,NA,NA,NA,NA,NA,1-----,7,27,1
1561,NA,1,NA,NA,NA,2,-1---2,1,48,3
1562,NA,2,NA,NA,1,3,-2--13,4,25,2
1563,1,NA,2,NA,NA,NA,1-2---,1,35,4
1564,NA,2,NA,NA,1,3,-2--13,4,40,2
1565,NA,1,NA,NA,NA,2,-1---2,0,37,2
1566,NA,1,NA,NA,NA,2,-1---2,5,43,1
1567,NA,2,NA,NA,1,3,-2--13,7,50,1
1568,NA,2,NA,NA,1,3,-2--13,6,40,3
1569,NA,2,NA,NA,1,NA,-2--1-,6,53,2
1570,NA,1,NA,NA,2,NA,-1--2-,7,63,2
1571,NA,1,NA,NA,NA,NA,-1----,5,25,2
1572,1,NA,2,NA,NA,NA,1-2---,1,29,2
1573,NA,1,NA,NA,NA,2,-1---2,6,24,2
1574,NA,1,NA,NA,NA,2,-1---2,1,38,2
1575,NA,1,NA,NA,NA,2,-1---2,7,40,2
1576,NA,1,NA,NA,NA,2,-1---2,6,37,2
1577,NA,1,NA,NA,NA,2,-1---2,0,45,3
1578,NA,NA,NA,NA,NA,NA,------,7,27,2
1579,NA,1,NA,NA,NA,2,-1---2,2,53,3
1580,NA,1,NA,NA,NA,2,-1---2,1,36,2
1581,NA,1,NA,NA,NA,2,-1---2,7,24,3
1582,NA,1,NA,NA,NA,NA,-1----,2,50,2
1583,NA,1,NA,NA,NA,2,-1---2,2,30,3
1584,NA,1,NA,NA,NA,2,-1---2,2,21,3
1585,NA,1,NA,NA,NA,NA,-1----,0,33,3
1586,NA,1,NA,NA,3,2,-1--32,3,64,2
1587,1,NA,2,NA,NA,NA,1-2---,4,28,2
1588,NA,1,NA,NA,NA,2,-1---2,6,30,1
1589,NA,1,NA,NA,NA,2,-1---2,3,25,2
1590,NA,1,NA,NA,NA,2,-1---2,1,25,2
1591,NA,1,NA,NA,NA,NA,-1----,5,27,2
1592,NA,NA,NA,NA,NA,NA,------,1,60,2
1593,1,NA,2,NA,NA,NA,1-2---,1,42,3
1594,NA,1,NA,NA,NA,NA,-1----,1,48,2
1595,NA,1,NA,NA,NA,2,-1---2,0,39,3
1596,NA,2,NA,NA,1,NA,-2--1-,0,32,1
1597,NA,NA,1,NA,NA,NA,--1---,6,33,2
1598,NA,1,NA,NA,NA,2,-1---2,0,28,5
1599,NA,1,NA,NA,NA,NA,-1----,1,30,3
1600,1,NA,2,3,NA,NA,1-23--,6,37,2
1601,1,NA,2,3,NA,NA,1-23--,5,53,2
1602,1,NA,NA,NA,NA,NA,1-----,2,44,2
1603,1,NA,2,3,NA,NA,1-23--,6,52,1
1604,1,NA,2,3,NA,NA,1-23--,0,39,8
1605,1,NA,2,3,NA,NA,1-23--,2,37,2
1606,1,NA,2,3,NA,NA,1-23--,4,49,2
1607,1,NA,2,3,NA,NA,1-23--,5,58,2
1608,1,NA,2,3,NA,NA,1-23--,4,27,2
1609,1,NA,2,3,NA,NA,1-23--,6,43,2
1610,1,NA,NA,NA,NA,NA,1-----,1,48,2
1611,1,NA,2,3,NA,NA,1-23--,7,52,2
1612,1,NA,NA,NA,NA,NA,1-----,5,33,1
1613,1,NA,2,3,NA,NA,1-23--,2,43,3
1614,1,NA,NA,NA,NA,NA,1-----,7,46,1
1615,1,NA,NA,NA,NA,NA,1-----,6,38,4
1616,NA,NA,NA,NA,NA,NA,------,5,57,2
1617,1,NA,NA,NA,NA,NA,1-----,7,45,2
1618,NA,NA,NA,NA,NA,NA,------,0,51,5
1619,1,NA,2,NA,NA,NA,1-2---,1,56,2
1620,1,NA,2,NA,NA,NA,1-2---,6,47,2
1621,1,NA,2,NA,NA,NA,1-2---,7,34,3
1622,1,NA,2,NA,NA,NA,1-2---,1,55,2
1623,1,NA,NA,NA,NA,NA,1-----,7,49,1
1624,NA,NA,NA,NA,NA,NA,------,6,47,5
1625,1,NA,2,NA,NA,NA,1-2---,2,48,2
1626,1,NA,2,NA,NA,NA,1-2---,1,45,4
1627,1,NA,2,NA,NA,NA,1-2---,4,53,1
1628,1,NA,2,NA,NA,NA,1-2---,7,31,4
1629,1,NA,2,NA,NA,NA,1-2---,1,57,1
1630,1,NA,NA,NA,NA,NA,1-----,1,46,2
1631,NA,NA,NA,NA,NA,NA,------,2,27,3
1632,1,NA,2,3,NA,NA,1-23--,0,58,2
1633,1,NA,NA,NA,NA,NA,1-----,3,47,1
1634,NA,NA,NA,NA,NA,NA,------,7,51,4
1635,NA,NA,NA,NA,NA,NA,------,7,51,3
1636,1,NA,NA,NA,NA,NA,1-----,5,61,2
1637,1,NA,NA,NA,NA,NA,1-----,5,53,2
1638,1,NA,2,NA,NA,NA,1-2---,7,51,3
1639,1,NA,2,3,NA,NA,1-23--,5,32,2
1640,1,NA,2,3,NA,NA,1-23--,1,48,2
1641,1,NA,2,3,NA,NA,1-23--,2,46,2
1642,1,NA,2,3,NA,NA,1-23--,0,53,2
1643,1,NA,2,3,NA,NA,1-23--,0,43,2
1644,1,NA,2,3,NA,NA,1-23--,3,44,3
1645,1,NA,2,3,NA,NA,1-23--,6,40,2
1646,1,NA,2,3,NA,NA,1-23--,2,36,2
1647,1,NA,2,3,NA,NA,1-23--,6,52,2
1648,1,NA,2,3,NA,NA,1-23--,5,31,3
1649,1,NA,2,3,NA,NA,1-23--,2,25,8
1650,1,NA,2,3,NA,NA,1-23--,5,36,2
1651,1,NA,NA,NA,NA,NA,1-----,3,47,1
1652,1,NA,2,3,NA,NA,1-23--,1,42,2
1653,1,NA,2,3,NA,NA,1-23--,4,28,2
1654,1,NA,2,NA,NA,NA,1-2---,3,53,2
1655,NA,NA,NA,NA,NA,NA,------,6,41,1
1656,NA,NA,NA,NA,NA,NA,------,7,31,4
1657,1,NA,NA,NA,NA,NA,1-----,7,50,1
1658,1,NA,NA,NA,NA,NA,1-----,4,22,3
1659,NA,NA,NA,NA,NA,NA,------,1,45,4
1660,1,NA,2,3,NA,NA,1-23--,5,46,3
1661,1,NA,NA,NA,NA,NA,1-----,3,48,1
1662,1,NA,2,3,NA,NA,1-23--,3,27,3
1663,1,NA,2,3,NA,NA,1-23--,1,37,2
1664,1,NA,2,NA,NA,NA,1-2---,4,43,2
1665,1,NA,2,3,NA,NA,1-23--,1,36,2
1666,1,NA,2,3,NA,NA,1-23--,6,47,2
1667,NA,NA,NA,NA,NA,NA,------,7,44,1
1668,1,NA,2,3,NA,NA,1-23--,6,53,2
1669,1,NA,NA,NA,NA,NA,1-----,6,46,1
1670,NA,1,NA,NA,NA,NA,-1----,2,53,4
1671,NA,NA,NA,NA,NA,NA,------,6,44,2
1672,NA,NA,NA,NA,NA,NA,------,3,60,3
1673,NA,NA,NA,NA,NA,NA,------,6,54,4
1674,NA,1,NA,NA,NA,NA,-1----,4,56,5
1675,1,NA,NA,NA,NA,NA,1-----,3,32,2
1676,1,NA,NA,NA,NA,NA,1-----,3,28,3
1677,NA,NA,NA,NA,NA,NA,------,7,57,1
1678,1,NA,2,NA,NA,NA,1-2---,5,38,2
1679,NA,NA,NA,NA,NA,NA,------,3,49,4
1680,NA,NA,NA,NA,NA,NA,------,5,49,1
1681,NA,NA,NA,NA,NA,NA,------,5,48,3
1682,1,NA,NA,NA,NA,NA,1-----,4,54,1
1683,NA,NA,NA,NA,NA,NA,------,6,24,4
1684,NA,NA,NA,NA,NA,NA,------,3,22,3
1685,NA,NA,NA,NA,NA,NA,------,7,53,3
1686,NA,NA,NA,NA,NA,NA,------,1,47,3
1687,1,NA,2,NA,NA,NA,1-2---,7,53,1
1688,1,NA,2,3,NA,NA,1-23--,7,42,3
1689,1,NA,NA,NA,NA,NA,1-----,0,28,4
1690,1,NA,NA,NA,NA,NA,1-----,5,56,2
1691,1,NA,2,3,NA,NA,1-23--,2,33,3
1692,NA,1,NA,NA,NA,NA,-1----,2,63,1
1693,1,NA,2,3,NA,NA,1-23--,5,41,2
1694,NA,1,NA,NA,2,3,-1--23,3,35,5
1695,NA,1,NA,NA,2,3,-1--23,7,47,3
1696,NA,1,NA,NA,3,2,-1--32,2,39,5
1697,1,NA,NA,NA,NA,NA,1-----,2,41,3
1698,1,NA,NA,NA,NA,NA,1-----,1,51,2
1699,1,NA,NA,NA,NA,NA,1-----,5,27,6
1700,1,NA,NA,NA,NA,NA,1-----,7,38,2
1701,1,NA,NA,NA,NA,NA,1-----,0,40,2
1702,1,NA,NA,NA,NA,NA,1-----,2,50,2
1703,1,NA,NA,NA,NA,NA,1-----,1,48,2
1704,1,NA,NA,NA,NA,NA,1-----,1,36,3
1705,1,NA,NA,NA,NA,NA,1-----,7,52,1
1706,NA,1,NA,NA,3,2,-1--32,6,28,4
1707,NA,1,NA,NA,NA,2,-1---2,7,39,5
1708,1,NA,2,NA,NA,NA,1-2---,5,43,2
1709,NA,1,NA,NA,NA,NA,-1----,6,30,2
1710,1,NA,2,NA,NA,NA,1-2---,5,33,3
1711,1,NA,NA,NA,NA,NA,1-----,5,29,2
1712,1,NA,2,NA,NA,NA,1-2---,1,22,5
1713,NA,1,NA,NA,NA,2,-1---2,2,43,5
1714,1,NA,2,NA,NA,NA,1-2---,2,34,2
1715,1,NA,2,NA,NA,NA,1-2---,6,27,4
1716,1,NA,NA,NA,NA,NA,1-----,3,27,3
1717,1,NA,2,NA,NA,NA,1-2---,7,31,2
1718,NA,1,NA,NA,NA,NA,-1----,6,27,3
1719,NA,1,NA,NA,NA,2,-1---2,7,28,3
1720,NA,1,NA,NA,NA,2,-1---2,2,33,3
1721,1,NA,2,NA,NA,NA,1-2---,6,32,2
1722,1,NA,2,NA,NA,NA,1-2---,2,22,2
1723,NA,1,NA,NA,NA,2,-1---2,5,30,3
1724,NA,1,NA,NA,NA,2,-1---2,7,28,5
1725,1,NA,NA,NA,NA,NA,1-----,6,30,3
1726,NA,1,NA,NA,NA,NA,-1----,6,35,2
1727,NA,NA,NA,NA,NA,NA,------,6,30,3
1728,1,NA,2,NA,NA,NA,1-2---,5,29,3
1729,1,NA,2,NA,NA,NA,1-2---,1,34,3
1730,1,NA,2,NA,NA,NA,1-2---,5,23,5
1731,NA,1,NA,NA,NA,NA,-1----,4,32,6
1732,1,NA,2,NA,NA,NA,1-2---,6,32,3
1733,NA,1,NA,NA,NA,2,-1---2,2,33,3
1734,NA,NA,NA,NA,NA,NA,------,5,40,3
1735,NA,1,NA,NA,3,2,-1--32,6,50,2
1736,NA,1,NA,NA,NA,2,-1---2,6,22,3
1737,1,NA,2,3,NA,NA,1-23--,0,20,2
1738,1,NA,2,NA,NA,NA,1-2---,7,34,3
1739,1,NA,2,NA,NA,NA,1-2---,6,28,5
1740,NA,1,NA,NA,NA,NA,-1----,0,29,4
1741,NA,1,NA,NA,NA,2,-1---2,2,26,3
1742,NA,1,NA,NA,NA,NA,-1----,5,30,2
1743,NA,1,NA,NA,NA,NA,-1----,7,47,3
1744,1,NA,NA,NA,NA,NA,1-----,5,29,2
1745,NA,1,NA,NA,NA,NA,-1----,1,41,8
1746,1,NA,2,NA,NA,NA,1-2---,5,31,3
1747,NA,1,NA,NA,NA,NA,-1----,4,32,2
1748,NA,1,NA,NA,NA,2,-1---2,0,32,2
1749,NA,1,NA,NA,NA,NA,-1----,0,30,1
1750,NA,1,NA,NA,NA,NA,-1----,3,38,3
1751,NA,1,NA,NA,NA,NA,-1----,4,35,2
1752,NA,2,NA,NA,1,NA,-2--1-,0,27,1
1753,NA,1,NA,NA,NA,NA,-1----,6,23,2
1754,1,NA,NA,NA,NA,NA,1-----,2,24,3
1755,NA,1,NA,NA,NA,2,-1---2,4,23,2
1756,NA,2,NA,NA,1,NA,-2--1-,0,36,2
1757,1,NA,NA,NA,NA,NA,1-----,6,62,4
1758,NA,NA,NA,NA,NA,NA,------,7,35,2
1759,NA,1,NA,NA,NA,NA,-1----,1,27,2
1760,NA,2,NA,NA,1,NA,-2--1-,7,65,2
1761,NA,1,NA,NA,NA,2,-1---2,3,23,3
1762,NA,1,NA,NA,NA,NA,-1----,0,35,2
1763,NA,2,NA,NA,1,NA,-2--1-,1,32,2
1764,NA,1,NA,NA,NA,NA,-1----,1,47,2
1765,NA,1,NA,NA,3,2,-1--32,1,61,2
1766,NA,1,NA,NA,NA,2,-1---2,1,33,5
1767,NA,1,NA,NA,NA,2,-1---2,6,32,3
1768,1,NA,NA,NA,NA,NA,1-----,5,22,4
1769,NA,1,NA,NA,NA,NA,-1----,2,30,2
1770,NA,1,NA,NA,NA,NA,-1----,5,37,2
1771,NA,1,NA,NA,NA,2,-1---2,6,43,1
1772,NA,1,NA,NA,NA,2,-1---2,1,41,1
1773,1,NA,2,3,NA,NA,1-23--,4,47,3
1774,1,NA,2,3,NA,NA,1-23--,7,51,1
1775,NA,NA,NA,NA,NA,NA,------,7,33,6
1776,NA,1,NA,NA,NA,NA,-1----,3,39,2
1777,NA,1,NA,NA,NA,2,-1---2,2,39,2
1778,NA,1,NA,NA,NA,NA,-1----,7,30,2
1779,1,NA,2,3,NA,NA,1-23--,7,43,2
1780,1,NA,2,3,NA,NA,1-23--,2,47,1
1781,1,NA,2,3,NA,NA,1-23--,5,56,1
1782,1,NA,2,3,NA,NA,1-23--,5,43,2
1783,1,NA,2,3,NA,NA,1-23--,1,46,3
1784,NA,NA,NA,NA,NA,NA,------,1,27,1
1785,NA,1,NA,NA,NA,NA,-1----,2,33,2
1786,NA,1,NA,NA,NA,2,-1---2,0,21,5
1787,NA,1,NA,NA,NA,NA,-1----,1,51,1
1788,NA,1,NA,NA,3,2,-1--32,0,57,2
1789,NA,1,NA,NA,NA,2,-1---2,1,65,1
1790,NA,1,NA,NA,NA,2,-1---2,7,42,6
1791,NA,1,NA,NA,NA,2,-1---2,3,38,3
1792,NA,2,NA,NA,1,3,-2--13,7,45,3
1793,NA,1,NA,NA,NA,2,-1---2,7,26,3
1794,NA,1,NA,NA,NA,2,-1---2,3,43,3
1795,NA,1,NA,NA,NA,2,-1---2,5,33,3
1796,NA,1,NA,NA,NA,2,-1---2,6,28,2
1797,1,NA,NA,NA,NA,NA,1-----,7,32,2
1798,NA,1,NA,NA,NA,2,-1---2,6,50,2
1799,NA,1,NA,NA,NA,2,-1---2,1,38,1
1800,NA,1,NA,NA,NA,2,-1---2,4,22,3
1801,NA,1,NA,NA,NA,2,-1---2,2,38,3
1802,NA,1,NA,NA,NA,2,-1---2,5,29,3
1803,NA,1,NA,NA,NA,2,-1---2,7,37,2
1804,NA,1,NA,NA,NA,2,-1---2,3,28,2
1805,NA,1,NA,NA,NA,2,-1---2,1,32,4
1806,NA,1,NA,NA,NA,2,-1---2,0,35,5
1807,NA,1,NA,NA,NA,2,-1---2,5,61,1
1808,NA,1,NA,NA,NA,2,-1---2,2,30,2
1809,NA,1,NA,NA,NA,2,-1---2,5,35,3
1810,NA,1,NA,NA,NA,NA,-1----,5,22,4
1811,NA,1,NA,NA,NA,NA,-1----,2,27,3
1812,NA,1,NA,NA,NA,2,-1---2,2,28,2
1813,NA,1,NA,NA,NA,2,-1---2,0,36,2
1814,NA,1,NA,NA,NA,2,-1---2,1,25,3
1815,NA,2,NA,NA,1,NA,-2--1-,1,37,1
1816,NA,1,NA,NA,3,2,-1--32,5,43,1
1817,NA,1,NA,NA,NA,2,-1---2,1,35,5
1818,NA,NA,NA,NA,NA,NA,------,0,28,3
1819,NA,3,NA,NA,1,2,-3--12,6,38,3
1820,1,NA,2,3,NA,NA,1-23--,4,36,2
1821,NA,1,NA,NA,NA,2,-1---2,5,50,2
1822,NA,2,NA,NA,1,NA,-2--1-,6,40,1
1823,1,NA,NA,NA,NA,NA,1-----,2,49,5
1824,2,NA,1,NA,NA,NA,2-1---,7,52,6
1825,1,NA,2,3,NA,NA,1-23--,2,40,6
1826,NA,1,NA,NA,NA,NA,-1----,1,21,3
1827,1,NA,NA,NA,NA,NA,1-----,5,65,3
1828,NA,1,NA,NA,NA,2,-1---2,3,60,2
1829,NA,NA,NA,NA,NA,NA,------,7,44,3
1830,NA,1,NA,NA,NA,NA,-1----,5,32,2
1831,NA,1,NA,NA,NA,NA,-1----,7,30,3
1832,NA,1,NA,NA,NA,2,-1---2,5,31,3
1833,NA,1,NA,NA,NA,2,-1---2,4,32,2
1834,NA,1,NA,NA,NA,2,-1---2,7,33,3
1835,NA,1,NA,NA,NA,NA,-1----,6,40,2
1836,NA,NA,1,NA,NA,NA,--1---,1,50,2
1837,NA,1,NA,NA,NA,2,-1---2,0,39,3
1838,NA,1,NA,NA,NA,NA,-1----,6,45,2
1839,1,NA,2,NA,NA,NA,1-2---,2,48,3
1840,NA,1,NA,NA,NA,2,-1---2,6,30,2
1841,1,NA,2,NA,NA,NA,1-2---,5,26,3
1842,1,NA,NA,NA,NA,NA,1-----,7,42,2
1843,NA,1,NA,NA,NA,2,-1---2,0,30,2
1844,NA,1,NA,NA,NA,2,-1---2,2,28,1
1845,NA,1,NA,NA,NA,2,-1---2,7,35,3
1846,NA,1,NA,NA,3,2,-1--32,1,34,2
1847,NA,1,NA,NA,NA,NA,-1----,6,27,2
1848,1,NA,2,NA,NA,NA,1-2---,2,21,2
1849,NA,1,NA,NA,2,NA,-1--2-,4,40,2
1850,NA,1,NA,NA,NA,NA,-1----,4,29,5
1851,NA,1,NA,NA,NA,NA,-1----,7,22,5
1852,NA,1,NA,NA,NA,NA,-1----,1,27,2
1853,NA,1,NA,NA,NA,2,-1---2,7,28,5
1854,1,NA,NA,NA,NA,NA,1-----,1,34,1
1855,NA,1,NA,NA,NA,NA,-1----,0,32,2
1856,1,NA,2,3,NA,NA,1-23--,2,31,1
1857,1,NA,2,3,NA,NA,1-23--,7,54,1
1858,NA,1,NA,NA,NA,NA,-1----,2,23,4
1859,NA,1,NA,NA,NA,NA,-1----,0,42,1
1860,NA,1,NA,NA,NA,NA,-1----,1,34,2
1861,NA,1,NA,NA,NA,NA,-1----,0,47,2
1862,NA,1,NA,NA,NA,NA,-1----,2,45,1
1863,1,NA,2,NA,NA,NA,1-2---,1,30,4
1864,1,NA,NA,NA,NA,NA,1-----,1,27,4
1865,1,NA,NA,NA,NA,NA,1-----,4,22,2
1866,NA,1,NA,NA,2,3,-1--23,7,42,3
1867,NA,1,NA,NA,NA,NA,-1----,6,38,2
1868,NA,1,NA,NA,2,3,-1--23,6,45,4
1869,1,NA,2,3,NA,NA,1-23--,2,43,2
1870,1,NA,2,3,NA,NA,1-23--,1,37,2
1871,1,NA,2,3,NA,NA,1-23--,5,46,2
1872,1,NA,2,3,NA,NA,1-23--,3,40,2
1873,1,NA,2,3,NA,NA,1-23--,5,42,2
1874,1,NA,2,3,NA,NA,1-23--,6,40,2
1875,1,NA,2,3,NA,NA,1-23--,6,31,2
1876,1,NA,2,3,NA,NA,1-23--,2,53,2
1877,1,NA,2,3,NA,NA,1-23--,1,43,1
1878,NA,NA,NA,NA,NA,NA,------,2,59,3
1879,1,NA,2,3,NA,NA,1-23--,1,45,3
1880,NA,NA,NA,NA,NA,NA,------,0,24,3
1881,NA,1,NA,NA,2,3,-1--23,2,55,2
1882,NA,1,NA,NA,2,3,-1--23,7,28,5
1883,NA,1,NA,NA,3,2,-1--32,2,42,5
1884,NA,1,NA,NA,3,2,-1--32,0,24,3
1885,NA,1,NA,NA,3,2,-1--32,6,32,4
1886,NA,1,NA,NA,NA,NA,-1----,6,58,2
1887,1,NA,2,3,NA,NA,1-23--,1,60,1
1888,1,NA,2,NA,NA,NA,1-2---,7,49,3
1889,1,NA,2,NA,NA,NA,1-2---,2,38,5
1890,1,NA,NA,NA,NA,NA,1-----,1,23,4
1891,1,NA,2,3,NA,NA,1-23--,2,53,2
1892,1,NA,2,3,NA,NA,1-23--,5,27,2
1893,1,NA,2,3,NA,NA,1-23--,0,33,8
1894,1,NA,2,3,NA,NA,1-23--,6,47,2
1895,1,NA,2,3,NA,NA,1-23--,0,42,2
1896,1,NA,2,3,NA,NA,1-23--,4,37,2
1897,1,NA,2,3,NA,NA,1-23--,1,46,2
1898,1,NA,2,3,NA,NA,1-23--,5,43,2
1899,1,NA,2,3,NA,NA,1-23--,7,47,2
1900,1,NA,2,3,NA,NA,1-23--,1,36,3
1901,1,NA,2,3,NA,NA,1-23--,5,43,2
1902,1,NA,NA,NA,NA,NA,1-----,5,32,1
1903,1,NA,2,3,NA,NA,1-23--,2,44,2
1904,1,NA,2,3,NA,NA,1-23--,3,46,2
1905,1,NA,NA,NA,NA,NA,1-----,3,31,1
1906,1,NA,2,NA,NA,NA,1-2---,1,38,3
1907,1,NA,2,3,NA,NA,1-23--,5,53,2
1908,1,NA,2,3,NA,NA,1-23--,0,46,2
1909,1,NA,2,3,NA,NA,1-23--,5,52,2
1910,1,NA,2,3,NA,NA,1-23--,5,46,2
1911,1,NA,NA,NA,NA,NA,1-----,6,51,2
1912,NA,1,NA,NA,3,2,-1--32,0,29,3
1913,1,NA,NA,NA,NA,NA,1-----,1,56,4
1914,1,NA,2,3,NA,NA,1-23--,4,60,1
1915,1,NA,NA,NA,NA,NA,1-----,7,44,4
1916,1,NA,NA,NA,NA,NA,1-----,6,39,4
1917,1,NA,2,3,NA,NA,1-23--,5,25,3
1918,NA,1,NA,NA,2,3,-1--23,7,60,1
1919,NA,1,NA,NA,3,2,-1--32,7,31,5
1920,NA,1,NA,NA,2,3,-1--23,6,28,3
1921,NA,NA,NA,NA,NA,NA,------,1,46,4
1922,1,NA,2,NA,NA,NA,1-2---,5,48,2
1923,NA,NA,NA,NA,NA,NA,------,1,36,1
1924,NA,NA,NA,NA,NA,NA,------,7,47,3
1925,1,NA,NA,NA,NA,NA,1-----,3,29,3
1926,NA,NA,NA,NA,NA,NA,------,6,44,3
1927,1,NA,2,3,NA,NA,1-23--,1,37,2
1928,1,NA,2,3,NA,NA,1-23--,6,53,2
1929,1,NA,2,NA,NA,NA,1-2---,5,43,3
1930,1,NA,2,3,NA,NA,1-23--,1,34,1
1931,NA,1,NA,NA,3,2,-1--32,2,39,4
1932,1,NA,2,NA,NA,NA,1-2---,4,59,1
1933,1,NA,2,NA,NA,NA,1-2---,2,54,1
1934,1,NA,2,NA,NA,NA,1-2---,0,59,1
1935,NA,1,NA,NA,3,2,-1--32,6,46,5
1936,1,NA,2,3,NA,NA,1-23--,7,59,2
1937,1,NA,2,NA,NA,NA,1-2---,6,37,5
1938,NA,1,NA,NA,NA,NA,-1----,7,24,3
1939,NA,1,NA,NA,3,2,-1--32,5,47,4
1940,NA,1,NA,NA,2,3,-1--23,6,35,3
1941,1,NA,NA,NA,NA,NA,1-----,6,50,3
1942,1,NA,2,3,NA,NA,1-23--,3,31,2
1943,1,NA,2,3,NA,NA,1-23--,3,47,2
1944,1,NA,2,3,NA,NA,1-23--,0,32,2
1945,1,NA,2,3,NA,NA,1-23--,0,49,3
1946,NA,NA,NA,NA,NA,NA,------,4,51,1
1947,1,NA,2,3,NA,NA,1-23--,6,35,2
1948,NA,NA,NA,NA,NA,NA,------,2,65,2
1949,NA,1,NA,NA,NA,2,-1---2,4,22,3
1950,NA,1,NA,NA,3,2,-1--32,6,42,2
1951,NA,1,NA,NA,NA,2,-1---2,7,56,2
1952,NA,1,NA,NA,NA,2,-1---2,3,27,5
1953,NA,1,NA,NA,NA,NA,-1----,0,37,3
1954,NA,1,NA,NA,NA,2,-1---2,5,32,1
1955,NA,2,NA,NA,1,3,-2--13,0,44,2
1956,NA,1,NA,NA,NA,2,-1---2,1,37,3
1957,NA,1,NA,NA,NA,2,-1---2,6,25,3
1958,NA,NA,NA,NA,NA,NA,------,7,53,1
1959,1,NA,NA,NA,NA,NA,1-----,4,25,2
1960,NA,1,NA,NA,NA,2,-1---2,5,27,1
1961,NA,2,NA,NA,1,NA,-2--1-,5,63,1
1962,NA,1,NA,NA,NA,2,-1---2,1,32,1
1963,NA,1,NA,NA,NA,NA,-1----,6,27,2
1964,NA,1,NA,NA,NA,2,-1---2,1,27,5
1965,1,NA,NA,NA,NA,NA,1-----,7,57,2
1966,NA,1,NA,NA,NA,2,-1---2,1,42,2
1967,NA,1,NA,NA,NA,2,-1---2,1,32,3
1968,NA,1,NA,NA,NA,NA,-1----,1,32,3
1969,NA,1,NA,NA,NA,NA,-1----,3,45,4
1970,NA,1,NA,NA,NA,NA,-1----,6,35,2
1971,NA,1,NA,NA,NA,NA,-1----,5,24,2
1972,NA,1,NA,NA,NA,NA,-1----,4,58,2
1973,NA,1,NA,NA,NA,NA,-1----,6,30,2
1974,NA,1,NA,NA,NA,NA,-1----,2,35,4
1975,NA,1,NA,NA,NA,NA,-1----,7,25,4
1976,NA,1,NA,NA,NA,NA,-1----,0,30,5
1977,NA,2,NA,NA,1,NA,-2--1-,7,59,1
1978,NA,1,NA,NA,NA,NA,-1----,3,26,3
1979,NA,1,NA,NA,NA,NA,-1----,7,65,1
1980,NA,1,NA,NA,NA,NA,-1----,3,60,2
1981,1,NA,2,3,NA,NA,1-23--,4,43,2
1982,NA,1,NA,NA,NA,2,-1---2,3,51,1
1983,NA,1,NA,NA,NA,2,-1---2,5,26,2
1984,NA,1,NA,NA,NA,2,-1---2,6,35,3
1985,NA,1,NA,NA,NA,2,-1---2,5,39,2
1986,1,NA,2,3,NA,NA,1-23--,1,35,1
1987,1,NA,2,3,NA,NA,1-23--,7,44,2
1988,NA,NA,NA,NA,NA,NA,------,4,27,1
1989,1,NA,2,3,NA,NA,1-23--,7,39,1
1990,1,NA,2,3,NA,NA,1-23--,6,36,2
1991,1,NA,2,3,NA,NA,1-23--,5,43,2
1992,1,NA,2,3,NA,NA,1-23--,6,51,1
1993,1,NA,2,3,NA,NA,1-23--,0,37,1
1994,1,NA,2,3,NA,NA,1-23--,1,46,1
1995,1,NA,2,3,NA,NA,1-23--,7,53,2
1996,1,NA,2,3,NA,NA,1-23--,7,32,2
1997,1,NA,2,3,NA,NA,1-23--,6,41,3
1998,1,NA,2,3,NA,NA,1-23--,3,39,1
1999,NA,NA,NA,NA,NA,NA,------,7,31,1
2000,1,NA,2,3,NA,NA,1-23--,7,48,3
