unit,indian,kashmiri,religion,occupation,ranking,treat,age,age_18_27,age_28_49,age_50_over,median_age,gender,gender_female,education,education_class12,education_cat_none,education_cat_class6,education_cat_class12,education_cat_ba,religion_sunni,religion_shia,religion_sikh,religion_hindu,main_earner,monthly_hhincome,hhincome_cat_not_5000,hhincome_cat_5000_15000,hhincome_cat_15000_more
1,1,NA,NA,NA,1---,1,33,0,1,0,0,male,0,Class 12,1,0,0,1,0,1,0,0,0,1,"15,000-19,999",0,0,1
2,2,NA,NA,NA,2---,0,36,0,1,0,1,female,1,Graduation (BA/BS etc.),1,0,0,0,1,1,0,0,0,0,"30,000-39,999",0,0,1
3,1,NA,NA,NA,1---,0,85,0,0,1,1,male,0,Class 4,0,0,0,0,0,1,0,0,0,0,"2500-4,999",1,0,0
4,1,NA,NA,NA,1---,1,31,0,1,0,0,male,0,Class 12,1,0,0,1,0,1,0,0,0,1,"30,000-39,999",0,0,1
5,1,NA,NA,NA,1---,1,30,0,1,0,0,female,1,Class 9,0,0,1,0,0,1,0,0,0,0,"2500-4,999",1,0,0
6,1,NA,NA,NA,1---,0,50,0,0,1,1,male,0,Class 10,0,0,1,0,0,1,0,0,0,1,"2500-4,999",1,0,0
7,1,NA,NA,NA,1---,0,41,0,1,0,1,male,0,No formal education,0,1,0,0,0,1,0,0,0,1,"10,000-14,999",0,1,0
8,3,NA,NA,NA,3---,1,22,1,0,0,0,female,1,No formal education,0,1,0,0,0,1,0,0,0,0,"0-2,499",1,0,0
9,1,NA,NA,NA,1---,0,24,1,0,0,0,female,1,Class 12,1,0,0,1,0,1,0,0,0,0,"2500-4,999",1,0,0
10,1,NA,NA,NA,1---,1,28,0,1,0,0,male,0,Graduation (BA/BS etc.),1,0,0,0,1,1,0,0,0,1,"20,000-29,999",0,0,1
11,1,NA,NA,NA,1---,1,63,0,0,1,1,female,1,No formal education,0,1,0,0,0,1,0,0,0,0,"2500-4,999",1,0,0
12,1,NA,NA,NA,1---,0,49,0,1,0,1,male,0,Class 10,0,0,1,0,0,1,0,0,0,1,"2500-4,999",1,0,0
13,1,NA,NA,NA,1---,0,47,0,1,0,1,female,1,No formal education,0,1,0,0,0,1,0,0,0,0,"2500-4,999",1,0,0
14,1,NA,NA,NA,1---,0,20,1,0,0,0,male,0,No formal education,0,1,0,0,0,1,0,0,0,1,"2500-4,999",1,0,0
15,1,NA,NA,NA,1---,1,55,0,0,1,1,female,1,No formal education,0,1,0,0,0,1,0,0,0,0,"15,000-19,999",0,0,1
16,1,NA,NA,NA,1---,0,55,0,0,1,1,female,1,No formal education,0,1,0,0,0,1,0,0,0,0,"2500-4,999",1,0,0
17,4,NA,NA,NA,4---,0,20,1,0,0,0,male,0,Class 12,1,0,0,1,0,1,0,0,0,0,"0-2,499",1,0,0
18,1,NA,NA,NA,1---,0,66,0,0,1,1,female,1,Class 10,0,0,1,0,0,1,0,0,0,0,"2500-4,999",1,0,0
19,1,NA,NA,NA,1---,1,22,1,0,0,0,female,1,Class 10,0,0,1,0,0,1,0,0,0,0,"20,000-29,999",0,0,1
20,1,NA,NA,NA,1---,1,21,1,0,0,0,female,1,Class 8,0,0,1,0,0,1,0,0,0,0,"0-2,499",1,0,0
21,1,NA,NA,NA,1---,0,52,0,0,1,1,male,0,No formal education,0,1,0,0,0,1,0,0,0,1,"0-2,499",1,0,0
22,1,NA,NA,NA,1---,1,39,0,1,0,1,male,0,Class 11,0,0,1,0,0,1,0,0,0,1,"0-2,499",1,0,0
23,2,NA,NA,NA,2---,0,50,0,0,1,1,male,0,Class 8,0,0,1,0,0,1,0,0,0,1,"2500-4,999",1,0,0
24,1,NA,NA,NA,1---,1,20,1,0,0,0,male,0,Class 12,1,0,0,1,0,1,0,0,0,0,"20,000-29,999",0,0,1
25,2,NA,NA,NA,2---,1,45,0,1,0,1,male,0,Class 8,0,0,1,0,0,1,0,0,0,1,"2500-4,999",1,0,0
26,2,NA,NA,NA,2---,0,48,0,1,0,1,female,1,No formal education,0,1,0,0,0,1,0,0,0,0,"30,000-39,999",0,0,1
27,1,NA,NA,NA,1---,1,33,0,1,0,0,female,1,No formal education,0,1,0,0,0,1,0,0,0,0,"0-2,499",1,0,0
28,1,NA,NA,NA,1---,0,75,0,0,1,1,male,0,No formal education,0,1,0,0,0,1,0,0,0,1,"2500-4,999",1,0,0
29,2,NA,NA,NA,2---,0,42,0,1,0,1,male,0,Class 7,0,0,1,0,0,1,0,0,0,1,"2500-4,999",1,0,0
30,1,NA,NA,NA,1---,1,35,0,1,0,0,male,0,Class 7,0,0,1,0,0,1,0,0,0,1,"2500-4,999",1,0,0
31,2,NA,NA,NA,2---,1,36,0,1,0,1,female,1,Class 5,0,0,0,0,0,1,0,0,0,0,"2500-4,999",1,0,0
32,1,NA,NA,NA,1---,0,40,0,1,0,1,female,1,No formal education,0,1,0,0,0,1,0,0,0,0,"0-2,499",1,0,0
33,1,NA,NA,NA,1---,0,28,0,1,0,0,female,1,Graduation (BA/BS etc.),1,0,0,0,1,1,0,0,0,0,"20,000-29,999",0,0,1
34,1,NA,NA,NA,1---,0,32,0,1,0,0,female,1,No formal education,0,1,0,0,0,1,0,0,0,0,"0-2,499",1,0,0
35,1,NA,NA,NA,1---,1,55,0,0,1,1,male,0,Some college,1,0,0,1,0,1,0,0,0,1,"20,000-29,999",0,0,1
36,1,NA,NA,NA,1---,1,26,1,0,0,0,male,0,Class 8,0,0,1,0,0,1,0,0,0,1,"5,000-9,999",0,1,0
37,2,NA,NA,NA,2---,1,56,0,0,1,1,male,0,Class 10,0,0,1,0,0,1,0,0,0,1,"20,000-29,999",0,0,1
38,1,NA,NA,NA,1---,1,25,1,0,0,0,female,1,Class 8,0,0,1,0,0,1,0,0,0,0,"0-2,499",1,0,0
39,1,NA,NA,NA,1---,1,19,1,0,0,0,female,1,Class 12,1,0,0,1,0,1,0,0,0,0,"10,000-14,999",0,1,0
40,1,NA,NA,NA,1---,1,70,0,0,1,1,male,0,No formal education,0,1,0,0,0,1,0,0,0,1,"0-2,499",1,0,0
41,1,NA,NA,NA,1---,1,20,1,0,0,0,male,0,Class 12,1,0,0,1,0,1,0,0,0,0,"20,000-29,999",0,0,1
42,1,NA,NA,NA,1---,0,70,0,0,1,1,male,0,Class 4,0,0,0,0,0,1,0,0,0,1,"2500-4,999",1,0,0
43,1,NA,NA,NA,1---,1,22,1,0,0,0,female,1,Class 12,1,0,0,1,0,1,0,0,0,0,"10,000-14,999",0,1,0
44,1,NA,NA,NA,1---,0,19,1,0,0,0,female,1,Class 10,0,0,1,0,0,1,0,0,0,0,"20,000-29,999",0,0,1
45,1,NA,NA,NA,1---,1,47,0,1,0,1,female,1,No formal education,0,1,0,0,0,1,0,0,0,0,"2500-4,999",1,0,0
46,1,NA,NA,NA,1---,1,26,1,0,0,0,male,0,Class 10,0,0,1,0,0,1,0,0,0,0,"5,000-9,999",0,1,0
47,1,NA,NA,NA,1---,1,37,0,1,0,1,female,1,Class 11,0,0,1,0,0,1,0,0,0,0,"10,000-14,999",0,1,0
48,1,NA,NA,NA,1---,1,52,0,0,1,1,male,0,Class 5,0,0,0,0,0,1,0,0,0,1,"0-2,499",1,0,0
49,1,NA,NA,NA,1---,1,34,0,1,0,0,female,1,No formal education,0,1,0,0,0,1,0,0,0,0,"5,000-9,999",0,1,0
50,1,NA,NA,NA,1---,1,21,1,0,0,0,male,0,Some college,1,0,0,1,0,1,0,0,0,0,"15,000-19,999",0,0,1
51,3,NA,NA,NA,3---,1,40,0,1,0,1,female,1,No formal education,0,1,0,0,0,1,0,0,0,0,"2500-4,999",1,0,0
52,2,NA,NA,NA,2---,0,30,0,1,0,0,male,0,Class 8,0,0,1,0,0,1,0,0,0,1,"5,000-9,999",0,1,0
53,1,NA,NA,NA,1---,1,21,1,0,0,0,male,0,Graduation (BA/BS etc.),1,0,0,0,1,1,0,0,0,0,"15,000-19,999",0,0,1
54,1,NA,NA,NA,1---,1,70,0,0,1,1,female,1,No formal education,0,1,0,0,0,1,0,0,0,0,"2500-4,999",1,0,0
55,1,NA,NA,NA,1---,1,30,0,1,0,0,male,0,Class 10,0,0,1,0,0,1,0,0,0,1,"5,000-9,999",0,1,0
56,2,NA,NA,NA,2---,1,36,0,1,0,1,female,1,No formal education,0,1,0,0,0,1,0,0,0,0,"5,000-9,999",0,1,0
57,1,NA,NA,NA,1---,1,62,0,0,1,1,female,1,No formal education,0,1,0,0,0,1,0,0,0,0,"0-2,499",1,0,0
58,1,NA,NA,NA,1---,1,63,0,0,1,1,male,0,No formal education,0,1,0,0,0,1,0,0,0,0,"5,000-9,999",0,1,0
59,1,NA,NA,NA,1---,0,32,0,1,0,0,female,1,Class 8,0,0,1,0,0,1,0,0,0,0,"5,000-9,999",0,1,0
60,1,NA,NA,NA,1---,0,30,0,1,0,0,male,0,Class 12,1,0,0,1,0,1,0,0,0,1,"10,000-14,999",0,1,0
61,1,NA,NA,NA,1---,0,45,0,1,0,1,male,0,Class 9,0,0,1,0,0,1,0,0,0,1,"0-2,499",1,0,0
62,2,NA,NA,NA,2---,1,59,0,0,1,1,male,0,No formal education,0,1,0,0,0,1,0,0,0,1,"5,000-9,999",0,1,0
63,1,NA,NA,NA,1---,0,52,0,0,1,1,female,1,No formal education,0,1,0,0,0,1,0,0,0,0,"20,000-29,999",0,0,1
64,1,NA,NA,NA,1---,1,60,0,0,1,1,female,1,No formal education,0,1,0,0,0,1,0,0,0,0,"2500-4,999",1,0,0
65,2,NA,NA,NA,2---,0,32,0,1,0,0,male,0,Some college,1,0,0,1,0,1,0,0,0,0,"5,000-9,999",0,1,0
66,1,NA,NA,NA,1---,1,82,0,0,1,1,male,0,No formal education,0,1,0,0,0,1,0,0,0,1,"0-2,499",1,0,0
67,1,NA,NA,NA,1---,0,30,0,1,0,0,male,0,No formal education,0,1,0,0,0,1,0,0,0,1,"2500-4,999",1,0,0
68,1,NA,NA,NA,1---,0,35,0,1,0,0,female,1,No formal education,0,1,0,0,0,1,0,0,0,0,"2500-4,999",1,0,0
69,1,NA,NA,NA,1---,1,56,0,0,1,1,female,1,No formal education,0,1,0,0,0,1,0,0,0,0,"5,000-9,999",0,1,0
70,2,NA,NA,NA,2---,0,19,1,0,0,0,female,1,Class 12,1,0,0,1,0,1,0,0,0,0,"0-2,499",1,0,0
71,1,NA,NA,NA,1---,0,45,0,1,0,1,male,0,Some college,1,0,0,1,0,1,0,0,0,1,NA,0,0,1
72,1,NA,NA,NA,1---,1,25,1,0,0,0,male,0,Class 12,1,0,0,1,0,1,0,0,0,0,"20,000-29,999",0,0,1
73,1,NA,NA,NA,1---,1,55,0,0,1,1,female,1,No formal education,0,1,0,0,0,1,0,0,0,0,"5,000-9,999",0,1,0
74,1,NA,NA,NA,1---,1,50,0,0,1,1,female,1,No formal education,0,1,0,0,0,1,0,0,0,0,"2500-4,999",1,0,0
75,1,NA,NA,NA,1---,0,39,0,1,0,1,female,1,Class 8,0,0,1,0,0,1,0,0,0,0,"0-2,499",1,0,0
76,2,NA,NA,NA,2---,0,38,0,1,0,1,male,0,Class 5,0,0,0,0,0,1,0,0,0,1,"2500-4,999",1,0,0
77,1,NA,NA,NA,1---,1,61,0,0,1,1,male,0,No formal education,0,1,0,0,0,1,0,0,0,1,"2500-4,999",1,0,0
78,1,NA,NA,NA,1---,0,51,0,0,1,1,female,1,No formal education,0,1,0,0,0,1,0,0,0,0,"2500-4,999",1,0,0
79,4,NA,NA,NA,4---,0,55,0,0,1,1,female,1,No formal education,0,1,0,0,0,1,0,0,0,0,"0-2,499",1,0,0
80,3,NA,NA,NA,3---,0,23,1,0,0,0,male,0,Class 8,0,0,1,0,0,1,0,0,0,1,"0-2,499",1,0,0
81,2,NA,NA,NA,2---,1,65,0,0,1,1,male,0,No formal education,0,1,0,0,0,1,0,0,0,0,"0-2,499",1,0,0
82,1,NA,NA,NA,1---,1,45,0,1,0,1,female,1,No formal education,0,1,0,0,0,1,0,0,0,0,"2500-4,999",1,0,0
83,1,NA,NA,NA,1---,0,46,0,1,0,1,female,1,Class 5,0,0,0,0,0,1,0,0,0,0,"5,000-9,999",0,1,0
84,1,NA,NA,NA,1---,1,30,0,1,0,0,female,1,No formal education,0,1,0,0,0,1,0,0,0,0,"2500-4,999",1,0,0
85,1,NA,NA,NA,1---,0,30,0,1,0,0,male,0,Post-graduation (MA/MS etc.),1,0,0,0,1,1,0,0,0,1,"20,000-29,999",0,0,1
86,1,NA,NA,NA,1---,1,35,0,1,0,0,male,0,Class 8,0,0,1,0,0,1,0,0,0,1,"5,000-9,999",0,1,0
87,1,NA,NA,NA,1---,0,37,0,1,0,1,female,1,No formal education,0,1,0,0,0,1,0,0,0,0,"5,000-9,999",0,1,0
88,1,NA,NA,NA,1---,1,80,0,0,1,1,male,0,Class 8,0,0,1,0,0,1,0,0,0,1,"20,000-29,999",0,0,1
89,4,NA,NA,NA,4---,0,70,0,0,1,1,female,1,NA,NA,NA,NA,NA,NA,1,0,0,0,0,NA,0,0,1
90,1,NA,NA,NA,1---,1,31,0,1,0,0,female,1,Class 8,0,0,1,0,0,1,0,0,0,0,"20,000-29,999",0,0,1
91,1,NA,NA,NA,1---,0,22,1,0,0,0,female,1,No formal education,0,1,0,0,0,1,0,0,0,0,"2500-4,999",1,0,0
92,1,NA,NA,NA,1---,1,61,0,0,1,1,female,1,No formal education,0,1,0,0,0,1,0,0,0,0,"0-2,499",1,0,0
93,2,NA,NA,NA,2---,1,26,1,0,0,0,female,1,No formal education,0,1,0,0,0,1,0,0,0,0,"2500-4,999",1,0,0
94,1,NA,NA,NA,1---,1,20,1,0,0,0,female,1,Class 12,1,0,0,1,0,1,0,0,0,0,"0-2,499",1,0,0
95,1,NA,NA,NA,1---,0,50,0,0,1,1,male,0,Class 10,0,0,1,0,0,1,0,0,0,1,"15,000-19,999",0,0,1
96,1,NA,NA,NA,1---,1,70,0,0,1,1,male,0,Class 9,0,0,1,0,0,1,0,0,0,1,"10,000-14,999",0,1,0
97,1,NA,NA,NA,1---,0,22,1,0,0,0,female,1,Class 12,1,0,0,1,0,1,0,0,0,0,"30,000-39,999",0,0,1
98,1,NA,NA,NA,1---,1,52,0,0,1,1,female,1,No formal education,0,1,0,0,0,1,0,0,0,0,"0-2,499",1,0,0
99,1,NA,NA,NA,1---,0,82,0,0,1,1,male,0,No formal education,0,1,0,0,0,1,0,0,0,0,"2500-4,999",1,0,0
100,2,NA,NA,NA,2---,1,24,1,0,0,0,female,1,Post-graduation (MA/MS etc.),1,0,0,0,1,1,0,0,0,1,"20,000-29,999",0,0,1
101,1,NA,NA,NA,1---,0,38,0,1,0,1,female,1,Some college,1,0,0,1,0,1,0,0,0,0,"20,000-29,999",0,0,1
102,1,NA,NA,NA,1---,1,21,1,0,0,0,male,0,Some college,1,0,0,1,0,1,0,0,0,0,"2500-4,999",1,0,0
103,1,NA,NA,NA,1---,1,75,0,0,1,1,male,0,No formal education,0,1,0,0,0,1,0,0,0,0,"0-2,499",1,0,0
104,1,NA,NA,NA,1---,1,60,0,0,1,1,male,0,No formal education,0,1,0,0,0,1,0,0,0,0,"5,000-9,999",0,1,0
105,2,NA,NA,NA,2---,1,75,0,0,1,1,female,1,No formal education,0,1,0,0,0,1,0,0,0,0,"2500-4,999",1,0,0
106,1,NA,NA,NA,1---,0,34,0,1,0,0,female,1,No formal education,0,1,0,0,0,1,0,0,0,0,"2500-4,999",1,0,0
107,1,NA,NA,NA,1---,1,22,1,0,0,0,female,1,Some college,1,0,0,1,0,1,0,0,0,0,"2500-4,999",1,0,0
108,1,NA,NA,NA,1---,1,19,1,0,0,0,female,1,Class 10,0,0,1,0,0,1,0,0,0,0,"20,000-29,999",0,0,1
109,1,NA,NA,NA,1---,1,30,0,1,0,0,female,1,Graduation (BA/BS etc.),1,0,0,0,1,1,0,0,0,0,"15,000-19,999",0,0,1
110,1,NA,NA,NA,1---,0,29,0,1,0,0,male,0,Class 12,1,0,0,1,0,1,0,0,0,0,"2500-4,999",1,0,0
111,1,NA,NA,NA,1---,0,40,0,1,0,1,male,0,Graduation (BA/BS etc.),1,0,0,0,1,1,0,0,0,1,"2500-4,999",1,0,0
112,1,NA,NA,NA,1---,1,22,1,0,0,0,female,1,Class 11,0,0,1,0,0,1,0,0,0,0,"2500-4,999",1,0,0
113,2,NA,NA,NA,2---,1,28,0,1,0,0,female,1,No formal education,0,1,0,0,0,1,0,0,0,0,"2500-4,999",1,0,0
114,1,NA,NA,NA,1---,1,51,0,0,1,1,female,1,No formal education,0,1,0,0,0,1,0,0,0,0,"15,000-19,999",0,0,1
115,1,NA,NA,NA,1---,1,56,0,0,1,1,female,1,No formal education,0,1,0,0,0,1,0,0,0,0,"0-2,499",1,0,0
116,1,NA,NA,NA,1---,0,70,0,0,1,1,female,1,Some college,1,0,0,1,0,1,0,0,0,0,"5,000-9,999",0,1,0
117,1,NA,NA,NA,1---,1,48,0,1,0,1,female,1,No formal education,0,1,0,0,0,1,0,0,0,0,"30,000-39,999",0,0,1
118,1,NA,NA,NA,1---,0,26,1,0,0,0,female,1,Class 10,0,0,1,0,0,1,0,0,0,0,"2500-4,999",1,0,0
119,1,NA,NA,NA,1---,1,40,0,1,0,1,male,0,Some college,1,0,0,1,0,1,0,0,0,0,"10,000-14,999",0,1,0
120,1,NA,NA,NA,1---,0,20,1,0,0,0,female,1,Class 10,0,0,1,0,0,1,0,0,0,0,"5,000-9,999",0,1,0
121,NA,NA,NA,NA,----,0,23,1,0,0,0,male,0,Post-graduation (MA/MS etc.),1,0,0,0,1,1,0,0,0,0,"0-2,499",1,0,0
122,1,NA,NA,NA,1---,0,28,0,1,0,0,female,1,No formal education,0,1,0,0,0,1,0,0,0,0,"2500-4,999",1,0,0
123,1,NA,NA,NA,1---,1,20,1,0,0,0,male,0,Class 11,0,0,1,0,0,1,0,0,0,0,"More than 1,00,000",0,0,1
124,1,NA,NA,NA,1---,1,20,1,0,0,0,female,1,Class 9,0,0,1,0,0,1,0,0,0,0,"2500-4,999",1,0,0
125,1,NA,NA,NA,1---,1,24,1,0,0,0,female,1,Class 6,0,0,1,0,0,1,0,0,0,0,"2500-4,999",1,0,0
126,1,NA,NA,NA,1---,1,24,1,0,0,0,male,0,Class 12,1,0,0,1,0,1,0,0,0,0,"2500-4,999",1,0,0
127,1,NA,NA,NA,1---,0,80,0,0,1,1,male,0,No formal education,0,1,0,0,0,1,0,0,0,0,"10,000-14,999",0,1,0
128,1,NA,NA,NA,1---,1,57,0,0,1,1,male,0,Class 8,0,0,1,0,0,1,0,0,0,1,"5,000-9,999",0,1,0
129,1,NA,NA,NA,1---,1,53,0,0,1,1,female,1,No formal education,0,1,0,0,0,1,0,0,0,0,"2500-4,999",1,0,0
130,1,NA,NA,NA,1---,0,53,0,0,1,1,female,1,No formal education,0,1,0,0,0,1,0,0,0,0,"0-2,499",1,0,0
131,1,NA,NA,NA,1---,1,35,0,1,0,0,male,0,Class 9,0,0,1,0,0,1,0,0,0,1,"2500-4,999",1,0,0
132,1,NA,NA,NA,1---,0,42,0,1,0,1,female,1,No formal education,0,1,0,0,0,1,0,0,0,0,"2500-4,999",1,0,0
133,1,NA,NA,NA,1---,0,35,0,1,0,0,male,0,Class 7,0,0,1,0,0,1,0,0,0,1,"5,000-9,999",0,1,0
134,1,NA,NA,NA,1---,1,52,0,0,1,1,male,0,No formal education,0,1,0,0,0,1,0,0,0,1,"0-2,499",1,0,0
135,1,NA,NA,NA,1---,0,69,0,0,1,1,male,0,No formal education,0,1,0,0,0,1,0,0,0,0,"0-2,499",1,0,0
136,1,NA,NA,NA,1---,0,44,0,1,0,1,female,1,Class 8,0,0,1,0,0,1,0,0,0,0,"5,000-9,999",0,1,0
137,2,NA,NA,NA,2---,1,80,0,0,1,1,male,0,No formal education,0,1,0,0,0,1,0,0,0,0,"2500-4,999",1,0,0
138,1,NA,NA,NA,1---,0,38,0,1,0,1,female,1,Class 12,1,0,0,1,0,1,0,0,0,0,"5,000-9,999",0,1,0
139,1,NA,NA,NA,1---,0,74,0,0,1,1,male,0,No formal education,0,1,0,0,0,1,0,0,0,0,"2500-4,999",1,0,0
140,1,NA,NA,NA,1---,1,23,1,0,0,0,male,0,Class 11,0,0,1,0,0,1,0,0,0,1,"2500-4,999",1,0,0
141,1,NA,NA,NA,1---,1,31,0,1,0,0,male,0,Post-graduation (MA/MS etc.),1,0,0,0,1,1,0,0,0,1,"5,000-9,999",0,1,0
142,3,NA,NA,NA,3---,1,19,1,0,0,0,female,1,Class 10,0,0,1,0,0,1,0,0,0,0,"2500-4,999",1,0,0
143,1,NA,NA,NA,1---,1,60,0,0,1,1,male,0,Class 5,0,0,0,0,0,1,0,0,0,1,"5,000-9,999",0,1,0
144,1,NA,NA,NA,1---,1,34,0,1,0,0,female,1,Class 8,0,0,1,0,0,1,0,0,0,0,"5,000-9,999",0,1,0
145,2,NA,NA,NA,2---,0,28,0,1,0,0,female,1,Graduation (BA/BS etc.),1,0,0,0,1,1,0,0,0,0,"10,000-14,999",0,1,0
146,1,NA,NA,NA,1---,1,50,0,0,1,1,male,0,Class 11,0,0,1,0,0,1,0,0,0,1,"10,000-14,999",0,1,0
147,2,NA,NA,NA,2---,1,85,0,0,1,1,female,1,No formal education,0,1,0,0,0,1,0,0,0,0,"5,000-9,999",0,1,0
148,1,NA,NA,NA,1---,0,50,0,0,1,1,male,0,No formal education,0,1,0,0,0,1,0,0,0,0,"2500-4,999",1,0,0
149,1,NA,NA,NA,1---,0,34,0,1,0,0,male,0,Post-graduation (MA/MS etc.),1,0,0,0,1,1,0,0,0,1,"30,000-39,999",0,0,1
150,1,NA,NA,NA,1---,0,22,1,0,0,0,female,1,Class 10,0,0,1,0,0,1,0,0,0,0,"5,000-9,999",0,1,0
151,1,NA,NA,NA,1---,1,28,0,1,0,0,male,0,Class 12,1,0,0,1,0,1,0,0,0,0,"50,000-59,999",0,0,1
152,1,NA,NA,NA,1---,0,28,0,1,0,0,male,0,Post-graduation (MA/MS etc.),1,0,0,0,1,1,0,0,0,0,"10,000-14,999",0,1,0
153,1,NA,NA,NA,1---,1,49,0,1,0,1,female,1,No formal education,0,1,0,0,0,1,0,0,0,0,"10,000-14,999",0,1,0
154,2,NA,NA,NA,2---,0,45,0,1,0,1,male,0,No formal education,0,1,0,0,0,1,0,0,0,1,"2500-4,999",1,0,0
155,1,NA,NA,NA,1---,1,44,0,1,0,1,male,0,Class 11,0,0,1,0,0,1,0,0,0,1,"0-2,499",1,0,0
156,1,NA,NA,NA,1---,0,49,0,1,0,1,female,1,No formal education,0,1,0,0,0,1,0,0,0,0,"0-2,499",1,0,0
157,1,NA,NA,NA,1---,0,40,0,1,0,1,female,1,No formal education,0,1,0,0,0,1,0,0,0,0,"2500-4,999",1,0,0
158,2,NA,NA,NA,2---,0,32,0,1,0,0,male,0,No formal education,0,1,0,0,0,1,0,0,0,1,"0-2,499",1,0,0
159,1,NA,NA,NA,1---,1,40,0,1,0,1,male,0,Class 9,0,0,1,0,0,1,0,0,0,1,"2500-4,999",1,0,0
160,1,NA,NA,NA,1---,1,29,0,1,0,0,female,1,Class 8,0,0,1,0,0,1,0,0,0,0,"2500-4,999",1,0,0
161,1,NA,NA,NA,1---,0,45,0,1,0,1,male,0,Class 8,0,0,1,0,0,1,0,0,0,1,"10,000-14,999",0,1,0
162,1,NA,NA,NA,1---,0,19,1,0,0,0,female,1,Class 11,0,0,1,0,0,1,0,0,0,0,"2500-4,999",1,0,0
163,2,NA,NA,NA,2---,1,23,1,0,0,0,female,1,Class 10,0,0,1,0,0,1,0,0,0,0,"2500-4,999",1,0,0
164,1,NA,NA,NA,1---,1,24,1,0,0,0,female,1,Class 12,1,0,0,1,0,1,0,0,0,0,"0-2,499",1,0,0
165,1,NA,NA,NA,1---,1,29,0,1,0,0,male,0,Class 9,0,0,1,0,0,1,0,0,0,1,"2500-4,999",1,0,0
166,1,NA,NA,NA,1---,1,20,1,0,0,0,female,1,Some college,1,0,0,1,0,1,0,0,0,0,"10,000-14,999",0,1,0
167,1,NA,NA,NA,1---,1,50,0,0,1,1,female,1,No formal education,0,1,0,0,0,1,0,0,0,0,"5,000-9,999",0,1,0
168,1,NA,NA,NA,1---,0,33,0,1,0,0,male,0,Class 9,0,0,1,0,0,1,0,0,0,0,"10,000-14,999",0,1,0
169,1,NA,NA,NA,1---,0,39,0,1,0,1,female,1,No formal education,0,1,0,0,0,1,0,0,0,0,"2500-4,999",1,0,0
170,1,NA,NA,NA,1---,0,55,0,0,1,1,male,0,No formal education,0,1,0,0,0,1,0,0,0,1,"2500-4,999",1,0,0
171,1,NA,NA,NA,1---,1,32,0,1,0,0,male,0,Class 9,0,0,1,0,0,1,0,0,0,1,"15,000-19,999",0,0,1
172,1,NA,NA,NA,1---,0,60,0,0,1,1,male,0,No formal education,0,1,0,0,0,1,0,0,0,0,"0-2,499",1,0,0
173,1,NA,NA,NA,1---,1,48,0,1,0,1,female,1,No formal education,0,1,0,0,0,1,0,0,0,0,"10,000-14,999",0,1,0
174,1,NA,NA,NA,1---,0,40,0,1,0,1,female,1,No formal education,0,1,0,0,0,1,0,0,0,0,"15,000-19,999",0,0,1
175,1,NA,NA,NA,1---,1,45,0,1,0,1,male,0,Class 12,1,0,0,1,0,1,0,0,0,1,"5,000-9,999",0,1,0
176,1,NA,NA,NA,1---,1,33,0,1,0,0,female,1,No formal education,0,1,0,0,0,1,0,0,0,0,"0-2,499",1,0,0
177,1,NA,NA,NA,1---,1,20,1,0,0,0,male,0,Class 10,0,0,1,0,0,1,0,0,0,0,"2500-4,999",1,0,0
178,1,NA,NA,NA,1---,0,76,0,0,1,1,female,1,No formal education,0,1,0,0,0,1,0,0,0,0,"20,000-29,999",0,0,1
179,1,NA,NA,NA,1---,1,60,0,0,1,1,female,1,No formal education,0,1,0,0,0,1,0,0,0,0,"2500-4,999",1,0,0
180,1,NA,NA,NA,1---,1,53,0,0,1,1,female,1,Class 11,0,0,1,0,0,1,0,0,0,0,"10,000-14,999",0,1,0
181,1,NA,NA,NA,1---,1,45,0,1,0,1,female,1,Class 7,0,0,1,0,0,1,0,0,0,0,"2500-4,999",1,0,0
182,2,NA,NA,NA,2---,0,60,0,0,1,1,female,1,Class 10,0,0,1,0,0,1,0,0,0,0,"40,000-49,999",0,0,1
183,1,NA,NA,NA,1---,1,41,0,1,0,1,male,0,Class 10,0,0,1,0,0,1,0,0,0,1,"0-2,499",1,0,0
184,1,NA,NA,NA,1---,0,65,0,0,1,1,female,1,Class 10,0,0,1,0,0,1,0,0,0,0,"15,000-19,999",0,0,1
185,1,NA,NA,NA,1---,0,25,1,0,0,0,female,1,Class 9,0,0,1,0,0,1,0,0,0,0,"2500-4,999",1,0,0
186,1,NA,NA,NA,1---,1,33,0,1,0,0,male,0,Class 10,0,0,1,0,0,1,0,0,0,1,"0-2,499",1,0,0
187,1,NA,NA,NA,1---,0,21,1,0,0,0,male,0,Class 10,0,0,1,0,0,1,0,0,0,1,"0-2,499",1,0,0
188,2,NA,NA,NA,2---,1,25,1,0,0,0,female,1,Class 1,0,0,0,0,0,1,0,0,0,0,"2500-4,999",1,0,0
189,1,NA,NA,NA,1---,1,30,0,1,0,0,female,1,No formal education,0,1,0,0,0,1,0,0,0,0,"2500-4,999",1,0,0
190,2,NA,NA,NA,2---,0,20,1,0,0,0,female,1,Some college,1,0,0,1,0,0,0,0,0,0,"0-2,499",1,0,0
191,1,NA,NA,NA,1---,1,58,0,0,1,1,female,1,No formal education,0,1,0,0,0,1,0,0,0,0,"2500-4,999",1,0,0
192,2,NA,NA,NA,2---,1,32,0,1,0,0,male,0,No formal education,0,1,0,0,0,1,0,0,0,1,"2500-4,999",1,0,0
193,1,NA,NA,NA,1---,0,19,1,0,0,0,male,0,Some college,1,0,0,1,0,1,0,0,0,0,"10,000-14,999",0,1,0
194,1,NA,NA,NA,1---,0,68,0,0,1,1,male,0,Class 5,0,0,0,0,0,1,0,0,0,1,"2500-4,999",1,0,0
195,1,NA,NA,NA,1---,1,35,0,1,0,0,male,0,Class 3,0,0,0,0,0,1,0,0,0,1,"5,000-9,999",0,1,0
196,1,NA,NA,NA,1---,1,22,1,0,0,0,male,0,Class 10,0,0,1,0,0,1,0,0,0,1,"5,000-9,999",0,1,0
197,1,NA,NA,NA,1---,1,28,0,1,0,0,female,1,Post-graduation (MA/MS etc.),1,0,0,0,1,1,0,0,0,0,"10,000-14,999",0,1,0
198,1,NA,NA,NA,1---,1,23,1,0,0,0,female,1,Class 10,0,0,1,0,0,1,0,0,0,0,"0-2,499",1,0,0
199,1,NA,NA,NA,1---,0,27,1,0,0,0,female,1,Class 5,0,0,0,0,0,1,0,0,0,0,"2500-4,999",1,0,0
200,1,NA,NA,NA,1---,1,27,1,0,0,0,male,0,Class 1,0,0,0,0,0,1,0,0,0,0,"20,000-29,999",0,0,1
201,1,NA,NA,NA,1---,0,35,0,1,0,0,male,0,No formal education,0,1,0,0,0,1,0,0,0,1,"0-2,499",1,0,0
202,1,NA,NA,NA,1---,1,29,0,1,0,0,male,0,Post-graduation (MA/MS etc.),1,0,0,0,1,1,0,0,0,0,"2500-4,999",1,0,0
203,1,NA,NA,NA,1---,0,33,0,1,0,0,female,1,No formal education,0,1,0,0,0,1,0,0,0,0,"0-2,499",1,0,0
204,1,NA,NA,NA,1---,1,31,0,1,0,0,female,1,Class 10,0,0,1,0,0,1,0,0,0,1,"20,000-29,999",0,0,1
205,1,NA,NA,NA,1---,0,19,1,0,0,0,male,0,Class 10,0,0,1,0,0,1,0,0,0,0,"2500-4,999",1,0,0
206,1,NA,NA,NA,1---,0,45,0,1,0,1,male,0,Class 9,0,0,1,0,0,1,0,0,0,1,"0-2,499",1,0,0
207,1,NA,NA,NA,1---,1,44,0,1,0,1,male,0,Class 9,0,0,1,0,0,1,0,0,0,1,"0-2,499",1,0,0
208,1,NA,NA,NA,1---,1,24,1,0,0,0,male,0,Some college,1,0,0,1,0,1,0,0,0,0,"2500-4,999",1,0,0
209,2,NA,NA,NA,2---,1,47,0,1,0,1,female,1,Class 12,1,0,0,1,0,0,0,0,0,0,"15,000-19,999",0,0,1
210,1,NA,NA,NA,1---,0,37,0,1,0,1,male,0,Class 4,0,0,0,0,0,1,0,0,0,1,"0-2,499",1,0,0
211,3,NA,NA,NA,3---,0,39,0,1,0,1,female,1,No formal education,0,1,0,0,0,1,0,0,0,0,"0-2,499",1,0,0
212,1,NA,NA,NA,1---,1,19,1,0,0,0,female,1,Graduation (BA/BS etc.),1,0,0,0,1,1,0,0,0,0,"20,000-29,999",0,0,1
213,1,NA,NA,NA,1---,0,31,0,1,0,0,male,0,Class 2,0,0,0,0,0,1,0,0,0,1,"0-2,499",1,0,0
214,1,NA,NA,NA,1---,1,34,0,1,0,0,male,0,Class 9,0,0,1,0,0,1,0,0,0,1,"2500-4,999",1,0,0
215,1,NA,NA,NA,1---,1,20,1,0,0,0,male,0,Some college,1,0,0,1,0,1,0,0,0,0,"5,000-9,999",0,1,0
216,1,NA,NA,NA,1---,1,40,0,1,0,1,male,0,Class 10,0,0,1,0,0,1,0,0,0,1,"2500-4,999",1,0,0
217,1,NA,NA,NA,1---,1,48,0,1,0,1,female,1,No formal education,0,1,0,0,0,1,0,0,0,0,"5,000-9,999",0,1,0
218,1,NA,NA,NA,1---,0,48,0,1,0,1,male,0,Class 8,0,0,1,0,0,1,0,0,0,1,"5,000-9,999",0,1,0
219,1,NA,NA,NA,1---,0,24,1,0,0,0,male,0,Graduation (BA/BS etc.),1,0,0,0,1,1,0,0,0,0,"30,000-39,999",0,0,1
220,1,NA,NA,NA,1---,1,27,1,0,0,0,male,0,Class 8,0,0,1,0,0,1,0,0,0,1,"0-2,499",1,0,0
221,1,NA,NA,NA,1---,0,36,0,1,0,1,female,1,No formal education,0,1,0,0,0,1,0,0,0,0,"2500-4,999",1,0,0
222,1,NA,NA,NA,1---,1,19,1,0,0,0,male,0,NA,NA,NA,NA,NA,NA,1,0,0,0,0,"2500-4,999",1,0,0
223,1,NA,NA,NA,1---,0,25,1,0,0,0,male,0,Some college,1,0,0,1,0,1,0,0,0,1,"0-2,499",1,0,0
224,1,NA,NA,NA,1---,0,28,0,1,0,0,male,0,Class 9,0,0,1,0,0,1,0,0,0,1,"2500-4,999",1,0,0
225,1,NA,NA,NA,1---,0,35,0,1,0,0,female,1,Class 8,0,0,1,0,0,1,0,0,0,0,"0-2,499",1,0,0
226,1,NA,NA,NA,1---,1,27,1,0,0,0,male,0,Class 3,0,0,0,0,0,1,0,0,0,1,"5,000-9,999",0,1,0
227,1,NA,NA,NA,1---,0,30,0,1,0,0,male,0,Class 9,0,0,1,0,0,1,0,0,0,1,"2500-4,999",1,0,0
228,1,NA,NA,NA,1---,1,40,0,1,0,1,male,0,Class 7,0,0,1,0,0,1,0,0,0,1,"2500-4,999",1,0,0
229,1,NA,NA,NA,1---,0,31,0,1,0,0,female,1,Class 6,0,0,1,0,0,0,1,0,0,0,"5,000-9,999",0,1,0
230,1,NA,NA,NA,1---,0,34,0,1,0,0,male,0,Class 10,0,0,1,0,0,1,0,0,0,1,"2500-4,999",1,0,0
231,1,NA,NA,NA,1---,0,20,1,0,0,0,male,0,No formal education,0,1,0,0,0,1,0,0,0,0,"2500-4,999",1,0,0
232,2,NA,NA,NA,2---,0,50,0,0,1,1,female,1,No formal education,0,1,0,0,0,1,0,0,0,0,"0-2,499",1,0,0
233,1,NA,NA,NA,1---,0,20,1,0,0,0,male,0,Class 10,0,0,1,0,0,1,0,0,0,0,"2500-4,999",1,0,0
234,1,NA,NA,NA,1---,0,24,1,0,0,0,male,0,Graduation (BA/BS etc.),1,0,0,0,1,0,1,0,0,0,"10,000-14,999",0,1,0
235,1,NA,NA,NA,1---,0,30,0,1,0,0,male,0,Class 10,0,0,1,0,0,1,0,0,0,0,"5,000-9,999",0,1,0
236,1,NA,NA,NA,1---,1,40,0,1,0,1,male,0,Graduation (BA/BS etc.),1,0,0,0,1,1,0,0,0,1,"5,000-9,999",0,1,0
237,1,NA,NA,NA,1---,1,25,1,0,0,0,male,0,Class 8,0,0,1,0,0,1,0,0,0,1,"5,000-9,999",0,1,0
238,1,NA,NA,NA,1---,0,27,1,0,0,0,female,1,No formal education,0,1,0,0,0,0,1,0,0,0,"2500-4,999",1,0,0
239,1,NA,NA,NA,1---,1,46,0,1,0,1,male,0,No formal education,0,1,0,0,0,0,1,0,0,1,"0-2,499",1,0,0
240,1,NA,NA,NA,1---,1,40,0,1,0,1,male,0,Some college,1,0,0,1,0,1,0,0,0,1,"10,000-14,999",0,1,0
241,1,NA,NA,NA,1---,1,31,0,1,0,0,male,0,Post-graduation (MA/MS etc.),1,0,0,0,1,0,1,0,0,1,"20,000-29,999",0,0,1
242,2,NA,NA,NA,2---,1,34,0,1,0,0,male,0,Class 8,0,0,1,0,0,0,1,0,0,1,"2500-4,999",1,0,0
243,1,NA,NA,NA,1---,1,35,0,1,0,0,male,0,No formal education,0,1,0,0,0,0,1,0,0,1,"2500-4,999",1,0,0
244,1,NA,NA,NA,1---,0,60,0,0,1,1,male,0,Post-graduation (MA/MS etc.),1,0,0,0,1,0,1,0,0,1,"2500-4,999",1,0,0
245,1,NA,NA,NA,1---,0,79,0,0,1,1,male,0,No formal education,0,1,0,0,0,0,1,0,0,0,"0-2,499",1,0,0
246,1,NA,NA,NA,1---,0,35,0,1,0,0,male,0,Class 10,0,0,1,0,0,1,0,0,0,1,"5,000-9,999",0,1,0
247,1,NA,NA,NA,1---,1,34,0,1,0,0,male,0,Class 12,1,0,0,1,0,1,0,0,0,0,"5,000-9,999",0,1,0
248,1,NA,NA,NA,1---,1,36,0,1,0,1,female,1,No formal education,0,1,0,0,0,1,0,0,0,0,"0-2,499",1,0,0
249,1,NA,NA,NA,1---,0,57,0,0,1,1,male,0,Post-graduation (MA/MS etc.),1,0,0,0,1,1,0,0,0,1,"50,000-59,999",0,0,1
250,1,NA,NA,NA,1---,0,25,1,0,0,0,male,0,Class 10,0,0,1,0,0,1,0,0,0,1,"5,000-9,999",0,1,0
251,1,NA,NA,NA,1---,1,28,0,1,0,0,female,1,Class 9,0,0,1,0,0,1,0,0,0,0,"5,000-9,999",0,1,0
252,1,NA,NA,NA,1---,1,39,0,1,0,1,male,0,Class 9,0,0,1,0,0,1,0,0,0,1,"5,000-9,999",0,1,0
253,1,NA,NA,NA,1---,0,40,0,1,0,1,male,0,Class 5,0,0,0,0,0,1,0,0,0,0,"2500-4,999",1,0,0
254,1,NA,NA,NA,1---,0,49,0,1,0,1,male,0,No formal education,0,1,0,0,0,0,1,0,0,1,"2500-4,999",1,0,0
255,2,NA,NA,NA,2---,1,35,0,1,0,0,male,0,No formal education,0,1,0,0,0,0,1,0,0,1,"2500-4,999",1,0,0
256,2,NA,NA,NA,2---,0,22,1,0,0,0,male,0,Class 6,0,0,1,0,0,0,1,0,0,1,"15,000-19,999",0,0,1
257,1,NA,NA,NA,1---,0,18,1,0,0,0,female,1,No formal education,0,1,0,0,0,0,1,0,0,0,"2500-4,999",1,0,0
258,1,NA,NA,NA,1---,0,24,1,0,0,0,male,0,Class 10,0,0,1,0,0,1,0,0,0,0,"2500-4,999",1,0,0
259,1,NA,NA,NA,1---,0,27,1,0,0,0,male,0,Class 7,0,0,1,0,0,1,0,0,0,1,"2500-4,999",1,0,0
260,1,NA,NA,NA,1---,1,28,0,1,0,0,male,0,No formal education,0,1,0,0,0,1,0,0,0,0,"2500-4,999",1,0,0
261,1,NA,NA,NA,1---,0,26,1,0,0,0,female,1,Class 10,0,0,1,0,0,1,0,0,0,0,"0-2,499",1,0,0
262,1,NA,NA,NA,1---,1,30,0,1,0,0,male,0,Class 8,0,0,1,0,0,0,1,0,0,1,"2500-4,999",1,0,0
263,1,NA,NA,NA,1---,0,40,0,1,0,1,male,0,No formal education,0,1,0,0,0,1,0,0,0,1,"5,000-9,999",0,1,0
264,1,NA,NA,NA,1---,1,28,0,1,0,0,female,1,Class 11,0,0,1,0,0,1,0,0,0,0,"2500-4,999",1,0,0
265,1,NA,NA,NA,1---,1,35,0,1,0,0,female,1,Class 7,0,0,1,0,0,1,0,0,0,0,"2500-4,999",1,0,0
266,1,NA,NA,NA,1---,0,43,0,1,0,1,male,0,Class 8,0,0,1,0,0,1,0,0,0,1,"2500-4,999",1,0,0
267,1,NA,NA,NA,1---,0,54,0,0,1,1,female,1,No formal education,0,1,0,0,0,1,0,0,0,0,"5,000-9,999",0,1,0
268,1,NA,NA,NA,1---,1,23,1,0,0,0,female,1,Class 6,0,0,1,0,0,1,0,0,0,0,"5,000-9,999",0,1,0
269,1,NA,NA,NA,1---,1,72,0,0,1,1,female,1,No formal education,0,1,0,0,0,0,1,0,0,0,"0-2,499",1,0,0
270,1,NA,NA,NA,1---,0,26,1,0,0,0,female,1,Some college,1,0,0,1,0,1,0,0,0,0,"2500-4,999",1,0,0
271,1,NA,NA,NA,1---,1,49,0,1,0,1,male,0,Class 12,1,0,0,1,0,1,0,0,0,1,"2500-4,999",1,0,0
272,1,NA,NA,NA,1---,1,33,0,1,0,0,male,0,No formal education,0,1,0,0,0,0,1,0,0,1,"0-2,499",1,0,0
273,1,NA,NA,NA,1---,0,45,0,1,0,1,female,1,No formal education,0,1,0,0,0,1,0,0,0,0,"30,000-39,999",0,0,1
274,2,NA,NA,NA,2---,0,50,0,0,1,1,male,0,Some college,1,0,0,1,0,1,0,0,0,0,"20,000-29,999",0,0,1
275,1,NA,NA,NA,1---,1,75,0,0,1,1,male,0,No formal education,0,1,0,0,0,1,0,0,0,0,"2500-4,999",1,0,0
276,1,NA,NA,NA,1---,1,46,0,1,0,1,male,0,Class 9,0,0,1,0,0,1,0,0,0,1,"5,000-9,999",0,1,0
277,1,NA,NA,NA,1---,1,60,0,0,1,1,male,0,No formal education,0,1,0,0,0,1,0,0,0,1,"2500-4,999",1,0,0
278,1,NA,NA,NA,1---,0,49,0,1,0,1,female,1,Class 7,0,0,1,0,0,1,0,0,0,0,"5,000-9,999",0,1,0
279,1,NA,NA,NA,1---,0,55,0,0,1,1,male,0,Class 12,1,0,0,1,0,1,0,0,0,1,"5,000-9,999",0,1,0
280,1,NA,NA,NA,1---,1,32,0,1,0,0,male,0,Class 11,0,0,1,0,0,1,0,0,0,1,"10,000-14,999",0,1,0
281,1,NA,NA,NA,1---,0,44,0,1,0,1,female,1,No formal education,0,1,0,0,0,1,0,0,0,0,"0-2,499",1,0,0
282,1,NA,NA,NA,1---,0,33,0,1,0,0,male,0,Class 10,0,0,1,0,0,1,0,0,0,1,"2500-4,999",1,0,0
283,1,NA,NA,NA,1---,1,49,0,1,0,1,female,1,No formal education,0,1,0,0,0,1,0,0,0,0,"5,000-9,999",0,1,0
284,2,NA,NA,NA,2---,0,34,0,1,0,0,male,0,Class 10,0,0,1,0,0,1,0,0,0,0,"30,000-39,999",0,0,1
285,1,NA,NA,NA,1---,1,58,0,0,1,1,female,1,No formal education,0,1,0,0,0,1,0,0,0,0,"10,000-14,999",0,1,0
286,1,NA,NA,NA,1---,0,70,0,0,1,1,male,0,No formal education,0,1,0,0,0,1,0,0,0,0,"2500-4,999",1,0,0
287,1,NA,NA,NA,1---,1,26,1,0,0,0,male,0,Post-graduation (MA/MS etc.),1,0,0,0,1,1,0,0,0,0,"20,000-29,999",0,0,1
288,1,NA,NA,NA,1---,1,44,0,1,0,1,male,0,Post-graduation (MA/MS etc.),1,0,0,0,1,1,0,0,0,1,"30,000-39,999",0,0,1
289,1,NA,NA,NA,1---,0,34,0,1,0,0,female,1,Class 5,0,0,0,0,0,1,0,0,0,0,"10,000-14,999",0,1,0
290,1,NA,NA,NA,1---,1,27,1,0,0,0,female,1,Class 9,0,0,1,0,0,1,0,0,0,0,"2500-4,999",1,0,0
291,3,NA,NA,NA,3---,0,65,0,0,1,1,female,1,Class 12,1,0,0,1,0,1,0,0,0,0,"2500-4,999",1,0,0
292,1,NA,NA,NA,1---,1,31,0,1,0,0,female,1,No formal education,0,1,0,0,0,1,0,0,0,0,"2500-4,999",1,0,0
293,1,NA,NA,NA,1---,1,20,1,0,0,0,male,0,Some college,1,0,0,1,0,1,0,0,0,0,"10,000-14,999",0,1,0
294,1,NA,NA,NA,1---,1,23,1,0,0,0,female,1,Some college,1,0,0,1,0,1,0,0,0,0,"0-2,499",1,0,0
295,1,NA,NA,NA,1---,1,52,0,0,1,1,male,0,No formal education,0,1,0,0,0,1,0,0,0,1,"2500-4,999",1,0,0
296,1,NA,NA,NA,1---,0,48,0,1,0,1,female,1,No formal education,0,1,0,0,0,1,0,0,0,0,"5,000-9,999",0,1,0
297,1,NA,NA,NA,1---,0,65,0,0,1,1,female,1,No formal education,0,1,0,0,0,1,0,0,0,0,"2500-4,999",1,0,0
298,1,NA,NA,NA,1---,0,38,0,1,0,1,male,0,Class 10,0,0,1,0,0,1,0,0,0,1,"2500-4,999",1,0,0
299,1,NA,NA,NA,1---,1,60,0,0,1,1,male,0,Class 5,0,0,0,0,0,1,0,0,0,1,"2500-4,999",1,0,0
300,1,NA,NA,NA,1---,1,34,0,1,0,0,female,1,No formal education,0,1,0,0,0,1,0,0,0,0,"5,000-9,999",0,1,0
301,1,NA,NA,NA,1---,0,75,0,0,1,1,female,1,No formal education,0,1,0,0,0,1,0,0,0,0,"2500-4,999",1,0,0
302,2,NA,NA,NA,2---,0,75,0,0,1,1,female,1,No formal education,0,1,0,0,0,1,0,0,0,0,"2500-4,999",1,0,0
303,1,NA,NA,NA,1---,1,38,0,1,0,1,male,0,Post-graduation (MA/MS etc.),1,0,0,0,1,1,0,0,0,1,"20,000-29,999",0,0,1
304,2,NA,NA,NA,2---,0,30,0,1,0,0,male,0,Class 10,0,0,1,0,0,1,0,0,0,1,NA,0,0,1
305,1,NA,NA,NA,1---,1,27,1,0,0,0,female,1,Class 11,0,0,1,0,0,1,0,0,0,0,"2500-4,999",1,0,0
306,1,NA,NA,NA,1---,0,85,0,0,1,1,male,0,Class 5,0,0,0,0,0,1,0,0,0,0,"10,000-14,999",0,1,0
307,1,NA,NA,NA,1---,1,23,1,0,0,0,male,0,Post-graduation (MA/MS etc.),1,0,0,0,1,1,0,0,0,0,"10,000-14,999",0,1,0
308,2,NA,NA,NA,2---,1,25,1,0,0,0,female,1,Post-graduation (MA/MS etc.),1,0,0,0,1,1,0,0,0,0,"20,000-29,999",0,0,1
309,1,NA,NA,NA,1---,0,60,0,0,1,1,male,0,Class 7,0,0,1,0,0,1,0,0,0,0,"2500-4,999",1,0,0
310,1,NA,NA,NA,1---,0,50,0,0,1,1,female,1,No formal education,0,1,0,0,0,1,0,0,0,0,"5,000-9,999",0,1,0
311,2,NA,NA,NA,2---,0,27,1,0,0,0,male,0,Class 8,0,0,1,0,0,1,0,0,0,1,"2500-4,999",1,0,0
312,1,NA,NA,NA,1---,1,40,0,1,0,1,male,0,No formal education,0,1,0,0,0,1,0,0,0,1,"10,000-14,999",0,1,0
313,1,NA,NA,NA,1---,1,35,0,1,0,0,male,0,Class 1,0,0,0,0,0,1,0,0,0,1,"20,000-29,999",0,0,1
314,1,NA,NA,NA,1---,1,23,1,0,0,0,male,0,Class 12,1,0,0,1,0,1,0,0,0,1,"2500-4,999",1,0,0
315,2,NA,NA,NA,2---,1,64,0,0,1,1,male,0,No formal education,0,1,0,0,0,1,0,0,0,0,"5,000-9,999",0,1,0
316,1,NA,NA,NA,1---,0,41,0,1,0,1,female,1,No formal education,0,1,0,0,0,1,0,0,0,0,"0-2,499",1,0,0
317,1,NA,NA,NA,1---,1,55,0,0,1,1,female,1,No formal education,0,1,0,0,0,1,0,0,0,0,"2500-4,999",1,0,0
318,1,NA,NA,NA,1---,1,27,1,0,0,0,male,0,Class 9,0,0,1,0,0,1,0,0,0,1,"5,000-9,999",0,1,0
319,1,NA,NA,NA,1---,1,54,0,0,1,1,male,0,No formal education,0,1,0,0,0,1,0,0,0,1,"5,000-9,999",0,1,0
320,2,NA,NA,NA,2---,1,21,1,0,0,0,female,1,Graduation (BA/BS etc.),1,0,0,0,1,1,0,0,0,0,"30,000-39,999",0,0,1
321,1,NA,NA,NA,1---,1,30,0,1,0,0,male,0,No formal education,0,1,0,0,0,1,0,0,0,1,"5,000-9,999",0,1,0
322,1,NA,NA,NA,1---,0,18,1,0,0,0,female,1,Class 10,0,0,1,0,0,1,0,0,0,0,"2500-4,999",1,0,0
323,1,NA,NA,NA,1---,0,27,1,0,0,0,male,0,Post-graduation (MA/MS etc.),1,0,0,0,1,1,0,0,0,0,"70,000-79,999",0,0,1
324,3,NA,NA,NA,3---,1,42,0,1,0,1,male,0,Class 11,0,0,1,0,0,1,0,0,0,1,"10,000-14,999",0,1,0
325,1,NA,NA,NA,1---,1,27,1,0,0,0,female,1,Class 12,1,0,0,1,0,1,0,0,0,1,"2500-4,999",1,0,0
326,1,NA,NA,NA,1---,1,22,1,0,0,0,male,0,Post-graduation (MA/MS etc.),1,0,0,0,1,1,0,0,0,0,"40,000-49,999",0,0,1
327,2,NA,NA,NA,2---,0,37,0,1,0,1,male,0,Class 10,0,0,1,0,0,1,0,0,0,0,"2500-4,999",1,0,0
328,2,NA,NA,NA,2---,0,42,0,1,0,1,male,0,No formal education,0,1,0,0,0,1,0,0,0,1,"0-2,499",1,0,0
329,1,NA,NA,NA,1---,0,30,0,1,0,0,male,0,No formal education,0,1,0,0,0,1,0,0,0,1,"15,000-19,999",0,0,1
330,1,NA,NA,NA,1---,1,40,0,1,0,1,male,0,No formal education,0,1,0,0,0,1,0,0,0,1,"20,000-29,999",0,0,1
331,1,NA,NA,NA,1---,1,60,0,0,1,1,male,0,Class 8,0,0,1,0,0,1,0,0,0,1,"5,000-9,999",0,1,0
332,1,NA,NA,NA,1---,1,33,0,1,0,0,female,1,No formal education,0,1,0,0,0,1,0,0,0,0,"2500-4,999",1,0,0
333,1,NA,NA,NA,1---,0,27,1,0,0,0,male,0,Class 11,0,0,1,0,0,1,0,0,0,0,"5,000-9,999",0,1,0
334,1,NA,NA,NA,1---,0,30,0,1,0,0,female,1,No formal education,0,1,0,0,0,1,0,0,0,0,"2500-4,999",1,0,0
335,1,NA,NA,NA,1---,0,90,0,0,1,1,female,1,No formal education,0,1,0,0,0,1,0,0,0,0,"5,000-9,999",0,1,0
336,1,NA,NA,NA,1---,0,46,0,1,0,1,female,1,Class 8,0,0,1,0,0,1,0,0,0,0,"5,000-9,999",0,1,0
337,1,NA,NA,NA,1---,0,90,0,0,1,1,female,1,No formal education,0,1,0,0,0,1,0,0,0,0,"2500-4,999",1,0,0
338,1,NA,NA,NA,1---,0,46,0,1,0,1,female,1,Class 11,0,0,1,0,0,1,0,0,0,0,"2500-4,999",1,0,0
339,2,NA,NA,NA,2---,0,28,0,1,0,0,male,0,Post-graduation (MA/MS etc.),1,0,0,0,1,0,0,0,1,0,"10,000-14,999",0,1,0
340,2,NA,NA,NA,2---,0,40,0,1,0,1,male,0,Class 12,1,0,0,1,0,1,0,0,0,1,"2500-4,999",1,0,0
341,2,NA,NA,NA,2---,0,50,0,0,1,1,male,0,Class 10,0,0,1,0,0,1,0,0,0,1,"5,000-9,999",0,1,0
342,2,NA,NA,NA,2---,1,50,0,0,1,1,male,0,No formal education,0,1,0,0,0,1,0,0,0,1,"10,000-14,999",0,1,0
343,1,NA,NA,NA,1---,1,50,0,0,1,1,female,1,No formal education,0,1,0,0,0,1,0,0,0,0,"2500-4,999",1,0,0
344,1,NA,NA,NA,1---,0,30,0,1,0,0,male,0,No formal education,0,1,0,0,0,1,0,0,0,0,"2500-4,999",1,0,0
345,2,NA,NA,NA,2---,0,45,0,1,0,1,male,0,Class 11,0,0,1,0,0,1,0,0,0,1,"10,000-14,999",0,1,0
346,1,NA,NA,NA,1---,0,27,1,0,0,0,female,1,Post-graduation (MA/MS etc.),1,0,0,0,1,1,0,0,0,0,"5,000-9,999",0,1,0
347,1,NA,NA,NA,1---,1,40,0,1,0,1,male,0,Class 6,0,0,1,0,0,1,0,0,0,1,"5,000-9,999",0,1,0
348,1,NA,NA,NA,1---,1,64,0,0,1,1,female,1,No formal education,0,1,0,0,0,1,0,0,0,0,"2500-4,999",1,0,0
349,1,NA,NA,NA,1---,0,32,0,1,0,0,female,1,No formal education,0,1,0,0,0,1,0,0,0,0,"0-2,499",1,0,0
350,1,NA,NA,NA,1---,1,63,0,0,1,1,male,0,Class 9,0,0,1,0,0,1,0,0,0,0,"2500-4,999",1,0,0
351,2,NA,NA,NA,2---,1,50,0,0,1,1,male,0,No formal education,0,1,0,0,0,1,0,0,0,1,"0-2,499",1,0,0
352,1,NA,NA,NA,1---,1,71,0,0,1,1,male,0,No formal education,0,1,0,0,0,1,0,0,0,0,"0-2,499",1,0,0
353,2,NA,NA,NA,2---,1,62,0,0,1,1,male,0,Class 10,0,0,1,0,0,0,0,0,1,1,"10,000-14,999",0,1,0
354,2,NA,NA,NA,2---,1,39,0,1,0,1,male,0,No formal education,0,1,0,0,0,1,0,0,0,1,"0-2,499",1,0,0
355,1,NA,NA,NA,1---,0,36,0,1,0,1,female,1,Class 11,0,0,1,0,0,1,0,0,0,0,"5,000-9,999",0,1,0
356,1,NA,NA,NA,1---,0,22,1,0,0,0,male,0,Class 12,1,0,0,1,0,1,0,0,0,1,"5,000-9,999",0,1,0
357,1,NA,NA,NA,1---,1,29,0,1,0,0,male,0,Class 8,0,0,1,0,0,1,0,0,0,1,"2500-4,999",1,0,0
358,1,NA,NA,NA,1---,1,24,1,0,0,0,female,1,Some college,1,0,0,1,0,1,0,0,0,0,"15,000-19,999",0,0,1
359,1,NA,NA,NA,1---,0,21,1,0,0,0,male,0,Class 10,0,0,1,0,0,1,0,0,0,1,"0-2,499",1,0,0
360,1,NA,NA,NA,1---,1,28,0,1,0,0,female,1,Class 1,0,0,0,0,0,1,0,0,0,0,"20,000-29,999",0,0,1
361,2,NA,NA,NA,2---,1,27,1,0,0,0,male,0,Class 8,0,0,1,0,0,1,0,0,0,0,"50,000-59,999",0,0,1
362,1,NA,NA,NA,1---,1,24,1,0,0,0,female,1,No formal education,0,1,0,0,0,1,0,0,0,0,"2500-4,999",1,0,0
363,1,NA,NA,NA,1---,0,39,0,1,0,1,male,0,Class 11,0,0,1,0,0,1,0,0,0,1,"10,000-14,999",0,1,0
364,2,NA,NA,NA,2---,1,39,0,1,0,1,male,0,Class 2,0,0,0,0,0,1,0,0,0,1,"20,000-29,999",0,0,1
365,1,NA,NA,NA,1---,1,31,0,1,0,0,female,1,No formal education,0,1,0,0,0,1,0,0,0,0,"5,000-9,999",0,1,0
366,1,NA,NA,NA,1---,0,69,0,0,1,1,female,1,No formal education,0,1,0,0,0,1,0,0,0,0,"0-2,499",1,0,0
367,2,NA,NA,NA,2---,0,49,0,1,0,1,male,0,Class 5,0,0,0,0,0,1,0,0,0,0,"0-2,499",1,0,0
368,1,NA,NA,NA,1---,1,28,0,1,0,0,female,1,Class 6,0,0,1,0,0,1,0,0,0,0,"2500-4,999",1,0,0
369,3,NA,NA,NA,3---,0,40,0,1,0,1,female,1,No formal education,0,1,0,0,0,1,0,0,0,0,"0-2,499",1,0,0
370,2,NA,NA,NA,2---,0,30,0,1,0,0,female,1,Post-graduation (MA/MS etc.),1,0,0,0,1,1,0,0,0,0,"20,000-29,999",0,0,1
371,1,NA,NA,NA,1---,0,26,1,0,0,0,male,0,Graduation (BA/BS etc.),1,0,0,0,1,1,0,0,0,0,"2500-4,999",1,0,0
372,2,NA,NA,NA,2---,0,24,1,0,0,0,female,1,No formal education,0,1,0,0,0,1,0,0,0,0,"5,000-9,999",0,1,0
373,1,NA,NA,NA,1---,1,20,1,0,0,0,male,0,Class 10,0,0,1,0,0,1,0,0,0,0,"10,000-14,999",0,1,0
374,1,NA,NA,NA,1---,1,32,0,1,0,0,female,1,Class 10,0,0,1,0,0,1,0,0,0,0,"5,000-9,999",0,1,0
375,1,NA,NA,NA,1---,0,27,1,0,0,0,male,0,Class 10,0,0,1,0,0,1,0,0,0,1,"2500-4,999",1,0,0
376,1,NA,NA,NA,1---,0,35,0,1,0,0,male,0,No formal education,0,1,0,0,0,1,0,0,0,1,"2500-4,999",1,0,0
377,2,NA,NA,NA,2---,0,31,0,1,0,0,male,0,Class 5,0,0,0,0,0,0,0,0,0,1,"2500-4,999",1,0,0
378,1,NA,NA,NA,1---,0,39,0,1,0,1,female,1,No formal education,0,1,0,0,0,1,0,0,0,0,"2500-4,999",1,0,0
379,1,NA,NA,NA,1---,1,27,1,0,0,0,female,1,No formal education,0,1,0,0,0,1,0,0,0,0,"2500-4,999",1,0,0
380,1,NA,NA,NA,1---,1,30,0,1,0,0,male,0,No formal education,0,1,0,0,0,1,0,0,0,1,"2500-4,999",1,0,0
381,1,NA,NA,NA,1---,1,27,1,0,0,0,male,0,Class 8,0,0,1,0,0,1,0,0,0,1,"0-2,499",1,0,0
382,1,NA,NA,NA,1---,1,50,0,0,1,1,male,0,Class 6,0,0,1,0,0,1,0,0,0,0,"0-2,499",1,0,0
383,1,NA,NA,NA,1---,0,30,0,1,0,0,male,0,Class 8,0,0,1,0,0,1,0,0,0,1,"2500-4,999",1,0,0
384,1,NA,NA,NA,1---,1,22,1,0,0,0,female,1,Class 11,0,0,1,0,0,1,0,0,0,0,"5,000-9,999",0,1,0
385,1,NA,NA,NA,1---,1,27,1,0,0,0,male,0,Class 11,0,0,1,0,0,1,0,0,0,0,"2500-4,999",1,0,0
386,2,NA,NA,NA,2---,0,44,0,1,0,1,female,1,No formal education,0,1,0,0,0,1,0,0,0,0,"2500-4,999",1,0,0
387,1,NA,NA,NA,1---,1,37,0,1,0,1,female,1,Graduation (BA/BS etc.),1,0,0,0,1,1,0,0,0,0,"15,000-19,999",0,0,1
388,1,NA,NA,NA,1---,0,71,0,0,1,1,male,0,Class 5,0,0,0,0,0,1,0,0,0,1,"10,000-14,999",0,1,0
389,1,NA,NA,NA,1---,0,28,0,1,0,0,male,0,Graduation (BA/BS etc.),1,0,0,0,1,1,0,0,0,0,"15,000-19,999",0,0,1
390,1,NA,NA,NA,1---,0,51,0,0,1,1,female,1,No formal education,0,1,0,0,0,1,0,0,0,0,"2500-4,999",1,0,0
391,1,NA,NA,NA,1---,0,35,0,1,0,0,male,0,No formal education,0,1,0,0,0,1,0,0,0,1,"0-2,499",1,0,0
392,1,NA,NA,NA,1---,1,23,1,0,0,0,female,1,Graduation (BA/BS etc.),1,0,0,0,1,1,0,0,0,0,"20,000-29,999",0,0,1
393,1,NA,NA,NA,1---,1,30,0,1,0,0,female,1,No formal education,0,1,0,0,0,1,0,0,0,0,"15,000-19,999",0,0,1
394,1,NA,NA,NA,1---,1,34,0,1,0,0,female,1,Class 12,1,0,0,1,0,1,0,0,0,1,"30,000-39,999",0,0,1
395,2,NA,NA,NA,2---,1,24,1,0,0,0,female,1,Class 12,1,0,0,1,0,1,0,0,0,0,"2500-4,999",1,0,0
396,1,NA,NA,NA,1---,0,31,0,1,0,0,female,1,No formal education,0,1,0,0,0,1,0,0,0,0,"0-2,499",1,0,0
397,1,NA,NA,NA,1---,1,45,0,1,0,1,male,0,Class 8,0,0,1,0,0,1,0,0,0,1,"5,000-9,999",0,1,0
398,3,NA,NA,NA,3---,0,39,0,1,0,1,male,0,Post-graduation (MA/MS etc.),1,0,0,0,1,1,0,0,0,1,"50,000-59,999",0,0,1
399,1,NA,NA,NA,1---,1,34,0,1,0,0,male,0,No formal education,0,1,0,0,0,1,0,0,0,0,"0-2,499",1,0,0
400,1,NA,NA,NA,1---,0,23,1,0,0,0,male,0,Class 11,0,0,1,0,0,1,0,0,0,0,"2500-4,999",1,0,0
401,1,NA,NA,NA,1---,1,47,0,1,0,1,female,1,No formal education,0,1,0,0,0,1,0,0,0,0,"0-2,499",1,0,0
402,1,NA,NA,NA,1---,1,21,1,0,0,0,female,1,Class 9,0,0,1,0,0,1,0,0,0,0,"20,000-29,999",0,0,1
403,1,NA,NA,NA,1---,0,31,0,1,0,0,male,0,Class 12,1,0,0,1,0,1,0,0,0,1,"10,000-14,999",0,1,0
404,2,NA,NA,NA,2---,0,69,0,0,1,1,male,0,No formal education,0,1,0,0,0,1,0,0,0,0,"20,000-29,999",0,0,1
405,2,NA,NA,NA,2---,0,37,0,1,0,1,female,1,No formal education,0,1,0,0,0,1,0,0,0,0,"2500-4,999",1,0,0
406,1,NA,NA,NA,1---,1,40,0,1,0,1,male,0,Class 10,0,0,1,0,0,1,0,0,0,1,"30,000-39,999",0,0,1
407,1,NA,NA,NA,1---,1,35,0,1,0,0,male,0,No formal education,0,1,0,0,0,1,0,0,0,0,"0-2,499",1,0,0
408,1,NA,NA,NA,1---,1,44,0,1,0,1,male,0,Class 8,0,0,1,0,0,1,0,0,0,1,"2500-4,999",1,0,0
409,1,NA,NA,NA,1---,0,55,0,0,1,1,male,0,Class 8,0,0,1,0,0,1,0,0,0,0,"50,000-59,999",0,0,1
410,1,NA,NA,NA,1---,1,56,0,0,1,1,female,1,No formal education,0,1,0,0,0,1,0,0,0,0,"2500-4,999",1,0,0
411,1,NA,NA,NA,1---,1,70,0,0,1,1,male,0,Class 9,0,0,1,0,0,1,0,0,0,1,"5,000-9,999",0,1,0
412,1,NA,NA,NA,1---,0,34,0,1,0,0,male,0,No formal education,0,1,0,0,0,1,0,0,0,0,"0-2,499",1,0,0
413,2,NA,NA,NA,2---,1,20,1,0,0,0,male,0,Class 9,0,0,1,0,0,0,0,0,0,1,"0-2,499",1,0,0
414,2,NA,NA,NA,2---,0,32,0,1,0,0,female,1,No formal education,0,1,0,0,0,0,0,0,0,0,"0-2,499",1,0,0
415,2,NA,NA,NA,2---,1,35,0,1,0,0,female,1,Class 9,0,0,1,0,0,1,0,0,0,0,"40,000-49,999",0,0,1
416,1,NA,NA,NA,1---,1,23,1,0,0,0,male,0,Class 10,0,0,1,0,0,1,0,0,0,0,"5,000-9,999",0,1,0
417,1,NA,NA,NA,1---,1,44,0,1,0,1,female,1,No formal education,0,1,0,0,0,1,0,0,0,0,"2500-4,999",1,0,0
418,1,NA,NA,NA,1---,0,65,0,0,1,1,male,0,Class 3,0,0,0,0,0,1,0,0,0,1,"0-2,499",1,0,0
419,1,NA,NA,NA,1---,1,26,1,0,0,0,male,0,Post-graduation (MA/MS etc.),1,0,0,0,1,1,0,0,0,1,"80,000-89,999",0,0,1
420,1,NA,NA,NA,1---,0,59,0,0,1,1,female,1,Class 10,0,0,1,0,0,1,0,0,0,0,"30,000-39,999",0,0,1
421,2,NA,NA,NA,2---,0,33,0,1,0,0,male,0,Class 10,0,0,1,0,0,1,0,0,0,1,"10,000-14,999",0,1,0
422,1,NA,NA,NA,1---,1,56,0,0,1,1,female,1,Class 10,0,0,1,0,0,1,0,0,0,0,"20,000-29,999",0,0,1
423,1,NA,NA,NA,1---,0,27,1,0,0,0,male,0,Class 12,1,0,0,1,0,1,0,0,0,0,"10,000-14,999",0,1,0
424,1,NA,NA,NA,1---,0,69,0,0,1,1,female,1,No formal education,0,1,0,0,0,1,0,0,0,0,"5,000-9,999",0,1,0
425,1,NA,NA,NA,1---,0,27,1,0,0,0,male,0,No formal education,0,1,0,0,0,1,0,0,0,0,"2500-4,999",1,0,0
426,1,NA,NA,NA,1---,1,52,0,0,1,1,male,0,Class 9,0,0,1,0,0,1,0,0,0,1,"0-2,499",1,0,0
427,1,NA,NA,NA,1---,0,50,0,0,1,1,male,0,Class 8,0,0,1,0,0,0,1,0,0,1,"15,000-19,999",0,0,1
428,2,NA,NA,NA,2---,0,49,0,1,0,1,female,1,Post-graduation (MA/MS etc.),1,0,0,0,1,1,0,0,0,0,"5,000-9,999",0,1,0
429,1,NA,NA,NA,1---,0,47,0,1,0,1,male,0,Class 12,1,0,0,1,0,1,0,0,0,1,"20,000-29,999",0,0,1
430,1,NA,NA,NA,1---,1,44,0,1,0,1,female,1,Class 12,1,0,0,1,0,1,0,0,0,0,"15,000-19,999",0,0,1
431,1,NA,NA,NA,1---,1,31,0,1,0,0,female,1,Class 12,1,0,0,1,0,1,0,0,0,0,"10,000-14,999",0,1,0
432,1,NA,NA,NA,1---,0,37,0,1,0,1,male,0,Post-graduation (MA/MS etc.),1,0,0,0,1,1,0,0,0,0,"50,000-59,999",0,0,1
433,1,NA,NA,NA,1---,1,42,0,1,0,1,female,1,Post-graduation (MA/MS etc.),1,0,0,0,1,1,0,0,0,0,"60,000-69,999",0,0,1
434,2,NA,NA,NA,2---,1,65,0,0,1,1,female,1,No formal education,0,1,0,0,0,1,0,0,0,0,"2500-4,999",1,0,0
435,1,NA,NA,NA,1---,0,60,0,0,1,1,male,0,No formal education,0,1,0,0,0,1,0,0,0,1,"5,000-9,999",0,1,0
436,1,NA,NA,NA,1---,1,39,0,1,0,1,male,0,No formal education,0,1,0,0,0,1,0,0,0,0,"2500-4,999",1,0,0
437,1,NA,NA,NA,1---,1,54,0,0,1,1,male,0,No formal education,0,1,0,0,0,1,0,0,0,1,"15,000-19,999",0,0,1
438,4,NA,NA,NA,4---,1,49,0,1,0,1,male,0,Class 10,0,0,1,0,0,1,0,0,0,1,"15,000-19,999",0,0,1
439,1,NA,NA,NA,1---,1,24,1,0,0,0,female,1,Post-graduation (MA/MS etc.),1,0,0,0,1,1,0,0,0,0,"10,000-14,999",0,1,0
440,2,NA,NA,NA,2---,1,54,0,0,1,1,female,1,No formal education,0,1,0,0,0,1,0,0,0,0,"10,000-14,999",0,1,0
441,1,NA,NA,NA,1---,1,59,0,0,1,1,male,0,Some college,1,0,0,1,0,1,0,0,0,0,"5,000-9,999",0,1,0
442,2,NA,NA,NA,2---,1,39,0,1,0,1,female,1,Class 8,0,0,1,0,0,1,0,0,0,0,"5,000-9,999",0,1,0
443,1,NA,NA,NA,1---,1,22,1,0,0,0,female,1,Graduation (BA/BS etc.),1,0,0,0,1,0,1,0,0,0,"5,000-9,999",0,1,0
444,1,NA,NA,NA,1---,1,69,0,0,1,1,female,1,No formal education,0,1,0,0,0,1,0,0,0,0,"2500-4,999",1,0,0
445,2,NA,NA,NA,2---,0,74,0,0,1,1,male,0,No formal education,0,1,0,0,0,1,0,0,0,0,"40,000-49,999",0,0,1
446,1,NA,NA,NA,1---,0,27,1,0,0,0,male,0,Graduation (BA/BS etc.),1,0,0,0,1,1,0,0,0,0,"15,000-19,999",0,0,1
447,1,NA,NA,NA,1---,1,27,1,0,0,0,male,0,Post-graduation (MA/MS etc.),1,0,0,0,1,1,0,0,0,0,"15,000-19,999",0,0,1
448,1,NA,NA,NA,1---,0,55,0,0,1,1,male,0,No formal education,0,1,0,0,0,1,0,0,0,1,"2500-4,999",1,0,0
449,1,NA,NA,NA,1---,0,28,0,1,0,0,male,0,Class 9,0,0,1,0,0,1,0,0,0,1,"2500-4,999",1,0,0
450,1,NA,NA,NA,1---,1,27,1,0,0,0,female,1,Graduation (BA/BS etc.),1,0,0,0,1,1,0,0,0,0,"5,000-9,999",0,1,0
451,1,NA,NA,NA,1---,1,27,1,0,0,0,female,1,Graduation (BA/BS etc.),1,0,0,0,1,1,0,0,0,0,"2500-4,999",1,0,0
452,1,NA,NA,NA,1---,0,59,0,0,1,1,male,0,Class 8,0,0,1,0,0,0,1,0,0,1,"2500-4,999",1,0,0
453,2,NA,NA,NA,2---,0,27,1,0,0,0,female,1,Class 10,0,0,1,0,0,1,0,0,0,0,"5,000-9,999",0,1,0
454,1,NA,NA,NA,1---,0,20,1,0,0,0,female,1,Some college,1,0,0,1,0,1,0,0,0,0,"2500-4,999",1,0,0
455,1,NA,NA,NA,1---,1,33,0,1,0,0,male,0,Some college,1,0,0,1,0,0,1,0,0,0,"10,000-14,999",0,1,0
456,1,NA,NA,NA,1---,0,37,0,1,0,1,male,0,Post-graduation (MA/MS etc.),1,0,0,0,1,1,0,0,0,1,"20,000-29,999",0,0,1
457,1,NA,NA,NA,1---,1,29,0,1,0,0,female,1,Post-graduation (MA/MS etc.),1,0,0,0,1,1,0,0,0,0,"10,000-14,999",0,1,0
458,1,NA,NA,NA,1---,1,31,0,1,0,0,female,1,Graduation (BA/BS etc.),1,0,0,0,1,1,0,0,0,0,"20,000-29,999",0,0,1
459,1,NA,NA,NA,1---,1,32,0,1,0,0,female,1,Class 12,1,0,0,1,0,1,0,0,0,0,"10,000-14,999",0,1,0
460,1,NA,NA,NA,1---,1,50,0,0,1,1,female,1,Graduation (BA/BS etc.),1,0,0,0,1,1,0,0,0,0,"5,000-9,999",0,1,0
461,1,NA,NA,NA,1---,1,44,0,1,0,1,male,0,No formal education,0,1,0,0,0,1,0,0,0,1,"2500-4,999",1,0,0
462,1,NA,NA,NA,1---,0,48,0,1,0,1,male,0,No formal education,0,1,0,0,0,1,0,0,0,0,"10,000-14,999",0,1,0
463,1,NA,NA,NA,1---,1,44,0,1,0,1,female,1,No formal education,0,1,0,0,0,1,0,0,0,1,"2500-4,999",1,0,0
464,1,NA,NA,NA,1---,1,21,1,0,0,0,female,1,Graduation (BA/BS etc.),1,0,0,0,1,1,0,0,0,0,"2500-4,999",1,0,0
465,1,NA,NA,NA,1---,0,30,0,1,0,0,female,1,Class 9,0,0,1,0,0,1,0,0,0,0,"2500-4,999",1,0,0
466,1,NA,NA,NA,1---,0,34,0,1,0,0,male,0,Class 10,0,0,1,0,0,1,0,0,0,0,"20,000-29,999",0,0,1
467,1,NA,NA,NA,1---,0,49,0,1,0,1,female,1,No formal education,0,1,0,0,0,1,0,0,0,0,"2500-4,999",1,0,0
468,1,NA,NA,NA,1---,1,36,0,1,0,1,female,1,Post-graduation (MA/MS etc.),1,0,0,0,1,1,0,0,0,0,"20,000-29,999",0,0,1
469,1,NA,NA,NA,1---,1,55,0,0,1,1,female,1,No formal education,0,1,0,0,0,1,0,0,0,0,"5,000-9,999",0,1,0
470,1,NA,NA,NA,1---,0,34,0,1,0,0,male,0,Graduation (BA/BS etc.),1,0,0,0,1,1,0,0,0,1,"15,000-19,999",0,0,1
471,2,NA,NA,NA,2---,1,59,0,0,1,1,male,0,Class 9,0,0,1,0,0,1,0,0,0,1,"5,000-9,999",0,1,0
472,1,NA,NA,NA,1---,0,26,1,0,0,0,female,1,Graduation (BA/BS etc.),1,0,0,0,1,1,0,0,0,0,"10,000-14,999",0,1,0
473,1,NA,NA,NA,1---,1,35,0,1,0,0,female,1,No formal education,0,1,0,0,0,1,0,0,0,0,"2500-4,999",1,0,0
474,1,NA,NA,NA,1---,0,44,0,1,0,1,male,0,Class 12,1,0,0,1,0,1,0,0,0,1,"20,000-29,999",0,0,1
475,1,NA,NA,NA,1---,0,29,0,1,0,0,female,1,Class 9,0,0,1,0,0,1,0,0,0,0,"20,000-29,999",0,0,1
476,1,NA,NA,NA,1---,0,28,0,1,0,0,female,1,Some college,1,0,0,1,0,1,0,0,0,0,"10,000-14,999",0,1,0
477,1,NA,NA,NA,1---,0,49,0,1,0,1,female,1,Class 8,0,0,1,0,0,1,0,0,0,0,"5,000-9,999",0,1,0
478,1,NA,NA,NA,1---,1,23,1,0,0,0,male,0,Class 7,0,0,1,0,0,1,0,0,0,1,"5,000-9,999",0,1,0
479,1,NA,NA,NA,1---,0,22,1,0,0,0,male,0,Some college,1,0,0,1,0,1,0,0,0,0,"20,000-29,999",0,0,1
480,1,NA,NA,NA,1---,1,35,0,1,0,0,male,0,Class 10,0,0,1,0,0,1,0,0,0,1,"40,000-49,999",0,0,1
481,1,NA,NA,NA,1---,0,51,0,0,1,1,male,0,Class 8,0,0,1,0,0,1,0,0,0,1,"30,000-39,999",0,0,1
482,1,NA,NA,NA,1---,1,19,1,0,0,0,female,1,Class 10,0,0,1,0,0,1,0,0,0,0,"2500-4,999",1,0,0
483,1,NA,NA,NA,1---,0,44,0,1,0,1,female,1,Class 8,0,0,1,0,0,1,0,0,0,0,"2500-4,999",1,0,0
484,1,NA,NA,NA,1---,1,30,0,1,0,0,female,1,Post-graduation (MA/MS etc.),1,0,0,0,1,1,0,0,0,0,"2500-4,999",1,0,0
485,1,NA,NA,NA,1---,1,18,1,0,0,0,male,0,Class 12,1,0,0,1,0,1,0,0,0,0,"5,000-9,999",0,1,0
486,1,NA,NA,NA,1---,1,43,0,1,0,1,female,1,No formal education,0,1,0,0,0,1,0,0,0,0,"2500-4,999",1,0,0
487,1,NA,NA,NA,1---,1,28,0,1,0,0,male,0,Class 7,0,0,1,0,0,1,0,0,0,0,"2500-4,999",1,0,0
488,1,NA,NA,NA,1---,1,27,1,0,0,0,male,0,Class 12,1,0,0,1,0,1,0,0,0,1,"15,000-19,999",0,0,1
489,1,NA,NA,NA,1---,1,45,0,1,0,1,male,0,Class 8,0,0,1,0,0,1,0,0,0,1,"2500-4,999",1,0,0
490,1,NA,NA,NA,1---,1,51,0,0,1,1,female,1,No formal education,0,1,0,0,0,0,1,0,0,0,"10,000-14,999",0,1,0
491,2,NA,NA,NA,2---,0,28,0,1,0,0,female,1,Class 8,0,0,1,0,0,1,0,0,0,0,"10,000-14,999",0,1,0
492,1,NA,NA,NA,1---,0,57,0,0,1,1,female,1,No formal education,0,1,0,0,0,1,0,0,0,0,"10,000-14,999",0,1,0
493,4,NA,NA,NA,4---,0,21,1,0,0,0,male,0,Class 11,0,0,1,0,0,1,0,0,0,0,"0-2,499",1,0,0
494,1,NA,NA,NA,1---,0,55,0,0,1,1,male,0,Some college,1,0,0,1,0,1,0,0,0,1,"5,000-9,999",0,1,0
495,1,NA,NA,NA,1---,0,62,0,0,1,1,female,1,No formal education,0,1,0,0,0,1,0,0,0,0,"50,000-59,999",0,0,1
496,1,NA,NA,NA,1---,0,39,0,1,0,1,female,1,No formal education,0,1,0,0,0,1,0,0,0,0,"10,000-14,999",0,1,0
497,1,NA,NA,NA,1---,1,25,1,0,0,0,male,0,Class 12,1,0,0,1,0,1,0,0,0,0,"15,000-19,999",0,0,1
498,1,NA,NA,NA,1---,1,24,1,0,0,0,female,1,Some college,1,0,0,1,0,1,0,0,0,0,"15,000-19,999",0,0,1
499,1,NA,NA,NA,1---,0,21,1,0,0,0,male,0,Class 9,0,0,1,0,0,1,0,0,0,0,"15,000-19,999",0,0,1
500,1,NA,NA,NA,1---,0,75,0,0,1,1,male,0,Class 5,0,0,0,0,0,1,0,0,0,1,"2500-4,999",1,0,0
501,1,NA,NA,NA,1---,1,20,1,0,0,0,male,0,Class 12,1,0,0,1,0,1,0,0,0,0,"50,000-59,999",0,0,1
502,1,NA,NA,NA,1---,0,28,0,1,0,0,female,1,Class 10,0,0,1,0,0,1,0,0,0,0,"10,000-14,999",0,1,0
503,1,NA,NA,NA,1---,1,25,1,0,0,0,male,0,Some college,1,0,0,1,0,1,0,0,0,0,"5,000-9,999",0,1,0
504,1,NA,NA,NA,1---,1,65,0,0,1,1,male,0,No formal education,0,1,0,0,0,1,0,0,0,1,"2500-4,999",1,0,0
505,1,NA,NA,NA,1---,1,35,0,1,0,0,male,0,Class 6,0,0,1,0,0,0,1,0,0,1,"5,000-9,999",0,1,0
506,1,NA,NA,NA,1---,0,54,0,0,1,1,female,1,No formal education,0,1,0,0,0,1,0,0,0,0,"20,000-29,999",0,0,1
507,1,NA,NA,NA,1---,0,28,0,1,0,0,female,1,Class 9,0,0,1,0,0,1,0,0,0,0,"10,000-14,999",0,1,0
508,1,NA,NA,NA,1---,1,34,0,1,0,0,female,1,Class 10,0,0,1,0,0,1,0,0,0,0,"5,000-9,999",0,1,0
509,1,NA,NA,NA,1---,0,52,0,0,1,1,male,0,Class 8,0,0,1,0,0,1,0,0,0,1,"2500-4,999",1,0,0
510,1,NA,NA,NA,1---,0,34,0,1,0,0,male,0,No formal education,0,1,0,0,0,1,0,0,0,1,"5,000-9,999",0,1,0
511,1,NA,NA,NA,1---,1,46,0,1,0,1,female,1,No formal education,0,1,0,0,0,1,0,0,0,0,"2500-4,999",1,0,0
512,1,NA,NA,NA,1---,1,27,1,0,0,0,male,0,Class 10,0,0,1,0,0,1,0,0,0,0,"2500-4,999",1,0,0
513,1,NA,NA,NA,1---,0,51,0,0,1,1,female,1,Class 10,0,0,1,0,0,0,1,0,0,0,"20,000-29,999",0,0,1
514,1,NA,NA,NA,1---,1,35,0,1,0,0,female,1,No formal education,0,1,0,0,0,1,0,0,0,0,"2500-4,999",1,0,0
515,1,NA,NA,NA,1---,1,20,1,0,0,0,female,1,Class 10,0,0,1,0,0,1,0,0,0,0,"10,000-14,999",0,1,0
516,1,NA,NA,NA,1---,1,70,0,0,1,1,male,0,No formal education,0,1,0,0,0,1,0,0,0,0,"10,000-14,999",0,1,0
517,1,NA,NA,NA,1---,1,44,0,1,0,1,male,0,Class 8,0,0,1,0,0,1,0,0,0,1,"2500-4,999",1,0,0
518,4,NA,NA,NA,4---,1,19,1,0,0,0,female,1,Some college,1,0,0,1,0,0,1,0,0,0,"5,000-9,999",0,1,0
519,1,NA,NA,NA,1---,0,21,1,0,0,0,male,0,Class 12,1,0,0,1,0,1,0,0,0,0,"20,000-29,999",0,0,1
520,1,NA,NA,NA,1---,0,26,1,0,0,0,male,0,Graduation (BA/BS etc.),1,0,0,0,1,0,1,0,0,0,"5,000-9,999",0,1,0
521,1,NA,NA,NA,1---,1,42,0,1,0,1,male,0,Class 10,0,0,1,0,0,1,0,0,0,1,"5,000-9,999",0,1,0
522,1,NA,NA,NA,1---,0,60,0,0,1,1,female,1,No formal education,0,1,0,0,0,1,0,0,0,0,"20,000-29,999",0,0,1
523,2,NA,NA,NA,2---,1,54,0,0,1,1,male,0,Post-graduation (MA/MS etc.),1,0,0,0,1,0,1,0,0,1,NA,0,0,1
524,4,NA,NA,NA,4---,1,44,0,1,0,1,female,1,Graduation (BA/BS etc.),1,0,0,0,1,0,1,0,0,0,"10,000-14,999",0,1,0
525,3,NA,NA,NA,3---,1,21,1,0,0,0,female,1,Class 12,1,0,0,1,0,1,0,0,0,0,"2500-4,999",1,0,0
526,1,NA,NA,NA,1---,1,25,1,0,0,0,male,0,Post-graduation (MA/MS etc.),1,0,0,0,1,1,0,0,0,0,"30,000-39,999",0,0,1
527,1,NA,NA,NA,1---,0,35,0,1,0,0,female,1,No formal education,0,1,0,0,0,1,0,0,0,0,"2500-4,999",1,0,0
528,1,NA,NA,NA,1---,0,31,0,1,0,0,female,1,Class 8,0,0,1,0,0,1,0,0,0,0,"10,000-14,999",0,1,0
529,1,NA,NA,NA,1---,1,28,0,1,0,0,male,0,Graduation (BA/BS etc.),1,0,0,0,1,0,1,0,0,0,"10,000-14,999",0,1,0
530,2,NA,NA,NA,2---,1,61,0,0,1,1,female,1,No formal education,0,1,0,0,0,1,0,0,0,0,"30,000-39,999",0,0,1
531,1,NA,NA,NA,1---,1,50,0,0,1,1,male,0,Class 10,0,0,1,0,0,1,0,0,0,1,"5,000-9,999",0,1,0
532,1,NA,NA,NA,1---,1,26,1,0,0,0,female,1,Graduation (BA/BS etc.),1,0,0,0,1,1,0,0,0,0,"30,000-39,999",0,0,1
533,1,NA,NA,NA,1---,1,48,0,1,0,1,male,0,Class 10,0,0,1,0,0,1,0,0,0,0,"20,000-29,999",0,0,1
534,1,NA,NA,NA,1---,1,24,1,0,0,0,female,1,Class 12,1,0,0,1,0,1,0,0,0,0,"20,000-29,999",0,0,1
535,2,NA,NA,NA,2---,0,40,0,1,0,1,female,1,No formal education,0,1,0,0,0,1,0,0,0,0,"5,000-9,999",0,1,0
536,1,NA,NA,NA,1---,0,25,1,0,0,0,male,0,Class 12,1,0,0,1,0,1,0,0,0,1,"20,000-29,999",0,0,1
537,1,NA,NA,NA,1---,0,65,0,0,1,1,male,0,Class 6,0,0,1,0,0,0,1,0,0,0,"15,000-19,999",0,0,1
538,1,NA,NA,NA,1---,1,62,0,0,1,1,male,0,No formal education,0,1,0,0,0,1,0,0,0,0,"5,000-9,999",0,1,0
539,4,NA,NA,NA,4---,0,18,1,0,0,0,female,1,Class 12,1,0,0,1,0,1,0,0,0,0,"2500-4,999",1,0,0
540,1,NA,NA,NA,1---,1,37,0,1,0,1,male,0,Post-graduation (MA/MS etc.),1,0,0,0,1,1,0,0,0,1,"20,000-29,999",0,0,1
541,1,NA,NA,NA,1---,1,25,1,0,0,0,female,1,Class 12,1,0,0,1,0,1,0,0,0,0,"30,000-39,999",0,0,1
542,2,NA,NA,NA,2---,0,50,0,0,1,1,female,1,No formal education,0,1,0,0,0,0,1,0,0,0,"0-2,499",1,0,0
543,2,NA,NA,NA,2---,0,22,1,0,0,0,female,1,Class 9,0,0,1,0,0,1,0,0,0,0,"5,000-9,999",0,1,0
544,1,NA,NA,NA,1---,1,37,0,1,0,1,female,1,No formal education,0,1,0,0,0,1,0,0,0,0,NA,0,0,1
545,2,NA,NA,NA,2---,0,40,0,1,0,1,male,0,No formal education,0,1,0,0,0,1,0,0,0,0,"5,000-9,999",0,1,0
546,1,NA,NA,NA,1---,1,29,0,1,0,0,male,0,Post-graduation (MA/MS etc.),1,0,0,0,1,1,0,0,0,0,"30,000-39,999",0,0,1
547,1,NA,NA,NA,1---,0,37,0,1,0,1,female,1,No formal education,0,1,0,0,0,1,0,0,0,0,"5,000-9,999",0,1,0
548,1,NA,NA,NA,1---,1,24,1,0,0,0,male,0,Post-graduation (MA/MS etc.),1,0,0,0,1,0,1,0,0,0,"15,000-19,999",0,0,1
549,1,NA,NA,NA,1---,0,45,0,1,0,1,male,0,Class 8,0,0,1,0,0,1,0,0,0,1,"20,000-29,999",0,0,1
550,1,NA,NA,NA,1---,0,35,0,1,0,0,male,0,No formal education,0,1,0,0,0,1,0,0,0,1,"2500-4,999",1,0,0
551,2,NA,NA,NA,2---,1,27,1,0,0,0,female,1,No formal education,0,1,0,0,0,0,1,0,0,0,"20,000-29,999",0,0,1
552,3,NA,NA,NA,3---,1,38,0,1,0,1,female,1,No formal education,0,1,0,0,0,1,0,0,0,0,"5,000-9,999",0,1,0
553,1,NA,NA,NA,1---,0,31,0,1,0,0,female,1,Class 9,0,0,1,0,0,1,0,0,0,0,"5,000-9,999",0,1,0
554,1,NA,NA,NA,1---,0,53,0,0,1,1,male,0,Graduation (BA/BS etc.),1,0,0,0,1,1,0,0,0,1,"40,000-49,999",0,0,1
555,1,NA,NA,NA,1---,0,40,0,1,0,1,male,0,Class 10,0,0,1,0,0,1,0,0,0,1,"5,000-9,999",0,1,0
556,1,NA,NA,NA,1---,0,28,0,1,0,0,male,0,Post-graduation (MA/MS etc.),1,0,0,0,1,1,0,0,0,0,"40,000-49,999",0,0,1
557,1,NA,NA,NA,1---,1,29,0,1,0,0,male,0,Class 12,1,0,0,1,0,1,0,0,0,0,"10,000-14,999",0,1,0
558,1,NA,NA,NA,1---,1,60,0,0,1,1,male,0,No formal education,0,1,0,0,0,1,0,0,0,1,"2500-4,999",1,0,0
559,3,NA,NA,NA,3---,1,38,0,1,0,1,male,0,Class 12,1,0,0,1,0,0,1,0,0,1,"10,000-14,999",0,1,0
560,1,NA,NA,NA,1---,1,49,0,1,0,1,male,0,No formal education,0,1,0,0,0,1,0,0,0,1,"5,000-9,999",0,1,0
561,1,NA,NA,NA,1---,0,48,0,1,0,1,female,1,No formal education,0,1,0,0,0,1,0,0,0,0,"5,000-9,999",0,1,0
562,1,NA,NA,NA,1---,0,32,0,1,0,0,male,0,Graduation (BA/BS etc.),1,0,0,0,1,1,0,0,0,0,"30,000-39,999",0,0,1
563,1,NA,NA,NA,1---,0,36,0,1,0,1,male,0,Class 10,0,0,1,0,0,1,0,0,0,1,"2500-4,999",1,0,0
564,1,NA,NA,NA,1---,1,19,1,0,0,0,female,1,Class 8,0,0,1,0,0,1,0,0,0,0,"2500-4,999",1,0,0
565,2,NA,NA,NA,2---,1,75,0,0,1,1,male,0,No formal education,0,1,0,0,0,0,1,0,0,0,"0-2,499",1,0,0
566,1,NA,NA,NA,1---,1,21,1,0,0,0,female,1,Class 8,0,0,1,0,0,1,0,0,0,0,"2500-4,999",1,0,0
567,1,NA,NA,NA,1---,0,35,0,1,0,0,female,1,Class 10,0,0,1,0,0,1,0,0,0,0,"2500-4,999",1,0,0
568,2,NA,NA,NA,2---,0,41,0,1,0,1,male,0,Class 8,0,0,1,0,0,1,0,0,0,1,"30,000-39,999",0,0,1
569,2,NA,NA,NA,2---,1,35,0,1,0,0,female,1,No formal education,0,1,0,0,0,0,1,0,0,0,"10,000-14,999",0,1,0
570,1,NA,NA,NA,1---,0,38,0,1,0,1,female,1,No formal education,0,1,0,0,0,1,0,0,0,0,"20,000-29,999",0,0,1
571,2,NA,NA,NA,2---,1,65,0,0,1,1,male,0,Class 9,0,0,1,0,0,0,1,0,0,1,"10,000-14,999",0,1,0
572,1,NA,NA,NA,1---,1,36,0,1,0,1,female,1,Class 7,0,0,1,0,0,1,0,0,0,0,"0-2,499",1,0,0
573,1,NA,NA,NA,1---,0,33,0,1,0,0,female,1,Post-graduation (MA/MS etc.),1,0,0,0,1,0,1,0,0,0,"30,000-39,999",0,0,1
574,1,NA,NA,NA,1---,1,46,0,1,0,1,male,0,No formal education,0,1,0,0,0,1,0,0,0,1,"2500-4,999",1,0,0
575,1,NA,NA,NA,1---,0,43,0,1,0,1,male,0,Class 9,0,0,1,0,0,1,0,0,0,1,"5,000-9,999",0,1,0
576,1,NA,NA,NA,1---,0,32,0,1,0,0,male,0,Class 12,1,0,0,1,0,1,0,0,0,1,"2500-4,999",1,0,0
577,1,NA,NA,NA,1---,1,21,1,0,0,0,male,0,Graduation (BA/BS etc.),1,0,0,0,1,1,0,0,0,0,"2500-4,999",1,0,0
578,1,NA,NA,NA,1---,1,30,0,1,0,0,female,1,Class 12,1,0,0,1,0,1,0,0,0,0,"2500-4,999",1,0,0
579,1,NA,NA,NA,1---,0,45,0,1,0,1,female,1,Class 5,0,0,0,0,0,1,0,0,0,0,"2500-4,999",1,0,0
580,3,NA,NA,NA,3---,0,22,1,0,0,0,male,0,Post-graduation (MA/MS etc.),1,0,0,0,1,1,0,0,0,0,"5,000-9,999",0,1,0
581,1,NA,NA,NA,1---,1,35,0,1,0,0,male,0,No formal education,0,1,0,0,0,1,0,0,0,1,"2500-4,999",1,0,0
582,1,NA,NA,NA,1---,0,40,0,1,0,1,female,1,No formal education,0,1,0,0,0,0,1,0,0,0,"0-2,499",1,0,0
583,1,NA,NA,NA,1---,0,70,0,0,1,1,female,1,No formal education,0,1,0,0,0,0,1,0,0,0,"5,000-9,999",0,1,0
584,1,NA,NA,NA,1---,1,24,1,0,0,0,male,0,Post-graduation (MA/MS etc.),1,0,0,0,1,0,1,0,0,0,"15,000-19,999",0,0,1
585,1,NA,NA,NA,1---,1,40,0,1,0,1,female,1,No formal education,0,1,0,0,0,1,0,0,0,0,"10,000-14,999",0,1,0
586,2,NA,NA,NA,2---,0,42,0,1,0,1,female,1,No formal education,0,1,0,0,0,1,0,0,0,0,"5,000-9,999",0,1,0
587,1,NA,NA,NA,1---,1,30,0,1,0,0,female,1,Class 10,0,0,1,0,0,1,0,0,0,0,"30,000-39,999",0,0,1
588,2,NA,NA,NA,2---,0,40,0,1,0,1,female,1,No formal education,0,1,0,0,0,1,0,0,0,0,"2500-4,999",1,0,0
589,1,NA,NA,NA,1---,1,39,0,1,0,1,male,0,No formal education,0,1,0,0,0,1,0,0,0,1,"2500-4,999",1,0,0
590,1,NA,NA,NA,1---,1,23,1,0,0,0,male,0,Some college,1,0,0,1,0,1,0,0,0,0,"5,000-9,999",0,1,0
591,1,NA,NA,NA,1---,1,35,0,1,0,0,female,1,No formal education,0,1,0,0,0,0,1,0,0,0,"2500-4,999",1,0,0
592,1,NA,NA,NA,1---,0,40,0,1,0,1,male,0,No formal education,0,1,0,0,0,1,0,0,0,1,"0-2,499",1,0,0
593,1,NA,NA,NA,1---,0,72,0,0,1,1,female,1,No formal education,0,1,0,0,0,0,1,0,0,0,"10,000-14,999",0,1,0
594,1,NA,NA,NA,1---,1,61,0,0,1,1,female,1,No formal education,0,1,0,0,0,1,0,0,0,0,"50,000-59,999",0,0,1
595,1,NA,NA,NA,1---,0,30,0,1,0,0,male,0,Class 8,0,0,1,0,0,1,0,0,0,1,"5,000-9,999",0,1,0
596,1,NA,NA,NA,1---,1,56,0,0,1,1,female,1,No formal education,0,1,0,0,0,1,0,0,0,0,"2500-4,999",1,0,0
597,1,NA,NA,NA,1---,0,52,0,0,1,1,female,1,No formal education,0,1,0,0,0,1,0,0,0,0,"15,000-19,999",0,0,1
598,1,NA,NA,NA,1---,1,22,1,0,0,0,male,0,Post-graduation (MA/MS etc.),1,0,0,0,1,1,0,0,0,0,"10,000-14,999",0,1,0
599,1,NA,NA,NA,1---,1,51,0,0,1,1,female,1,No formal education,0,1,0,0,0,1,0,0,0,0,"20,000-29,999",0,0,1
600,4,NA,NA,NA,4---,1,22,1,0,0,0,male,0,Some college,1,0,0,1,0,0,1,0,0,0,"20,000-29,999",0,0,1
601,1,NA,NA,NA,1---,1,25,1,0,0,0,female,1,No formal education,0,1,0,0,0,1,0,0,0,0,"0-2,499",1,0,0
602,1,NA,NA,NA,1---,0,54,0,0,1,1,male,0,No formal education,0,1,0,0,0,0,1,0,0,1,"2500-4,999",1,0,0
603,2,NA,NA,NA,2---,0,62,0,0,1,1,female,1,No formal education,0,1,0,0,0,1,0,0,0,0,"0-2,499",1,0,0
604,1,NA,NA,NA,1---,0,20,1,0,0,0,male,0,Graduation (BA/BS etc.),1,0,0,0,1,1,0,0,0,0,"2500-4,999",1,0,0
605,1,NA,NA,NA,1---,1,37,0,1,0,1,female,1,Graduation (BA/BS etc.),1,0,0,0,1,0,1,0,0,0,"10,000-14,999",0,1,0
606,2,NA,NA,NA,2---,1,23,1,0,0,0,female,1,Class 9,0,0,1,0,0,0,1,0,0,0,"15,000-19,999",0,0,1
607,1,NA,NA,NA,1---,0,40,0,1,0,1,female,1,No formal education,0,1,0,0,0,0,1,0,0,0,"2500-4,999",1,0,0
608,2,NA,NA,NA,2---,0,35,0,1,0,0,male,0,Class 7,0,0,1,0,0,1,0,0,0,0,"5,000-9,999",0,1,0
609,2,NA,NA,NA,2---,1,87,0,0,1,1,female,1,No formal education,0,1,0,0,0,0,1,0,0,0,"10,000-14,999",0,1,0
610,2,NA,NA,NA,2---,0,35,0,1,0,0,male,0,No formal education,0,1,0,0,0,0,1,0,0,1,"2500-4,999",1,0,0
611,2,NA,NA,NA,2---,0,67,0,0,1,1,female,1,No formal education,0,1,0,0,0,0,1,0,0,0,"5,000-9,999",0,1,0
612,1,NA,NA,NA,1---,0,55,0,0,1,1,male,0,No formal education,0,1,0,0,0,1,0,0,0,1,"20,000-29,999",0,0,1
613,2,NA,NA,NA,2---,0,80,0,0,1,1,male,0,No formal education,0,1,0,0,0,1,0,0,0,0,"2500-4,999",1,0,0
614,1,NA,NA,NA,1---,1,22,1,0,0,0,female,1,Class 10,0,0,1,0,0,0,1,0,0,0,"10,000-14,999",0,1,0
615,1,NA,NA,NA,1---,1,54,0,0,1,1,female,1,Class 4,0,0,0,0,0,1,0,0,0,0,"5,000-9,999",0,1,0
616,1,NA,NA,NA,1---,0,24,1,0,0,0,male,0,Post-graduation (MA/MS etc.),1,0,0,0,1,1,0,0,0,0,"40,000-49,999",0,0,1
617,1,NA,NA,NA,1---,1,48,0,1,0,1,male,0,Class 9,0,0,1,0,0,1,0,0,0,1,"10,000-14,999",0,1,0
618,1,NA,NA,NA,1---,0,55,0,0,1,1,male,0,Class 12,1,0,0,1,0,1,0,0,0,0,"2500-4,999",1,0,0
619,2,NA,NA,NA,2---,1,30,0,1,0,0,male,0,Class 10,0,0,1,0,0,0,1,0,0,1,"2500-4,999",1,0,0
620,1,NA,NA,NA,1---,0,32,0,1,0,0,male,0,Graduation (BA/BS etc.),1,0,0,0,1,1,0,0,0,0,"20,000-29,999",0,0,1
621,4,NA,NA,NA,4---,0,48,0,1,0,1,male,0,Class 6,0,0,1,0,0,0,1,0,0,1,"5,000-9,999",0,1,0
622,1,NA,NA,NA,1---,0,30,0,1,0,0,male,0,Class 10,0,0,1,0,0,1,0,0,0,1,"0-2,499",1,0,0
623,1,NA,NA,NA,1---,1,45,0,1,0,1,female,1,No formal education,0,1,0,0,0,1,0,0,0,0,"2500-4,999",1,0,0
624,1,NA,NA,NA,1---,0,34,0,1,0,0,male,0,Class 11,0,0,1,0,0,0,1,0,0,1,"5,000-9,999",0,1,0
625,1,NA,NA,NA,1---,0,38,0,1,0,1,male,0,Class 9,0,0,1,0,0,1,0,0,0,0,"5,000-9,999",0,1,0
626,2,NA,NA,NA,2---,0,32,0,1,0,0,male,0,Class 12,1,0,0,1,0,0,1,0,0,1,"0-2,499",1,0,0
627,1,NA,NA,NA,1---,1,30,0,1,0,0,female,1,Class 12,1,0,0,1,0,1,0,0,0,0,"2500-4,999",1,0,0
628,1,NA,NA,NA,1---,1,60,0,0,1,1,male,0,Class 12,1,0,0,1,0,0,0,1,0,1,"40,000-49,999",0,0,1
629,1,NA,NA,NA,1---,1,34,0,1,0,0,male,0,Class 12,1,0,0,1,0,1,0,0,0,1,"15,000-19,999",0,0,1
630,3,NA,NA,NA,3---,0,38,0,1,0,1,male,0,Class 12,1,0,0,1,0,1,0,0,0,1,"5,000-9,999",0,1,0
631,1,NA,NA,NA,1---,1,38,0,1,0,1,female,1,Class 9,0,0,1,0,0,1,0,0,0,0,"2500-4,999",1,0,0
632,1,NA,NA,NA,1---,1,24,1,0,0,0,female,1,No formal education,0,1,0,0,0,1,0,0,0,0,"0-2,499",1,0,0
633,2,NA,NA,NA,2---,0,45,0,1,0,1,male,0,Class 10,0,0,1,0,0,1,0,0,0,1,"10,000-14,999",0,1,0
634,1,NA,NA,NA,1---,0,29,0,1,0,0,female,1,No formal education,0,1,0,0,0,1,0,0,0,0,"2500-4,999",1,0,0
635,1,NA,NA,NA,1---,0,56,0,0,1,1,male,0,No formal education,0,1,0,0,0,1,0,0,0,1,"2500-4,999",1,0,0
636,1,NA,NA,NA,1---,0,52,0,0,1,1,female,1,No formal education,0,1,0,0,0,1,0,0,0,0,"5,000-9,999",0,1,0
637,2,NA,NA,NA,2---,1,49,0,1,0,1,female,1,No formal education,0,1,0,0,0,1,0,0,0,0,"5,000-9,999",0,1,0
638,1,NA,NA,NA,1---,0,38,0,1,0,1,female,1,Class 11,0,0,1,0,0,1,0,0,0,0,"2500-4,999",1,0,0
639,1,NA,NA,NA,1---,1,27,1,0,0,0,female,1,Class 12,1,0,0,1,0,0,1,0,0,0,"5,000-9,999",0,1,0
640,4,NA,NA,NA,4---,0,48,0,1,0,1,male,0,Class 10,0,0,1,0,0,0,0,1,0,1,NA,0,0,1
641,1,NA,NA,NA,1---,1,37,0,1,0,1,female,1,Class 10,0,0,1,0,0,1,0,0,0,0,"5,000-9,999",0,1,0
642,1,NA,NA,NA,1---,1,47,0,1,0,1,female,1,Class 12,1,0,0,1,0,1,0,0,0,0,"20,000-29,999",0,0,1
643,2,NA,NA,NA,2---,1,70,0,0,1,1,male,0,Graduation (BA/BS etc.),1,0,0,0,1,0,1,0,0,1,"15,000-19,999",0,0,1
644,1,NA,NA,NA,1---,0,22,1,0,0,0,male,0,Class 12,1,0,0,1,0,1,0,0,0,0,"5,000-9,999",0,1,0
645,4,NA,NA,NA,4---,1,50,0,0,1,1,male,0,No formal education,0,1,0,0,0,1,0,0,0,1,"2500-4,999",1,0,0
646,1,NA,NA,NA,1---,0,18,1,0,0,0,male,0,Some college,1,0,0,1,0,1,0,0,0,0,"10,000-14,999",0,1,0
647,1,NA,NA,NA,1---,1,55,0,0,1,1,female,1,No formal education,0,1,0,0,0,1,0,0,0,0,"0-2,499",1,0,0
648,1,NA,NA,NA,1---,0,47,0,1,0,1,female,1,No formal education,0,1,0,0,0,0,1,0,0,0,"15,000-19,999",0,0,1
649,1,NA,NA,NA,1---,1,62,0,0,1,1,female,1,No formal education,0,1,0,0,0,1,0,0,0,0,"2500-4,999",1,0,0
650,3,NA,NA,NA,3---,1,65,0,0,1,1,male,0,Class 12,1,0,0,1,0,1,0,0,0,1,"30,000-39,999",0,0,1
651,2,NA,NA,NA,2---,0,51,0,0,1,1,female,1,Class 10,0,0,1,0,0,0,0,1,0,0,"10,000-14,999",0,1,0
652,3,NA,NA,NA,3---,0,31,0,1,0,0,male,0,Post-graduation (MA/MS etc.),1,0,0,0,1,1,0,0,0,0,"2500-4,999",1,0,0
653,1,NA,NA,NA,1---,1,35,0,1,0,0,male,0,Class 8,0,0,1,0,0,1,0,0,0,1,"2500-4,999",1,0,0
654,1,NA,NA,NA,1---,0,52,0,0,1,1,male,0,Class 10,0,0,1,0,0,0,1,0,0,1,"5,000-9,999",0,1,0
655,3,NA,NA,NA,3---,0,45,0,1,0,1,male,0,No formal education,0,1,0,0,0,1,0,0,0,1,"5,000-9,999",0,1,0
656,2,NA,NA,NA,2---,0,27,1,0,0,0,female,1,Graduation (BA/BS etc.),1,0,0,0,1,1,0,0,0,0,"10,000-14,999",0,1,0
657,1,NA,NA,NA,1---,0,22,1,0,0,0,male,0,Graduation (BA/BS etc.),1,0,0,0,1,1,0,0,0,0,"20,000-29,999",0,0,1
658,1,NA,NA,NA,1---,0,19,1,0,0,0,female,1,Class 11,0,0,1,0,0,1,0,0,0,0,"5,000-9,999",0,1,0
659,1,NA,NA,NA,1---,0,57,0,0,1,1,female,1,No formal education,0,1,0,0,0,1,0,0,0,0,"5,000-9,999",0,1,0
660,1,NA,NA,NA,1---,0,32,0,1,0,0,male,0,Class 9,0,0,1,0,0,1,0,0,0,0,"10,000-14,999",0,1,0
661,2,NA,NA,NA,2---,1,48,0,1,0,1,male,0,Class 8,0,0,1,0,0,1,0,0,0,1,"5,000-9,999",0,1,0
662,3,NA,NA,NA,3---,1,25,1,0,0,0,female,1,No formal education,0,1,0,0,0,1,0,0,0,0,"5,000-9,999",0,1,0
663,1,NA,NA,NA,1---,0,30,0,1,0,0,female,1,No formal education,0,1,0,0,0,1,0,0,0,0,"2500-4,999",1,0,0
664,1,NA,NA,NA,1---,1,44,0,1,0,1,female,1,No formal education,0,1,0,0,0,1,0,0,0,0,"2500-4,999",1,0,0
665,4,NA,NA,NA,4---,1,35,0,1,0,0,female,1,Class 12,1,0,0,1,0,0,1,0,0,0,"10,000-14,999",0,1,0
666,1,NA,NA,NA,1---,0,25,1,0,0,0,female,1,Some college,1,0,0,1,0,1,0,0,0,0,"10,000-14,999",0,1,0
667,1,NA,NA,NA,1---,1,27,1,0,0,0,female,1,Class 8,0,0,1,0,0,1,0,0,0,0,"2500-4,999",1,0,0
668,1,NA,NA,NA,1---,0,42,0,1,0,1,female,1,No formal education,0,1,0,0,0,1,0,0,0,0,"10,000-14,999",0,1,0
669,2,NA,NA,NA,2---,0,23,1,0,0,0,female,1,Some college,1,0,0,1,0,1,0,0,0,0,"15,000-19,999",0,0,1
670,2,NA,NA,NA,2---,0,23,1,0,0,0,male,0,Class 12,1,0,0,1,0,1,0,0,0,0,"2500-4,999",1,0,0
671,1,NA,NA,NA,1---,1,54,0,0,1,1,male,0,Class 6,0,0,1,0,0,1,0,0,0,0,"10,000-14,999",0,1,0
672,1,NA,NA,NA,1---,0,27,1,0,0,0,female,1,Graduation (BA/BS etc.),1,0,0,0,1,1,0,0,0,0,"5,000-9,999",0,1,0
673,2,NA,NA,NA,2---,0,33,0,1,0,0,female,1,No formal education,0,1,0,0,0,1,0,0,0,0,"5,000-9,999",0,1,0
674,1,NA,NA,NA,1---,1,25,1,0,0,0,male,0,Class 11,0,0,1,0,0,1,0,0,0,0,NA,0,0,1
675,1,NA,NA,NA,1---,1,22,1,0,0,0,female,1,No formal education,0,1,0,0,0,1,0,0,0,0,"10,000-14,999",0,1,0
676,1,NA,NA,NA,1---,0,35,0,1,0,0,male,0,Class 4,0,0,0,0,0,1,0,0,0,1,"5,000-9,999",0,1,0
677,1,NA,NA,NA,1---,0,81,0,0,1,1,male,0,No formal education,0,1,0,0,0,1,0,0,0,0,"2500-4,999",1,0,0
678,1,NA,NA,NA,1---,0,48,0,1,0,1,male,0,Class 6,0,0,1,0,0,1,0,0,0,1,"5,000-9,999",0,1,0
679,4,NA,NA,NA,4---,1,50,0,0,1,1,male,0,No formal education,0,1,0,0,0,1,0,0,0,1,"2500-4,999",1,0,0
680,1,NA,NA,NA,1---,0,51,0,0,1,1,female,1,No formal education,0,1,0,0,0,1,0,0,0,0,"5,000-9,999",0,1,0
681,1,NA,NA,NA,1---,0,23,1,0,0,0,male,0,Some college,1,0,0,1,0,1,0,0,0,0,"20,000-29,999",0,0,1
682,2,NA,NA,NA,2---,0,59,0,0,1,1,female,1,No formal education,0,1,0,0,0,1,0,0,0,0,"2500-4,999",1,0,0
683,2,NA,NA,NA,2---,1,54,0,0,1,1,female,1,No formal education,0,1,0,0,0,1,0,0,0,0,"5,000-9,999",0,1,0
684,2,NA,NA,NA,2---,0,23,1,0,0,0,female,1,No formal education,0,1,0,0,0,1,0,0,0,0,"5,000-9,999",0,1,0
685,2,NA,NA,NA,2---,1,31,0,1,0,0,male,0,Graduation (BA/BS etc.),1,0,0,0,1,0,0,1,0,1,"5,000-9,999",0,1,0
686,1,NA,NA,NA,1---,1,30,0,1,0,0,female,1,No formal education,0,1,0,0,0,1,0,0,0,0,"15,000-19,999",0,0,1
687,1,NA,NA,NA,1---,0,62,0,0,1,1,female,1,No formal education,0,1,0,0,0,1,0,0,0,1,"5,000-9,999",0,1,0
688,1,NA,NA,NA,1---,0,27,1,0,0,0,male,0,Class 8,0,0,1,0,0,1,0,0,0,1,"2500-4,999",1,0,0
689,1,NA,NA,NA,1---,1,47,0,1,0,1,female,1,No formal education,0,1,0,0,0,1,0,0,0,0,"15,000-19,999",0,0,1
690,2,NA,NA,NA,2---,1,27,1,0,0,0,female,1,Graduation (BA/BS etc.),1,0,0,0,1,1,0,0,0,0,"2500-4,999",1,0,0
691,1,NA,NA,NA,1---,1,48,0,1,0,1,female,1,No formal education,0,1,0,0,0,1,0,0,0,0,"20,000-29,999",0,0,1
692,1,NA,NA,NA,1---,1,59,0,0,1,1,male,0,Class 5,0,0,0,0,0,1,0,0,0,0,"15,000-19,999",0,0,1
693,1,NA,NA,NA,1---,1,23,1,0,0,0,male,0,Class 5,0,0,0,0,0,1,0,0,0,1,"10,000-14,999",0,1,0
694,1,NA,NA,NA,1---,0,50,0,0,1,1,female,1,Class 6,0,0,1,0,0,1,0,0,0,0,"10,000-14,999",0,1,0
695,1,NA,NA,NA,1---,0,28,0,1,0,0,female,1,Post-graduation (MA/MS etc.),1,0,0,0,1,1,0,0,0,0,"10,000-14,999",0,1,0
696,1,NA,NA,NA,1---,0,20,1,0,0,0,male,0,Some college,1,0,0,1,0,1,0,0,0,0,"2500-4,999",1,0,0
697,2,NA,NA,NA,2---,1,54,0,0,1,1,male,0,Class 6,0,0,1,0,0,1,0,0,0,1,"2500-4,999",1,0,0
698,1,NA,NA,NA,1---,1,26,1,0,0,0,male,0,Class 8,0,0,1,0,0,1,0,0,0,1,"10,000-14,999",0,1,0
699,1,NA,NA,NA,1---,0,31,0,1,0,0,female,1,No formal education,0,1,0,0,0,1,0,0,0,0,"2500-4,999",1,0,0
700,1,NA,NA,NA,1---,0,25,1,0,0,0,male,0,Class 12,1,0,0,1,0,1,0,0,0,0,"20,000-29,999",0,0,1
701,1,NA,NA,NA,1---,1,29,0,1,0,0,female,1,Class 6,0,0,1,0,0,1,0,0,0,0,"2500-4,999",1,0,0
702,1,NA,NA,NA,1---,1,48,0,1,0,1,male,0,No formal education,0,1,0,0,0,1,0,0,0,1,"5,000-9,999",0,1,0
703,2,NA,NA,NA,2---,1,31,0,1,0,0,male,0,Class 12,1,0,0,1,0,1,0,0,0,1,"5,000-9,999",0,1,0
704,1,NA,NA,NA,1---,1,23,1,0,0,0,male,0,Class 12,1,0,0,1,0,1,0,0,0,1,"5,000-9,999",0,1,0
705,1,NA,NA,NA,1---,1,47,0,1,0,1,male,0,Class 3,0,0,0,0,0,1,0,0,0,1,"5,000-9,999",0,1,0
706,2,NA,NA,NA,2---,1,22,1,0,0,0,male,0,Class 12,1,0,0,1,0,1,0,0,0,0,"2500-4,999",1,0,0
707,1,NA,NA,NA,1---,1,54,0,0,1,1,female,1,Class 4,0,0,0,0,0,1,0,0,0,0,"5,000-9,999",0,1,0
708,2,NA,NA,NA,2---,1,54,0,0,1,1,female,1,Class 8,0,0,1,0,0,0,0,1,0,0,"10,000-14,999",0,1,0
709,1,NA,NA,NA,1---,0,29,0,1,0,0,female,1,Post-graduation (MA/MS etc.),1,0,0,0,1,1,0,0,0,0,"20,000-29,999",0,0,1
710,1,NA,NA,NA,1---,1,25,1,0,0,0,male,0,No formal education,0,1,0,0,0,1,0,0,0,0,"15,000-19,999",0,0,1
711,1,NA,NA,NA,1---,1,24,1,0,0,0,male,0,Graduation (BA/BS etc.),1,0,0,0,1,1,0,0,0,0,"10,000-14,999",0,1,0
712,1,NA,NA,NA,1---,0,25,1,0,0,0,male,0,Class 5,0,0,0,0,0,1,0,0,0,0,"20,000-29,999",0,0,1
713,1,NA,NA,NA,1---,1,22,1,0,0,0,female,1,Some college,1,0,0,1,0,1,0,0,0,0,"5,000-9,999",0,1,0
714,1,NA,NA,NA,1---,0,33,0,1,0,0,male,0,Class 10,0,0,1,0,0,1,0,0,0,0,"5,000-9,999",0,1,0
715,1,NA,NA,NA,1---,1,36,0,1,0,1,female,1,No formal education,0,1,0,0,0,1,0,0,0,0,"5,000-9,999",0,1,0
716,1,NA,NA,NA,1---,0,33,0,1,0,0,female,1,No formal education,0,1,0,0,0,1,0,0,0,0,"2500-4,999",1,0,0
717,1,NA,NA,NA,1---,0,30,0,1,0,0,male,0,Class 10,0,0,1,0,0,1,0,0,0,1,"10,000-14,999",0,1,0
718,1,NA,NA,NA,1---,0,54,0,0,1,1,male,0,Graduation (BA/BS etc.),1,0,0,0,1,1,0,0,0,1,"60,000-69,999",0,0,1
719,2,NA,NA,NA,2---,1,21,1,0,0,0,male,0,Post-graduation (MA/MS etc.),1,0,0,0,1,1,0,0,0,0,"20,000-29,999",0,0,1
720,1,NA,NA,NA,1---,1,57,0,0,1,1,female,1,Class 8,0,0,1,0,0,1,0,0,0,0,"15,000-19,999",0,0,1
721,1,NA,NA,NA,1---,0,55,0,0,1,1,male,0,No formal education,0,1,0,0,0,1,0,0,0,1,"5,000-9,999",0,1,0
722,1,NA,NA,NA,1---,1,30,0,1,0,0,female,1,No formal education,0,1,0,0,0,1,0,0,0,0,"2500-4,999",1,0,0
723,1,NA,NA,NA,1---,0,28,0,1,0,0,female,1,Class 9,0,0,1,0,0,1,0,0,0,0,"10,000-14,999",0,1,0
724,1,NA,NA,NA,1---,0,32,0,1,0,0,female,1,No formal education,0,1,0,0,0,1,0,0,0,0,"2500-4,999",1,0,0
725,1,NA,NA,NA,1---,0,31,0,1,0,0,male,0,Post-graduation (MA/MS etc.),1,0,0,0,1,1,0,0,0,1,"2500-4,999",1,0,0
726,1,NA,NA,NA,1---,1,68,0,0,1,1,male,0,No formal education,0,1,0,0,0,1,0,0,0,0,"2500-4,999",1,0,0
727,1,NA,NA,NA,1---,0,22,1,0,0,0,female,1,Class 10,0,0,1,0,0,1,0,0,0,0,"2500-4,999",1,0,0
728,2,NA,NA,NA,2---,0,27,1,0,0,0,female,1,Class 10,0,0,1,0,0,1,0,0,0,1,"15,000-19,999",0,0,1
729,1,NA,NA,NA,1---,0,34,0,1,0,0,female,1,Class 10,0,0,1,0,0,1,0,0,0,0,"2500-4,999",1,0,0
730,1,NA,NA,NA,1---,1,43,0,1,0,1,female,1,No formal education,0,1,0,0,0,1,0,0,0,0,"2500-4,999",1,0,0
731,1,NA,NA,NA,1---,1,70,0,0,1,1,male,0,No formal education,0,1,0,0,0,1,0,0,0,0,"2500-4,999",1,0,0
732,1,NA,NA,NA,1---,1,51,0,0,1,1,male,0,Class 4,0,0,0,0,0,1,0,0,0,1,"2500-4,999",1,0,0
733,2,NA,NA,NA,2---,1,24,1,0,0,0,male,0,Class 12,1,0,0,1,0,0,0,0,1,0,"20,000-29,999",0,0,1
734,1,NA,NA,NA,1---,0,26,1,0,0,0,male,0,Class 10,0,0,1,0,0,1,0,0,0,0,"10,000-14,999",0,1,0
735,1,NA,NA,NA,1---,1,50,0,0,1,1,male,0,Class 9,0,0,1,0,0,1,0,0,0,1,"5,000-9,999",0,1,0
736,1,NA,NA,NA,1---,1,50,0,0,1,1,female,1,No formal education,0,1,0,0,0,1,0,0,0,0,"5,000-9,999",0,1,0
737,1,NA,NA,NA,1---,0,20,1,0,0,0,female,1,Post-graduation (MA/MS etc.),1,0,0,0,1,1,0,0,0,0,"30,000-39,999",0,0,1
738,1,NA,NA,NA,1---,1,20,1,0,0,0,male,0,Class 12,1,0,0,1,0,1,0,0,0,0,"10,000-14,999",0,1,0
739,1,NA,NA,NA,1---,0,34,0,1,0,0,male,0,Class 11,0,0,1,0,0,1,0,0,0,0,"20,000-29,999",0,0,1
740,1,NA,NA,NA,1---,1,25,1,0,0,0,female,1,Class 10,0,0,1,0,0,1,0,0,0,0,"2500-4,999",1,0,0
741,2,NA,NA,NA,2---,0,30,0,1,0,0,male,0,Class 12,1,0,0,1,0,1,0,0,0,0,"2500-4,999",1,0,0
742,1,NA,NA,NA,1---,1,32,0,1,0,0,female,1,Class 10,0,0,1,0,0,1,0,0,0,0,"10,000-14,999",0,1,0
743,1,NA,NA,NA,1---,0,33,0,1,0,0,male,0,Class 10,0,0,1,0,0,1,0,0,0,0,"10,000-14,999",0,1,0
744,1,NA,NA,NA,1---,0,37,0,1,0,1,female,1,No formal education,0,1,0,0,0,1,0,0,0,0,"2500-4,999",1,0,0
745,1,NA,NA,NA,1---,1,38,0,1,0,1,female,1,Class 8,0,0,1,0,0,1,0,0,0,0,"40,000-49,999",0,0,1
746,1,NA,NA,NA,1---,1,35,0,1,0,0,female,1,No formal education,0,1,0,0,0,1,0,0,0,0,"5,000-9,999",0,1,0
747,1,NA,NA,NA,1---,1,33,0,1,0,0,female,1,Class 12,1,0,0,1,0,1,0,0,0,0,"2500-4,999",1,0,0
748,1,NA,NA,NA,1---,1,29,0,1,0,0,female,1,Class 12,1,0,0,1,0,1,0,0,0,0,"10,000-14,999",0,1,0
749,1,NA,NA,NA,1---,1,47,0,1,0,1,female,1,No formal education,0,1,0,0,0,1,0,0,0,0,"30,000-39,999",0,0,1
750,1,NA,NA,NA,1---,1,35,0,1,0,0,male,0,No formal education,0,1,0,0,0,1,0,0,0,1,"5,000-9,999",0,1,0
751,1,NA,NA,NA,1---,0,32,0,1,0,0,female,1,Class 8,0,0,1,0,0,1,0,0,0,0,"5,000-9,999",0,1,0
752,1,NA,NA,NA,1---,1,40,0,1,0,1,female,1,Class 5,0,0,0,0,0,1,0,0,0,0,"20,000-29,999",0,0,1
753,1,NA,NA,NA,1---,0,55,0,0,1,1,male,0,Graduation (BA/BS etc.),1,0,0,0,1,1,0,0,0,1,"40,000-49,999",0,0,1
754,1,NA,NA,NA,1---,0,59,0,0,1,1,female,1,No formal education,0,1,0,0,0,1,0,0,0,0,"5,000-9,999",0,1,0
755,1,NA,NA,NA,1---,0,29,0,1,0,0,male,0,Class 12,1,0,0,1,0,1,0,0,0,1,"5,000-9,999",0,1,0
756,1,NA,NA,NA,1---,1,28,0,1,0,0,male,0,Post-graduation (MA/MS etc.),1,0,0,0,1,1,0,0,0,0,"10,000-14,999",0,1,0
757,1,NA,NA,NA,1---,0,28,0,1,0,0,male,0,Class 12,1,0,0,1,0,1,0,0,0,0,"2500-4,999",1,0,0
758,1,NA,NA,NA,1---,1,30,0,1,0,0,male,0,Class 4,0,0,0,0,0,1,0,0,0,0,"10,000-14,999",0,1,0
759,1,NA,NA,NA,1---,1,22,1,0,0,0,female,1,No formal education,0,1,0,0,0,1,0,0,0,0,"10,000-14,999",0,1,0
760,1,NA,NA,NA,1---,1,75,0,0,1,1,male,0,No formal education,0,1,0,0,0,1,0,0,0,1,"30,000-39,999",0,0,1
761,1,NA,NA,NA,1---,1,30,0,1,0,0,male,0,Class 10,0,0,1,0,0,1,0,0,0,1,"2500-4,999",1,0,0
762,1,NA,NA,NA,1---,1,28,0,1,0,0,male,0,Graduation (BA/BS etc.),1,0,0,0,1,1,0,0,0,0,"2500-4,999",1,0,0
763,1,NA,NA,NA,1---,0,44,0,1,0,1,male,0,Post-graduation (MA/MS etc.),1,0,0,0,1,1,0,0,0,1,"10,000-14,999",0,1,0
764,1,NA,NA,NA,1---,1,18,1,0,0,0,male,0,Class 12,1,0,0,1,0,1,0,0,0,0,"2500-4,999",1,0,0
765,1,NA,NA,NA,1---,0,63,0,0,1,1,male,0,No formal education,0,1,0,0,0,1,0,0,0,1,"5,000-9,999",0,1,0
766,1,NA,NA,NA,1---,0,25,1,0,0,0,male,0,Class 10,0,0,1,0,0,1,0,0,0,0,"15,000-19,999",0,0,1
767,1,NA,NA,NA,1---,1,56,0,0,1,1,male,0,Class 9,0,0,1,0,0,1,0,0,0,1,"2500-4,999",1,0,0
768,1,NA,NA,NA,1---,1,53,0,0,1,1,male,0,Class 10,0,0,1,0,0,1,0,0,0,1,"15,000-19,999",0,0,1
769,1,NA,NA,NA,1---,1,24,1,0,0,0,female,1,Class 8,0,0,1,0,0,1,0,0,0,0,"0-2,499",1,0,0
770,1,NA,NA,NA,1---,0,56,0,0,1,1,male,0,No formal education,0,1,0,0,0,1,0,0,0,1,"0-2,499",1,0,0
771,2,NA,NA,NA,2---,0,50,0,0,1,1,male,0,Post-graduation (MA/MS etc.),1,0,0,0,1,1,0,0,0,1,"50,000-59,999",0,0,1
772,1,NA,NA,NA,1---,0,24,1,0,0,0,male,0,Class 12,1,0,0,1,0,1,0,0,0,1,"10,000-14,999",0,1,0
773,1,NA,NA,NA,1---,1,56,0,0,1,1,male,0,No formal education,0,1,0,0,0,1,0,0,0,1,"5,000-9,999",0,1,0
774,1,NA,NA,NA,1---,0,29,0,1,0,0,female,1,Class 10,0,0,1,0,0,1,0,0,0,0,"10,000-14,999",0,1,0
775,1,NA,NA,NA,1---,1,21,1,0,0,0,male,0,Class 10,0,0,1,0,0,1,0,0,0,0,"5,000-9,999",0,1,0
776,1,NA,NA,NA,1---,1,66,0,0,1,1,male,0,Class 10,0,0,1,0,0,1,0,0,0,1,"15,000-19,999",0,0,1
777,3,NA,NA,NA,3---,0,30,0,1,0,0,male,0,Post-graduation (MA/MS etc.),1,0,0,0,1,1,0,0,0,1,"15,000-19,999",0,0,1
778,1,NA,NA,NA,1---,1,27,1,0,0,0,female,1,No formal education,0,1,0,0,0,1,0,0,0,0,"20,000-29,999",0,0,1
779,1,NA,NA,NA,1---,0,32,0,1,0,0,female,1,Post-graduation (MA/MS etc.),1,0,0,0,1,1,0,0,0,0,"15,000-19,999",0,0,1
780,1,NA,NA,NA,1---,0,32,0,1,0,0,female,1,No formal education,0,1,0,0,0,1,0,0,0,0,"10,000-14,999",0,1,0
781,2,NA,NA,NA,2---,0,27,1,0,0,0,female,1,Class 8,0,0,1,0,0,1,0,0,0,0,"5,000-9,999",0,1,0
782,2,NA,NA,NA,2---,1,42,0,1,0,1,male,0,Class 3,0,0,0,0,0,1,0,0,0,1,"5,000-9,999",0,1,0
783,1,NA,NA,NA,1---,0,23,1,0,0,0,female,1,Post-graduation (MA/MS etc.),1,0,0,0,1,1,0,0,0,0,"10,000-14,999",0,1,0
784,2,NA,NA,NA,2---,1,65,0,0,1,1,female,1,No formal education,0,1,0,0,0,1,0,0,0,0,"15,000-19,999",0,0,1
785,1,NA,NA,NA,1---,0,35,0,1,0,0,male,0,No formal education,0,1,0,0,0,1,0,0,0,1,"5,000-9,999",0,1,0
786,1,NA,NA,NA,1---,0,33,0,1,0,0,male,0,Some college,1,0,0,1,0,1,0,0,0,1,"5,000-9,999",0,1,0
787,2,NA,NA,NA,2---,0,35,0,1,0,0,male,0,Class 10,0,0,1,0,0,1,0,0,0,1,"5,000-9,999",0,1,0
788,1,NA,NA,NA,1---,0,45,0,1,0,1,male,0,No formal education,0,1,0,0,0,1,0,0,0,1,"2500-4,999",1,0,0
789,1,NA,NA,NA,1---,0,21,1,0,0,0,male,0,Graduation (BA/BS etc.),1,0,0,0,1,1,0,0,0,0,"2500-4,999",1,0,0
790,1,NA,NA,NA,1---,1,22,1,0,0,0,female,1,Post-graduation (MA/MS etc.),1,0,0,0,1,1,0,0,0,0,"15,000-19,999",0,0,1
791,1,NA,NA,NA,1---,1,44,0,1,0,1,male,0,Some college,1,0,0,1,0,1,0,0,0,1,"10,000-14,999",0,1,0
792,1,NA,NA,NA,1---,1,39,0,1,0,1,male,0,Some college,1,0,0,1,0,1,0,0,0,1,"5,000-9,999",0,1,0
793,1,NA,NA,NA,1---,0,25,1,0,0,0,female,1,No formal education,0,1,0,0,0,1,0,0,0,0,"5,000-9,999",0,1,0
794,1,NA,NA,NA,1---,1,25,1,0,0,0,female,1,Graduation (BA/BS etc.),1,0,0,0,1,1,0,0,0,0,"20,000-29,999",0,0,1
795,1,NA,NA,NA,1---,0,45,0,1,0,1,female,1,Class 9,0,0,1,0,0,1,0,0,0,0,"2500-4,999",1,0,0
796,1,NA,NA,NA,1---,1,20,1,0,0,0,male,0,Graduation (BA/BS etc.),1,0,0,0,1,1,0,0,0,0,"2500-4,999",1,0,0
797,1,NA,NA,NA,1---,1,22,1,0,0,0,female,1,Class 5,0,0,0,0,0,1,0,0,0,0,"5,000-9,999",0,1,0
798,1,NA,NA,NA,1---,0,37,0,1,0,1,female,1,No formal education,0,1,0,0,0,1,0,0,0,0,"2500-4,999",1,0,0
799,3,NA,NA,NA,3---,0,21,1,0,0,0,female,1,Class 6,0,0,1,0,0,1,0,0,0,0,"5,000-9,999",0,1,0
800,1,NA,NA,NA,1---,0,38,0,1,0,1,male,0,Class 10,0,0,1,0,0,1,0,0,0,1,"15,000-19,999",0,0,1
801,1,NA,NA,NA,1---,1,29,0,1,0,0,male,0,No formal education,0,1,0,0,0,1,0,0,0,1,"0-2,499",1,0,0
802,2,NA,NA,NA,2---,0,45,0,1,0,1,male,0,No formal education,0,1,0,0,0,1,0,0,0,1,"5,000-9,999",0,1,0
803,1,NA,NA,NA,1---,0,48,0,1,0,1,male,0,Class 10,0,0,1,0,0,1,0,0,0,0,"10,000-14,999",0,1,0
804,1,NA,NA,NA,1---,0,47,0,1,0,1,female,1,No formal education,0,1,0,0,0,1,0,0,0,0,"2500-4,999",1,0,0
805,1,NA,NA,NA,1---,0,55,0,0,1,1,male,0,Class 10,0,0,1,0,0,1,0,0,0,1,"30,000-39,999",0,0,1
806,1,NA,NA,NA,1---,1,65,0,0,1,1,female,1,No formal education,0,1,0,0,0,1,0,0,0,0,"10,000-14,999",0,1,0
807,1,NA,NA,NA,1---,0,23,1,0,0,0,male,0,Post-graduation (MA/MS etc.),1,0,0,0,1,1,0,0,0,0,"2500-4,999",1,0,0
808,1,NA,NA,NA,1---,0,39,0,1,0,1,male,0,Some college,1,0,0,1,0,1,0,0,0,1,"20,000-29,999",0,0,1
809,1,NA,NA,NA,1---,0,49,0,1,0,1,male,0,No formal education,0,1,0,0,0,1,0,0,0,1,"0-2,499",1,0,0
810,2,NA,NA,NA,2---,1,41,0,1,0,1,male,0,Class 8,0,0,1,0,0,1,0,0,0,1,"2500-4,999",1,0,0
811,3,NA,NA,NA,3---,1,45,0,1,0,1,male,0,No formal education,0,1,0,0,0,1,0,0,0,1,"5,000-9,999",0,1,0
812,1,NA,NA,NA,1---,1,19,1,0,0,0,female,1,Class 9,0,0,1,0,0,1,0,0,0,0,"2500-4,999",1,0,0
813,1,NA,NA,NA,1---,1,59,0,0,1,1,female,1,No formal education,0,1,0,0,0,1,0,0,0,0,"2500-4,999",1,0,0
814,1,NA,NA,NA,1---,1,37,0,1,0,1,female,1,No formal education,0,1,0,0,0,1,0,0,0,0,"2500-4,999",1,0,0
815,1,NA,NA,NA,1---,1,22,1,0,0,0,female,1,Class 12,1,0,0,1,0,1,0,0,0,0,"5,000-9,999",0,1,0
816,1,NA,NA,NA,1---,0,40,0,1,0,1,male,0,No formal education,0,1,0,0,0,1,0,0,0,1,"5,000-9,999",0,1,0
817,1,NA,NA,NA,1---,0,31,0,1,0,0,male,0,Class 10,0,0,1,0,0,1,0,0,0,1,"5,000-9,999",0,1,0
818,1,NA,NA,NA,1---,0,41,0,1,0,1,female,1,No formal education,0,1,0,0,0,1,0,0,0,0,"10,000-14,999",0,1,0
819,1,NA,NA,NA,1---,1,27,1,0,0,0,male,0,Post-graduation (MA/MS etc.),1,0,0,0,1,1,0,0,0,0,"30,000-39,999",0,0,1
820,1,NA,NA,NA,1---,0,32,0,1,0,0,female,1,No formal education,0,1,0,0,0,1,0,0,0,0,"0-2,499",1,0,0
821,1,NA,NA,NA,1---,0,45,0,1,0,1,male,0,Class 6,0,0,1,0,0,1,0,0,0,1,"2500-4,999",1,0,0
822,1,NA,NA,NA,1---,1,23,1,0,0,0,female,1,No formal education,0,1,0,0,0,1,0,0,0,0,"0-2,499",1,0,0
823,1,NA,NA,NA,1---,1,46,0,1,0,1,male,0,Class 8,0,0,1,0,0,1,0,0,0,1,"2500-4,999",1,0,0
824,1,NA,NA,NA,1---,1,31,0,1,0,0,male,0,No formal education,0,1,0,0,0,1,0,0,0,1,"5,000-9,999",0,1,0
825,1,NA,NA,NA,1---,0,44,0,1,0,1,female,1,No formal education,0,1,0,0,0,1,0,0,0,0,"2500-4,999",1,0,0
826,2,NA,NA,NA,2---,0,70,0,0,1,1,male,0,No formal education,0,1,0,0,0,1,0,0,0,0,"5,000-9,999",0,1,0
827,1,NA,NA,NA,1---,0,49,0,1,0,1,female,1,No formal education,0,1,0,0,0,1,0,0,0,0,"2500-4,999",1,0,0
828,2,NA,NA,NA,2---,1,45,0,1,0,1,male,0,No formal education,0,1,0,0,0,1,0,0,0,1,"5,000-9,999",0,1,0
829,1,NA,NA,NA,1---,0,25,1,0,0,0,male,0,Class 8,0,0,1,0,0,1,0,0,0,0,"5,000-9,999",0,1,0
830,2,NA,NA,NA,2---,1,36,0,1,0,1,female,1,Class 4,0,0,0,0,0,1,0,0,0,0,"0-2,499",1,0,0
831,1,NA,NA,NA,1---,1,50,0,0,1,1,female,1,No formal education,0,1,0,0,0,1,0,0,0,0,"0-2,499",1,0,0
832,1,NA,NA,NA,1---,0,55,0,0,1,1,male,0,No formal education,0,1,0,0,0,1,0,0,0,1,"2500-4,999",1,0,0
833,1,NA,NA,NA,1---,1,65,0,0,1,1,female,1,No formal education,0,1,0,0,0,1,0,0,0,0,"10,000-14,999",0,1,0
834,1,NA,NA,NA,1---,0,25,1,0,0,0,male,0,No formal education,0,1,0,0,0,1,0,0,0,1,"2500-4,999",1,0,0
835,1,NA,NA,NA,1---,0,29,0,1,0,0,male,0,Class 10,0,0,1,0,0,1,0,0,0,0,"5,000-9,999",0,1,0
836,4,NA,NA,NA,4---,1,26,1,0,0,0,female,1,No formal education,0,1,0,0,0,1,0,0,0,0,"5,000-9,999",0,1,0
837,1,NA,NA,NA,1---,1,59,0,0,1,1,male,0,No formal education,0,1,0,0,0,1,0,0,0,1,"2500-4,999",1,0,0
838,1,NA,NA,NA,1---,0,52,0,0,1,1,male,0,No formal education,0,1,0,0,0,1,0,0,0,1,"2500-4,999",1,0,0
839,1,NA,NA,NA,1---,0,27,1,0,0,0,female,1,Class 10,0,0,1,0,0,1,0,0,0,0,"2500-4,999",1,0,0
840,1,NA,NA,NA,1---,0,21,1,0,0,0,male,0,Post-graduation (MA/MS etc.),1,0,0,0,1,1,0,0,0,0,"5,000-9,999",0,1,0
841,1,NA,NA,NA,1---,1,59,0,0,1,1,female,1,No formal education,0,1,0,0,0,1,0,0,0,0,"2500-4,999",1,0,0
842,3,NA,NA,NA,3---,1,25,1,0,0,0,male,0,Class 12,1,0,0,1,0,1,0,0,0,1,"5,000-9,999",0,1,0
843,1,NA,NA,NA,1---,1,30,0,1,0,0,male,0,Post-graduation (MA/MS etc.),1,0,0,0,1,1,0,0,0,0,"20,000-29,999",0,0,1
844,1,NA,NA,NA,1---,1,28,0,1,0,0,female,1,No formal education,0,1,0,0,0,1,0,0,0,0,"5,000-9,999",0,1,0
845,1,NA,NA,NA,1---,0,39,0,1,0,1,male,0,No formal education,0,1,0,0,0,1,0,0,0,1,"2500-4,999",1,0,0
846,1,NA,NA,NA,1---,0,22,1,0,0,0,female,1,Class 12,1,0,0,1,0,1,0,0,0,0,"2500-4,999",1,0,0
847,1,NA,NA,NA,1---,0,54,0,0,1,1,male,0,Class 10,0,0,1,0,0,1,0,0,0,1,"5,000-9,999",0,1,0
848,1,NA,NA,NA,1---,0,20,1,0,0,0,female,1,Class 9,0,0,1,0,0,1,0,0,0,0,"10,000-14,999",0,1,0
849,3,NA,NA,NA,3---,0,20,1,0,0,0,female,1,Graduation (BA/BS etc.),1,0,0,0,1,1,0,0,0,0,"2500-4,999",1,0,0
850,3,NA,NA,NA,3---,0,44,0,1,0,1,male,0,No formal education,0,1,0,0,0,1,0,0,0,0,"0-2,499",1,0,0
851,1,NA,NA,NA,1---,1,38,0,1,0,1,male,0,Class 8,0,0,1,0,0,1,0,0,0,1,"10,000-14,999",0,1,0
852,1,NA,NA,NA,1---,0,31,0,1,0,0,male,0,Class 9,0,0,1,0,0,1,0,0,0,0,"0-2,499",1,0,0
853,1,NA,NA,NA,1---,0,27,1,0,0,0,male,0,Post-graduation (MA/MS etc.),1,0,0,0,1,1,0,0,0,0,"5,000-9,999",0,1,0
854,1,NA,NA,NA,1---,0,35,0,1,0,0,male,0,Class 10,0,0,1,0,0,1,0,0,0,1,"20,000-29,999",0,0,1
855,1,NA,NA,NA,1---,1,24,1,0,0,0,male,0,Post-graduation (MA/MS etc.),1,0,0,0,1,1,0,0,0,0,"5,000-9,999",0,1,0
856,1,NA,NA,NA,1---,1,25,1,0,0,0,male,0,Class 12,1,0,0,1,0,1,0,0,0,0,"5,000-9,999",0,1,0
857,1,NA,NA,NA,1---,0,38,0,1,0,1,female,1,Class 8,0,0,1,0,0,1,0,0,0,0,"2500-4,999",1,0,0
858,1,NA,NA,NA,1---,0,27,1,0,0,0,female,1,Class 12,1,0,0,1,0,1,0,0,0,0,"5,000-9,999",0,1,0
859,2,NA,NA,NA,2---,1,38,0,1,0,1,male,0,Graduation (BA/BS etc.),1,0,0,0,1,1,0,0,0,1,"5,000-9,999",0,1,0
860,1,NA,NA,NA,1---,0,32,0,1,0,0,male,0,Class 10,0,0,1,0,0,1,0,0,0,1,"5,000-9,999",0,1,0
861,1,NA,NA,NA,1---,1,44,0,1,0,1,female,1,Class 10,0,0,1,0,0,1,0,0,0,0,"20,000-29,999",0,0,1
862,1,NA,NA,NA,1---,0,36,0,1,0,1,male,0,Class 6,0,0,1,0,0,1,0,0,0,1,"2500-4,999",1,0,0
863,2,NA,NA,NA,2---,0,61,0,0,1,1,male,0,Graduation (BA/BS etc.),1,0,0,0,1,1,0,0,0,1,"20,000-29,999",0,0,1
864,1,NA,NA,NA,1---,1,59,0,0,1,1,male,0,Class 9,0,0,1,0,0,1,0,0,0,0,"10,000-14,999",0,1,0
865,1,NA,NA,NA,1---,1,36,0,1,0,1,male,0,Post-graduation (MA/MS etc.),1,0,0,0,1,1,0,0,0,1,"20,000-29,999",0,0,1
866,1,NA,NA,NA,1---,1,29,0,1,0,0,male,0,Class 9,0,0,1,0,0,1,0,0,0,1,"10,000-14,999",0,1,0
867,3,NA,NA,NA,3---,0,25,1,0,0,0,female,1,No formal education,0,1,0,0,0,1,0,0,0,0,"5,000-9,999",0,1,0
868,2,NA,NA,NA,2---,0,39,0,1,0,1,male,0,No formal education,0,1,0,0,0,1,0,0,0,1,"5,000-9,999",0,1,0
869,1,NA,NA,NA,1---,0,41,0,1,0,1,male,0,Graduation (BA/BS etc.),1,0,0,0,1,1,0,0,0,1,"15,000-19,999",0,0,1
870,1,NA,NA,NA,1---,0,28,0,1,0,0,female,1,Class 10,0,0,1,0,0,1,0,0,0,0,"5,000-9,999",0,1,0
871,1,NA,NA,NA,1---,0,31,0,1,0,0,male,0,Class 12,1,0,0,1,0,1,0,0,0,0,"5,000-9,999",0,1,0
872,1,NA,NA,NA,1---,0,26,1,0,0,0,female,1,Graduation (BA/BS etc.),1,0,0,0,1,1,0,0,0,0,"50,000-59,999",0,0,1
873,1,NA,NA,NA,1---,0,51,0,0,1,1,male,0,Class 10,0,0,1,0,0,1,0,0,0,1,"15,000-19,999",0,0,1
874,1,NA,NA,NA,1---,1,58,0,0,1,1,male,0,Class 12,1,0,0,1,0,1,0,0,0,1,"20,000-29,999",0,0,1
875,1,NA,NA,NA,1---,1,56,0,0,1,1,male,0,Class 8,0,0,1,0,0,1,0,0,0,0,"20,000-29,999",0,0,1
876,1,NA,NA,NA,1---,0,34,0,1,0,0,male,0,Class 10,0,0,1,0,0,1,0,0,0,0,"10,000-14,999",0,1,0
877,1,NA,NA,NA,1---,1,33,0,1,0,0,female,1,Class 8,0,0,1,0,0,1,0,0,0,0,"5,000-9,999",0,1,0
878,1,NA,NA,NA,1---,1,39,0,1,0,1,female,1,Class 10,0,0,1,0,0,1,0,0,0,0,"10,000-14,999",0,1,0
879,1,NA,NA,NA,1---,1,34,0,1,0,0,female,1,Class 6,0,0,1,0,0,1,0,0,0,0,"5,000-9,999",0,1,0
880,1,NA,NA,NA,1---,0,30,0,1,0,0,male,0,No formal education,0,1,0,0,0,1,0,0,0,1,"0-2,499",1,0,0
881,1,NA,NA,NA,1---,1,41,0,1,0,1,male,0,No formal education,0,1,0,0,0,1,0,0,0,1,"2500-4,999",1,0,0
882,1,NA,NA,NA,1---,1,44,0,1,0,1,male,0,Class 12,1,0,0,1,0,1,0,0,0,1,"15,000-19,999",0,0,1
883,1,NA,NA,NA,1---,1,67,0,0,1,1,male,0,No formal education,0,1,0,0,0,1,0,0,0,0,"5,000-9,999",0,1,0
884,1,NA,NA,NA,1---,0,22,1,0,0,0,female,1,Class 8,0,0,1,0,0,1,0,0,0,0,"2500-4,999",1,0,0
885,1,NA,NA,NA,1---,1,27,1,0,0,0,male,0,No formal education,0,1,0,0,0,1,0,0,0,1,"10,000-14,999",0,1,0
886,1,NA,NA,NA,1---,1,36,0,1,0,1,male,0,Class 9,0,0,1,0,0,1,0,0,0,1,"0-2,499",1,0,0
887,2,NA,NA,NA,2---,1,27,1,0,0,0,male,0,Class 12,1,0,0,1,0,1,0,0,0,0,"5,000-9,999",0,1,0
888,1,NA,NA,NA,1---,1,65,0,0,1,1,male,0,No formal education,0,1,0,0,0,1,0,0,0,1,"0-2,499",1,0,0
889,1,NA,NA,NA,1---,1,31,0,1,0,0,male,0,No formal education,0,1,0,0,0,1,0,0,0,0,"2500-4,999",1,0,0
890,1,NA,NA,NA,1---,0,34,0,1,0,0,female,1,No formal education,0,1,0,0,0,1,0,0,0,0,"10,000-14,999",0,1,0
891,1,NA,NA,NA,1---,1,49,0,1,0,1,male,0,Graduation (BA/BS etc.),1,0,0,0,1,1,0,0,0,1,"30,000-39,999",0,0,1
892,1,NA,NA,NA,1---,0,26,1,0,0,0,female,1,No formal education,0,1,0,0,0,1,0,0,0,0,"20,000-29,999",0,0,1
893,1,NA,NA,NA,1---,0,48,0,1,0,1,female,1,No formal education,0,1,0,0,0,1,0,0,0,0,"20,000-29,999",0,0,1
894,2,NA,NA,NA,2---,0,65,0,0,1,1,female,1,No formal education,0,1,0,0,0,1,0,0,0,0,"5,000-9,999",0,1,0
895,1,NA,NA,NA,1---,0,30,0,1,0,0,female,1,No formal education,0,1,0,0,0,1,0,0,0,0,"2500-4,999",1,0,0
896,1,NA,NA,NA,1---,0,61,0,0,1,1,female,1,No formal education,0,1,0,0,0,1,0,0,0,0,"30,000-39,999",0,0,1
897,3,NA,NA,NA,3---,0,34,0,1,0,0,male,0,Graduation (BA/BS etc.),1,0,0,0,1,1,0,0,0,1,"20,000-29,999",0,0,1
898,1,NA,NA,NA,1---,1,43,0,1,0,1,male,0,Class 10,0,0,1,0,0,1,0,0,0,1,"15,000-19,999",0,0,1
899,1,NA,NA,NA,1---,1,34,0,1,0,0,female,1,Class 10,0,0,1,0,0,1,0,0,0,0,"5,000-9,999",0,1,0
900,1,NA,NA,NA,1---,0,28,0,1,0,0,female,1,Class 10,0,0,1,0,0,1,0,0,0,0,"15,000-19,999",0,0,1
901,1,NA,NA,NA,1---,1,33,0,1,0,0,male,0,Class 12,1,0,0,1,0,1,0,0,0,1,"20,000-29,999",0,0,1
902,1,NA,NA,NA,1---,0,29,0,1,0,0,female,1,No formal education,0,1,0,0,0,1,0,0,0,0,"2500-4,999",1,0,0
903,1,NA,NA,NA,1---,0,45,0,1,0,1,female,1,Class 5,0,0,0,0,0,1,0,0,0,0,"20,000-29,999",0,0,1
904,1,NA,NA,NA,1---,0,52,0,0,1,1,female,1,No formal education,0,1,0,0,0,0,1,0,0,0,"0-2,499",1,0,0
905,1,NA,NA,NA,1---,0,48,0,1,0,1,female,1,Post-graduation (MA/MS etc.),1,0,0,0,1,1,0,0,0,0,"40,000-49,999",0,0,1
906,2,NA,NA,NA,2---,0,59,0,0,1,1,female,1,No formal education,0,1,0,0,0,1,0,0,0,0,"5,000-9,999",0,1,0
907,1,NA,NA,NA,1---,1,37,0,1,0,1,female,1,No formal education,0,1,0,0,0,1,0,0,0,0,"5,000-9,999",0,1,0
908,1,NA,NA,NA,1---,0,45,0,1,0,1,female,1,No formal education,0,1,0,0,0,1,0,0,0,0,"20,000-29,999",0,0,1
909,1,NA,NA,NA,1---,0,32,0,1,0,0,female,1,Class 9,0,0,1,0,0,1,0,0,0,0,"2500-4,999",1,0,0
910,1,NA,NA,NA,1---,1,27,1,0,0,0,female,1,Graduation (BA/BS etc.),1,0,0,0,1,1,0,0,0,0,"20,000-29,999",0,0,1
911,2,NA,NA,NA,2---,0,76,0,0,1,1,female,1,No formal education,0,1,0,0,0,1,0,0,0,0,"5,000-9,999",0,1,0
912,1,NA,NA,NA,1---,1,35,0,1,0,0,male,0,Class 10,0,0,1,0,0,1,0,0,0,1,"2500-4,999",1,0,0
913,1,NA,NA,NA,1---,0,39,0,1,0,1,male,0,Class 8,0,0,1,0,0,1,0,0,0,1,"20,000-29,999",0,0,1
914,1,NA,NA,NA,1---,0,25,1,0,0,0,female,1,No formal education,0,1,0,0,0,1,0,0,0,0,"10,000-14,999",0,1,0
915,2,NA,NA,NA,2---,0,25,1,0,0,0,male,0,Graduation (BA/BS etc.),1,0,0,0,1,1,0,0,0,0,"2500-4,999",1,0,0
916,1,NA,NA,NA,1---,0,37,0,1,0,1,male,0,Graduation (BA/BS etc.),1,0,0,0,1,1,0,0,0,1,"15,000-19,999",0,0,1
917,2,NA,NA,NA,2---,1,25,1,0,0,0,female,1,Graduation (BA/BS etc.),1,0,0,0,1,1,0,0,0,0,"30,000-39,999",0,0,1
918,1,NA,NA,NA,1---,1,23,1,0,0,0,male,0,Graduation (BA/BS etc.),1,0,0,0,1,1,0,0,0,0,"20,000-29,999",0,0,1
919,2,NA,NA,NA,2---,1,63,0,0,1,1,male,0,Class 10,0,0,1,0,0,1,0,0,0,1,"15,000-19,999",0,0,1
920,1,NA,NA,NA,1---,0,25,1,0,0,0,female,1,Class 10,0,0,1,0,0,1,0,0,0,0,"2500-4,999",1,0,0
921,1,NA,NA,NA,1---,1,21,1,0,0,0,female,1,Class 10,0,0,1,0,0,1,0,0,0,0,"5,000-9,999",0,1,0
922,1,NA,NA,NA,1---,0,47,0,1,0,1,female,1,Class 12,1,0,0,1,0,1,0,0,0,0,"10,000-14,999",0,1,0
923,1,NA,NA,NA,1---,1,28,0,1,0,0,male,0,Graduation (BA/BS etc.),1,0,0,0,1,1,0,0,0,0,"20,000-29,999",0,0,1
924,1,NA,NA,NA,1---,1,27,1,0,0,0,male,0,Class 12,1,0,0,1,0,1,0,0,0,1,"20,000-29,999",0,0,1
925,1,NA,NA,NA,1---,0,35,0,1,0,0,female,1,Class 4,0,0,0,0,0,1,0,0,0,0,"5,000-9,999",0,1,0
926,1,NA,NA,NA,1---,1,24,1,0,0,0,male,0,Graduation (BA/BS etc.),1,0,0,0,1,1,0,0,0,0,"50,000-59,999",0,0,1
927,1,NA,NA,NA,1---,0,23,1,0,0,0,female,1,Graduation (BA/BS etc.),1,0,0,0,1,1,0,0,0,0,"10,000-14,999",0,1,0
928,1,NA,NA,NA,1---,1,59,0,0,1,1,male,0,Post-graduation (MA/MS etc.),1,0,0,0,1,1,0,0,0,1,"20,000-29,999",0,0,1
929,1,NA,NA,NA,1---,0,56,0,0,1,1,male,0,Class 12,1,0,0,1,0,1,0,0,0,1,"20,000-29,999",0,0,1
930,1,NA,NA,NA,1---,0,56,0,0,1,1,male,0,Class 10,0,0,1,0,0,1,0,0,0,1,"15,000-19,999",0,0,1
931,1,NA,NA,NA,1---,0,57,0,0,1,1,male,0,Class 5,0,0,0,0,0,1,0,0,0,0,"2500-4,999",1,0,0
932,1,NA,NA,NA,1---,1,32,0,1,0,0,female,1,Class 7,0,0,1,0,0,1,0,0,0,0,"2500-4,999",1,0,0
933,2,NA,NA,NA,2---,1,30,0,1,0,0,female,1,Post-graduation (MA/MS etc.),1,0,0,0,1,1,0,0,0,0,"20,000-29,999",0,0,1
934,1,NA,NA,NA,1---,1,38,0,1,0,1,male,0,Class 10,0,0,1,0,0,1,0,0,0,1,"2500-4,999",1,0,0
935,1,NA,NA,NA,1---,1,50,0,0,1,1,male,0,No formal education,0,1,0,0,0,1,0,0,0,1,"5,000-9,999",0,1,0
936,1,NA,NA,NA,1---,0,21,1,0,0,0,male,0,Class 12,1,0,0,1,0,1,0,0,0,0,"40,000-49,999",0,0,1
937,1,NA,NA,NA,1---,0,70,0,0,1,1,male,0,No formal education,0,1,0,0,0,1,0,0,0,0,"2500-4,999",1,0,0
938,1,NA,NA,NA,1---,0,42,0,1,0,1,male,0,No formal education,0,1,0,0,0,1,0,0,0,1,"5,000-9,999",0,1,0
939,2,NA,NA,NA,2---,0,58,0,0,1,1,male,0,Class 8,0,0,1,0,0,1,0,0,0,1,"5,000-9,999",0,1,0
940,1,NA,NA,NA,1---,1,37,0,1,0,1,male,0,Class 10,0,0,1,0,0,1,0,0,0,1,"2500-4,999",1,0,0
941,1,NA,NA,NA,1---,1,37,0,1,0,1,male,0,Class 12,1,0,0,1,0,1,0,0,0,0,"2500-4,999",1,0,0
942,1,NA,NA,NA,1---,0,30,0,1,0,0,female,1,No formal education,0,1,0,0,0,1,0,0,0,0,"2500-4,999",1,0,0
943,2,NA,NA,NA,2---,1,30,0,1,0,0,male,0,Post-graduation (MA/MS etc.),1,0,0,0,1,1,0,0,0,0,"2500-4,999",1,0,0
944,1,NA,NA,NA,1---,0,40,0,1,0,1,female,1,No formal education,0,1,0,0,0,1,0,0,0,0,"15,000-19,999",0,0,1
945,1,NA,NA,NA,1---,1,40,0,1,0,1,female,1,No formal education,0,1,0,0,0,1,0,0,0,0,"2500-4,999",1,0,0
946,3,NA,NA,NA,3---,0,19,1,0,0,0,male,0,Class 12,1,0,0,1,0,1,0,0,0,0,"2500-4,999",1,0,0
947,1,NA,NA,NA,1---,1,62,0,0,1,1,female,1,No formal education,0,1,0,0,0,1,0,0,0,0,"2500-4,999",1,0,0
948,4,NA,NA,NA,4---,0,41,0,1,0,1,female,1,No formal education,0,1,0,0,0,1,0,0,0,0,"2500-4,999",1,0,0
949,1,NA,NA,NA,1---,0,24,1,0,0,0,male,0,Class 9,0,0,1,0,0,1,0,0,0,1,"2500-4,999",1,0,0
950,1,NA,NA,NA,1---,1,42,0,1,0,1,male,0,No formal education,0,1,0,0,0,1,0,0,0,1,"2500-4,999",1,0,0
951,1,NA,NA,NA,1---,1,29,0,1,0,0,female,1,No formal education,0,1,0,0,0,1,0,0,0,0,"2500-4,999",1,0,0
952,1,NA,NA,NA,1---,0,77,0,0,1,1,female,1,No formal education,0,1,0,0,0,1,0,0,0,0,"10,000-14,999",0,1,0
953,1,NA,NA,NA,1---,0,25,1,0,0,0,male,0,Graduation (BA/BS etc.),1,0,0,0,1,1,0,0,0,0,"2500-4,999",1,0,0
954,1,NA,NA,NA,1---,1,34,0,1,0,0,female,1,No formal education,0,1,0,0,0,1,0,0,0,0,"20,000-29,999",0,0,1
955,1,NA,NA,NA,1---,0,50,0,0,1,1,female,1,No formal education,0,1,0,0,0,1,0,0,0,0,"10,000-14,999",0,1,0
956,1,NA,NA,NA,1---,0,45,0,1,0,1,male,0,No formal education,0,1,0,0,0,1,0,0,0,1,"10,000-14,999",0,1,0
957,1,NA,NA,NA,1---,1,28,0,1,0,0,male,0,Class 9,0,0,1,0,0,1,0,0,0,1,"2500-4,999",1,0,0
958,1,NA,NA,NA,1---,0,52,0,0,1,1,male,0,No formal education,0,1,0,0,0,1,0,0,0,0,"2500-4,999",1,0,0
959,4,NA,NA,NA,4---,0,19,1,0,0,0,male,0,Graduation (BA/BS etc.),1,0,0,0,1,1,0,0,0,0,"10,000-14,999",0,1,0
960,1,NA,NA,NA,1---,0,60,0,0,1,1,male,0,Class 4,0,0,0,0,0,1,0,0,0,0,"2500-4,999",1,0,0
961,1,NA,NA,NA,1---,0,40,0,1,0,1,male,0,No formal education,0,1,0,0,0,1,0,0,0,1,"2500-4,999",1,0,0
962,1,NA,NA,NA,1---,0,20,1,0,0,0,female,1,Graduation (BA/BS etc.),1,0,0,0,1,1,0,0,0,0,"20,000-29,999",0,0,1
963,1,NA,NA,NA,1---,0,57,0,0,1,1,female,1,Class 4,0,0,0,0,0,1,0,0,0,0,"2500-4,999",1,0,0
964,1,NA,NA,NA,1---,1,30,0,1,0,0,female,1,Class 8,0,0,1,0,0,1,0,0,0,0,"2500-4,999",1,0,0
965,1,NA,NA,NA,1---,0,54,0,0,1,1,female,1,No formal education,0,1,0,0,0,1,0,0,0,0,"2500-4,999",1,0,0
966,1,NA,NA,NA,1---,1,25,1,0,0,0,female,1,Class 10,0,0,1,0,0,1,0,0,0,0,"5,000-9,999",0,1,0
967,2,NA,NA,NA,2---,0,24,1,0,0,0,male,0,Class 12,1,0,0,1,0,1,0,0,0,0,"20,000-29,999",0,0,1
968,2,NA,NA,NA,2---,0,33,0,1,0,0,male,0,Class 12,1,0,0,1,0,1,0,0,0,1,"5,000-9,999",0,1,0
969,2,NA,NA,NA,2---,1,32,0,1,0,0,female,1,No formal education,0,1,0,0,0,1,0,0,0,0,"5,000-9,999",0,1,0
970,1,NA,NA,NA,1---,1,45,0,1,0,1,female,1,No formal education,0,1,0,0,0,1,0,0,0,0,"15,000-19,999",0,0,1
971,1,NA,NA,NA,1---,1,41,0,1,0,1,male,0,Class 8,0,0,1,0,0,1,0,0,0,1,"2500-4,999",1,0,0
972,2,NA,NA,NA,2---,0,23,1,0,0,0,female,1,Graduation (BA/BS etc.),1,0,0,0,1,1,0,0,0,0,"2500-4,999",1,0,0
973,4,NA,NA,NA,4---,0,25,1,0,0,0,male,0,Class 8,0,0,1,0,0,1,0,0,0,1,"2500-4,999",1,0,0
974,3,NA,NA,NA,3---,1,25,1,0,0,0,female,1,Class 10,0,0,1,0,0,1,0,0,0,0,"2500-4,999",1,0,0
975,1,NA,NA,NA,1---,1,92,0,0,1,1,female,1,No formal education,0,1,0,0,0,1,0,0,0,0,"0-2,499",1,0,0
976,3,NA,NA,NA,3---,1,47,0,1,0,1,male,0,Class 8,0,0,1,0,0,1,0,0,0,1,"2500-4,999",1,0,0
977,2,NA,NA,NA,2---,1,62,0,0,1,1,male,0,Class 12,1,0,0,1,0,1,0,0,0,1,"2500-4,999",1,0,0
978,1,NA,NA,NA,1---,1,52,0,0,1,1,female,1,No formal education,0,1,0,0,0,1,0,0,0,0,"2500-4,999",1,0,0
979,1,NA,NA,NA,1---,0,24,1,0,0,0,male,0,Post-graduation (MA/MS etc.),1,0,0,0,1,1,0,0,0,0,"20,000-29,999",0,0,1
980,1,NA,NA,NA,1---,1,72,0,0,1,1,male,0,Class 10,0,0,1,0,0,1,0,0,0,NA,"10,000-14,999",0,1,0
981,1,NA,NA,NA,1---,0,33,0,1,0,0,male,0,Post-graduation (MA/MS etc.),1,0,0,0,1,1,0,0,0,1,"5,000-9,999",0,1,0
982,1,NA,NA,NA,1---,1,40,0,1,0,1,female,1,No formal education,0,1,0,0,0,1,0,0,0,0,"2500-4,999",1,0,0
983,1,NA,NA,NA,1---,0,30,0,1,0,0,female,1,Class 10,0,0,1,0,0,1,0,0,0,0,"5,000-9,999",0,1,0
984,1,NA,NA,NA,1---,1,68,0,0,1,1,male,0,No formal education,0,1,0,0,0,1,0,0,0,1,"50,000-59,999",0,0,1
985,2,NA,NA,NA,2---,1,20,1,0,0,0,female,1,Class 10,0,0,1,0,0,1,0,0,0,0,"20,000-29,999",0,0,1
986,2,NA,NA,NA,2---,0,50,0,0,1,1,female,1,Class 7,0,0,1,0,0,1,0,0,0,0,"2500-4,999",1,0,0
987,1,NA,NA,NA,1---,1,46,0,1,0,1,female,1,Class 12,1,0,0,1,0,0,0,1,0,0,"30,000-39,999",0,0,1
988,2,NA,NA,NA,2---,1,25,1,0,0,0,female,1,Class 12,1,0,0,1,0,1,0,0,0,0,"5,000-9,999",0,1,0
989,1,NA,NA,NA,1---,0,28,0,1,0,0,female,1,Class 10,0,0,1,0,0,1,0,0,0,0,"5,000-9,999",0,1,0
990,1,NA,NA,NA,1---,1,28,0,1,0,0,male,0,Post-graduation (MA/MS etc.),1,0,0,0,1,1,0,0,0,0,"20,000-29,999",0,0,1
991,1,NA,NA,NA,1---,1,36,0,1,0,1,female,1,No formal education,0,1,0,0,0,1,0,0,0,0,"2500-4,999",1,0,0
992,1,NA,NA,NA,1---,1,28,0,1,0,0,male,0,Class 10,0,0,1,0,0,1,0,0,0,0,"5,000-9,999",0,1,0
993,2,NA,NA,NA,2---,1,30,0,1,0,0,female,1,Class 12,1,0,0,1,0,1,0,0,0,0,"5,000-9,999",0,1,0
994,1,NA,NA,NA,1---,0,22,1,0,0,0,female,1,Class 9,0,0,1,0,0,1,0,0,0,0,"0-2,499",1,0,0
995,1,NA,NA,NA,1---,1,55,0,0,1,1,male,0,Class 10,0,0,1,0,0,1,0,0,0,1,"10,000-14,999",0,1,0
996,1,NA,NA,NA,1---,0,32,0,1,0,0,male,0,Post-graduation (MA/MS etc.),1,0,0,0,1,1,0,0,0,0,"40,000-49,999",0,0,1
997,2,NA,NA,NA,2---,1,43,0,1,0,1,male,0,Graduation (BA/BS etc.),1,0,0,0,1,1,0,0,0,1,"30,000-39,999",0,0,1
998,1,NA,NA,NA,1---,0,45,0,1,0,1,female,1,No formal education,0,1,0,0,0,1,0,0,0,0,"2500-4,999",1,0,0
999,2,NA,NA,NA,2---,0,69,0,0,1,1,female,1,No formal education,0,1,0,0,0,1,0,0,0,0,"20,000-29,999",0,0,1
1000,1,NA,NA,NA,1---,0,24,1,0,0,0,male,0,Class 10,0,0,1,0,0,1,0,0,0,0,"5,000-9,999",0,1,0
1001,1,NA,NA,NA,1---,1,35,0,1,0,0,female,1,Class 9,0,0,1,0,0,1,0,0,0,0,"2500-4,999",1,0,0
1002,1,NA,NA,NA,1---,0,60,0,0,1,1,male,0,No formal education,0,1,0,0,0,1,0,0,0,1,"10,000-14,999",0,1,0
1003,1,NA,NA,NA,1---,1,32,0,1,0,0,male,0,No formal education,0,1,0,0,0,1,0,0,0,1,"5,000-9,999",0,1,0
1004,1,NA,NA,NA,1---,0,42,0,1,0,1,female,1,No formal education,0,1,0,0,0,1,0,0,0,0,"15,000-19,999",0,0,1
1005,1,NA,NA,NA,1---,0,63,0,0,1,1,male,0,Class 10,0,0,1,0,0,0,0,1,0,1,"15,000-19,999",0,0,1
1006,1,NA,NA,NA,1---,1,48,0,1,0,1,female,1,No formal education,0,1,0,0,0,1,0,0,0,0,"20,000-29,999",0,0,1
1007,1,NA,NA,NA,1---,1,21,1,0,0,0,female,1,Class 10,0,0,1,0,0,1,0,0,0,0,"2500-4,999",1,0,0
1008,1,NA,NA,NA,1---,1,30,0,1,0,0,female,1,Class 9,0,0,1,0,0,1,0,0,0,0,"10,000-14,999",0,1,0
1009,4,NA,NA,NA,4---,0,55,0,0,1,1,female,1,No formal education,0,1,0,0,0,0,0,1,0,0,"15,000-19,999",0,0,1
1010,1,NA,NA,NA,1---,1,33,0,1,0,0,male,0,Class 12,1,0,0,1,0,1,0,0,0,1,"10,000-14,999",0,1,0
1011,1,NA,NA,NA,1---,0,29,0,1,0,0,female,1,Class 8,0,0,1,0,0,1,0,0,0,0,"15,000-19,999",0,0,1
1012,1,NA,NA,NA,1---,1,26,1,0,0,0,female,1,Post-graduation (MA/MS etc.),1,0,0,0,1,1,0,0,0,0,"20,000-29,999",0,0,1
1013,1,NA,NA,NA,1---,0,28,0,1,0,0,female,1,Graduation (BA/BS etc.),1,0,0,0,1,1,0,0,0,0,"30,000-39,999",0,0,1
1014,1,NA,NA,NA,1---,0,38,0,1,0,1,male,0,Class 8,0,0,1,0,0,1,0,0,0,1,"2500-4,999",1,0,0
1015,3,NA,NA,NA,3---,0,39,0,1,0,1,female,1,Post-graduation (MA/MS etc.),1,0,0,0,1,1,0,0,0,0,"30,000-39,999",0,0,1
1016,1,NA,NA,NA,1---,0,45,0,1,0,1,female,1,No formal education,0,1,0,0,0,1,0,0,0,0,"5,000-9,999",0,1,0
1017,1,NA,NA,NA,1---,0,67,0,0,1,1,male,0,Class 3,0,0,0,0,0,1,0,0,0,0,"2500-4,999",1,0,0
1018,1,NA,NA,NA,1---,1,30,0,1,0,0,female,1,Class 8,0,0,1,0,0,1,0,0,0,0,"2500-4,999",1,0,0
1019,1,NA,NA,NA,1---,1,55,0,0,1,1,female,1,No formal education,0,1,0,0,0,1,0,0,0,0,"2500-4,999",1,0,0
1020,1,NA,NA,NA,1---,1,60,0,0,1,1,female,1,No formal education,0,1,0,0,0,1,0,0,0,0,"2500-4,999",1,0,0
1021,3,NA,NA,NA,3---,0,74,0,0,1,1,male,0,No formal education,0,1,0,0,0,1,0,0,0,0,"5,000-9,999",0,1,0
1022,1,NA,NA,NA,1---,0,34,0,1,0,0,female,1,No formal education,0,1,0,0,0,1,0,0,0,0,"5,000-9,999",0,1,0
1023,1,NA,NA,NA,1---,0,42,0,1,0,1,male,0,Graduation (BA/BS etc.),1,0,0,0,1,1,0,0,0,1,"30,000-39,999",0,0,1
1024,2,NA,NA,NA,2---,0,36,0,1,0,1,female,1,No formal education,0,1,0,0,0,1,0,0,0,1,"2500-4,999",1,0,0
1025,1,NA,NA,NA,1---,0,23,1,0,0,0,male,0,Class 11,0,0,1,0,0,1,0,0,0,0,"10,000-14,999",0,1,0
1026,1,NA,NA,NA,1---,0,72,0,0,1,1,male,0,Class 10,0,0,1,0,0,1,0,0,0,1,"10,000-14,999",0,1,0
