unit,fair,generous,honest,powerful,friendly,culture,resolved,organized,intelligent,ranking,treat,condition
1,2,1,NA,NA,3,NA,NA,NA,4,21--3---4,1,Individuals
2,NA,NA,NA,NA,NA,1,NA,2,NA,-----1-2-,1,Individuals
3,1,3,2,NA,NA,NA,NA,NA,NA,132------,2,Countries
4,2,NA,1,4,NA,NA,NA,3,NA,2-14---3-,2,Countries
5,1,2,5,NA,4,NA,NA,3,NA,125-4--3-,1,Individuals
6,4,2,7,5,3,NA,6,1,8,42753-618,1,Individuals
7,1,4,3,NA,NA,NA,NA,5,2,143----52,1,Individuals
8,NA,NA,NA,1,NA,NA,2,4,3,---1--243,1,Individuals
9,3,NA,NA,NA,NA,NA,NA,2,1,3------21,1,Individuals
10,NA,NA,NA,NA,3,4,5,1,2,----34512,1,Individuals
11,NA,NA,NA,NA,NA,NA,1,3,2,------132,1,Individuals
12,3,1,4,NA,NA,NA,2,NA,NA,314---2--,1,Individuals
13,3,NA,4,NA,1,NA,NA,NA,2,3-4-1---2,2,Countries
14,2,NA,4,NA,NA,NA,1,NA,3,2-4---1-3,1,Individuals
15,1,NA,NA,NA,2,NA,NA,NA,NA,1---2----,1,Individuals
16,NA,NA,1,NA,NA,NA,NA,2,NA,--1----2-,1,Individuals
17,4,NA,1,NA,2,NA,NA,3,NA,4-1-2--3-,1,Individuals
18,2,NA,3,NA,NA,4,1,NA,NA,2-3--41--,2,Countries
19,3,4,2,NA,NA,NA,NA,NA,1,342-----1,1,Individuals
20,NA,2,1,NA,NA,NA,NA,NA,NA,-21------,1,Individuals
21,4,NA,1,NA,NA,NA,3,NA,2,4-1---3-2,1,Individuals
22,NA,NA,2,4,NA,NA,1,3,NA,--24--13-,2,Countries
23,2,NA,NA,NA,1,NA,NA,NA,NA,2---1----,1,Individuals
24,4,NA,3,NA,1,NA,NA,2,NA,4-3-1--2-,2,Countries
25,2,NA,1,NA,NA,NA,NA,NA,NA,2-1------,1,Individuals
26,2,NA,1,NA,3,NA,NA,NA,NA,2-1-3----,2,Countries
27,NA,NA,1,NA,2,NA,3,NA,NA,--1-2-3--,2,Countries
28,NA,NA,NA,3,NA,NA,4,2,1,---3--421,1,Individuals
29,NA,NA,1,NA,3,NA,NA,2,NA,--1-3--2-,1,Individuals
30,3,1,9,5,2,7,6,8,4,319527684,1,Individuals
31,2,5,1,NA,3,NA,NA,NA,4,251-3---4,1,Individuals
32,2,NA,NA,NA,NA,NA,1,NA,3,2-----1-3,2,Countries
33,2,NA,4,NA,NA,NA,1,NA,3,2-4---1-3,1,Individuals
34,4,NA,2,3,NA,NA,NA,NA,1,4-23----1,1,Individuals
35,2,NA,NA,NA,1,NA,NA,NA,NA,2---1----,1,Individuals
36,4,NA,2,1,NA,NA,3,NA,NA,4-21--3--,2,Countries
37,3,NA,4,1,NA,NA,2,NA,NA,3-41--2--,1,Individuals
38,NA,2,1,3,NA,NA,NA,NA,NA,-213-----,1,Individuals
39,NA,NA,NA,2,NA,NA,NA,1,NA,---2---1-,1,Individuals
40,NA,NA,1,2,3,NA,NA,NA,NA,--123----,2,Countries
41,NA,NA,NA,NA,2,1,3,NA,NA,----213--,2,Countries
42,6,NA,4,1,7,NA,2,3,5,6-417-235,2,Countries
43,4,NA,2,NA,NA,1,NA,3,NA,4-2--1-3-,1,Individuals
44,2,5,1,NA,4,NA,NA,NA,3,251-4---3,1,Individuals
45,5,NA,1,NA,4,2,NA,NA,3,5-1-42--3,2,Countries
46,2,NA,NA,NA,4,NA,5,1,3,2---4-513,1,Individuals
47,1,NA,3,NA,NA,2,NA,NA,NA,1-3--2---,2,Countries
48,1,NA,3,NA,4,NA,NA,NA,2,1-3-4---2,1,Individuals
49,1,NA,2,NA,NA,NA,NA,3,4,1-2----34,2,Countries
50,2,NA,1,NA,NA,NA,NA,3,NA,2-1----3-,1,Individuals
51,3,NA,2,NA,NA,NA,4,NA,1,3-2---4-1,1,Individuals
52,2,NA,NA,NA,1,NA,NA,NA,NA,2---1----,2,Countries
53,4,NA,NA,2,NA,1,NA,3,NA,4--2-1-3-,1,Individuals
54,1,NA,2,NA,NA,NA,NA,NA,NA,1-2------,2,Countries
55,2,NA,3,NA,1,NA,NA,4,NA,2-3-1--4-,2,Countries
56,2,NA,NA,NA,4,1,NA,NA,3,2---41--3,2,Countries
57,NA,NA,NA,NA,1,2,3,NA,NA,----123--,1,Individuals
58,1,NA,NA,2,NA,NA,3,NA,NA,1--2--3--,2,Countries
59,3,NA,4,NA,1,NA,NA,NA,2,3-4-1---2,1,Individuals
60,4,5,1,7,3,9,2,6,8,451739268,1,Individuals
61,2,8,1,4,6,NA,3,7,5,28146-375,1,Individuals
62,NA,NA,4,2,1,7,6,5,3,--4217653,2,Countries
63,3,NA,2,NA,NA,1,NA,4,NA,3-2--1-4-,2,Countries
64,NA,NA,3,2,4,NA,1,NA,NA,--324-1--,2,Countries
65,NA,NA,2,NA,NA,NA,NA,1,NA,--2----1-,2,Countries
66,NA,NA,NA,NA,2,NA,NA,1,NA,----2--1-,1,Individuals
67,1,NA,2,NA,NA,NA,NA,4,3,1-2----43,1,Individuals
68,2,NA,4,NA,3,NA,NA,1,NA,2-4-3--1-,2,Countries
69,4,1,2,3,NA,NA,NA,NA,5,4123----5,1,Individuals
70,4,2,NA,NA,NA,3,NA,1,NA,42---3-1-,1,Individuals
71,1,NA,NA,NA,2,NA,3,NA,NA,1---2-3--,1,Individuals
72,1,2,3,5,4,NA,NA,NA,NA,12354----,1,Individuals
73,3,NA,4,NA,2,1,NA,NA,NA,3-4-21---,2,Countries
74,1,5,2,NA,4,NA,NA,6,3,152-4--63,2,Countries
75,NA,3,4,2,1,NA,NA,NA,NA,-3421----,2,Countries
76,6,7,1,3,9,5,2,8,4,671395284,1,Individuals
77,3,NA,1,NA,NA,NA,2,NA,NA,3-1---2--,2,Countries
78,1,NA,2,NA,NA,3,NA,NA,NA,1-2--3---,1,Individuals
79,NA,2,NA,NA,NA,3,1,4,NA,-2---314-,1,Individuals
80,NA,NA,1,NA,NA,NA,NA,NA,2,--1-----2,1,Individuals
81,3,5,4,NA,2,1,NA,NA,NA,354-21---,2,Countries
82,1,NA,4,NA,6,NA,5,3,2,1-4-6-532,1,Individuals
83,6,4,1,2,5,3,NA,NA,NA,641253---,2,Countries
84,1,NA,NA,NA,2,3,NA,NA,NA,1---23---,2,Countries
85,NA,NA,1,NA,NA,2,4,5,3,--1--2453,1,Individuals
86,1,NA,2,NA,NA,NA,NA,3,NA,1-2----3-,1,Individuals
87,3,9,2,6,4,8,5,7,1,392648571,1,Individuals
88,5,NA,3,NA,4,NA,1,NA,2,5-3-4-1-2,2,Countries
89,2,NA,3,NA,4,NA,NA,5,1,2-3-4--51,1,Individuals
90,NA,NA,1,2,NA,NA,NA,NA,NA,--12-----,2,Countries
91,1,NA,2,NA,3,NA,NA,NA,NA,1-2-3----,2,Countries
92,4,NA,1,5,2,NA,3,NA,NA,4-152-3--,1,Individuals
93,4,8,6,2,7,5,1,9,3,486275193,1,Individuals
94,2,NA,1,NA,NA,3,NA,4,NA,2-1--3-4-,2,Countries
95,2,NA,4,3,NA,NA,5,NA,1,2-43--5-1,2,Countries
96,NA,NA,NA,1,NA,NA,2,NA,NA,---1--2--,1,Individuals
97,2,NA,4,NA,NA,NA,NA,3,1,2-4----31,2,Countries
98,2,NA,1,NA,NA,3,NA,NA,NA,2-1--3---,2,Countries
99,2,NA,1,NA,NA,NA,NA,NA,NA,2-1------,2,Countries
100,3,6,2,9,1,7,8,4,5,362917845,2,Countries
101,1,NA,3,4,NA,NA,5,NA,2,1-34--5-2,2,Countries
102,2,NA,4,NA,3,NA,NA,1,NA,2-4-3--1-,2,Countries
103,NA,NA,NA,2,NA,NA,NA,NA,1,---2----1,1,Individuals
104,3,NA,1,NA,4,NA,NA,2,NA,3-1-4--2-,2,Countries
105,5,NA,2,NA,3,NA,NA,1,4,5-2-3--14,2,Countries
106,2,NA,4,NA,1,NA,3,5,NA,2-4-1-35-,1,Individuals
107,NA,NA,3,NA,1,NA,2,NA,NA,--3-1-2--,1,Individuals
108,1,NA,3,4,NA,NA,NA,NA,2,1-34----2,2,Countries
109,3,NA,1,NA,NA,NA,2,NA,NA,3-1---2--,2,Countries
110,5,NA,3,NA,4,NA,NA,1,2,5-3-4--12,1,Individuals
111,3,2,1,NA,4,NA,6,5,NA,321-4-65-,1,Individuals
112,NA,4,NA,NA,2,NA,NA,3,1,-4--2--31,1,Individuals
113,2,4,1,NA,NA,NA,3,NA,NA,241---3--,1,Individuals
114,NA,NA,NA,1,2,NA,NA,NA,3,---12---3,2,Countries
115,2,3,1,NA,NA,NA,4,NA,NA,231---4--,2,Countries
116,1,NA,2,NA,NA,3,NA,NA,4,1-2--3--4,1,Individuals
117,1,NA,2,NA,NA,NA,NA,NA,NA,1-2------,2,Countries
118,2,5,1,NA,6,NA,4,7,3,251-6-473,1,Individuals
119,2,NA,5,4,1,NA,NA,NA,3,2-541---3,1,Individuals
120,1,NA,NA,NA,NA,NA,2,3,NA,1-----23-,2,Countries
121,3,NA,4,1,NA,2,NA,NA,NA,3-41-2---,2,Countries
122,1,NA,2,NA,3,NA,NA,NA,NA,1-2-3----,2,Countries
123,NA,NA,NA,2,4,NA,1,3,NA,---24-13-,2,Countries
124,2,NA,1,NA,NA,NA,NA,NA,NA,2-1------,1,Individuals
125,NA,NA,1,NA,NA,NA,2,NA,NA,--1---2--,2,Countries
126,NA,1,NA,NA,NA,2,NA,NA,3,-1---2--3,2,Countries
127,1,6,2,NA,5,NA,3,7,4,162-5-374,1,Individuals
128,NA,NA,NA,1,NA,NA,NA,NA,2,---1----2,2,Countries
129,2,9,1,4,3,8,5,7,6,291438576,2,Countries
130,3,NA,1,NA,2,NA,NA,NA,NA,3-1-2----,1,Individuals
131,1,NA,3,NA,NA,NA,NA,2,4,1-3----24,2,Countries
132,2,NA,1,NA,4,NA,NA,NA,3,2-1-4---3,1,Individuals
133,1,NA,2,NA,NA,NA,NA,3,NA,1-2----3-,2,Countries
134,1,NA,NA,NA,2,3,NA,NA,NA,1---23---,2,Countries
135,NA,NA,NA,2,NA,1,4,NA,3,---2-14-3,2,Countries
136,2,NA,4,NA,3,1,NA,NA,NA,2-4-31---,2,Countries
137,4,2,1,NA,3,NA,NA,NA,5,421-3---5,1,Individuals
138,5,NA,2,NA,4,NA,NA,3,1,5-2-4--31,1,Individuals
139,1,5,2,NA,3,NA,NA,6,4,152-3--64,2,Countries
140,NA,NA,2,1,3,NA,NA,NA,NA,--213----,2,Countries
141,2,NA,1,NA,6,NA,4,5,3,2-1-6-453,1,Individuals
142,1,NA,3,NA,2,NA,NA,NA,NA,1-3-2----,1,Individuals
143,2,NA,1,NA,3,4,NA,NA,NA,2-1-34---,1,Individuals
144,NA,NA,2,NA,NA,NA,NA,1,NA,--2----1-,1,Individuals
145,NA,NA,2,NA,1,NA,NA,NA,3,--2-1---3,2,Countries
146,NA,NA,3,NA,NA,NA,2,NA,1,--3---2-1,1,Individuals
147,4,NA,5,NA,1,NA,6,3,2,4-5-1-632,1,Individuals
148,4,NA,1,NA,2,6,NA,5,3,4-1-26-53,1,Individuals
149,1,NA,3,NA,2,NA,4,5,NA,1-3-2-45-,1,Individuals
150,NA,NA,1,NA,3,NA,2,NA,NA,--1-3-2--,1,Individuals
151,1,5,2,NA,3,NA,NA,6,4,152-3--64,2,Countries
152,NA,NA,1,NA,3,NA,4,NA,2,--1-3-4-2,1,Individuals
153,1,NA,NA,NA,2,NA,NA,NA,3,1---2---3,2,Countries
154,2,9,1,8,7,5,4,3,6,291875436,2,Countries
155,2,NA,1,NA,4,5,NA,NA,3,2-1-45--3,1,Individuals
156,NA,NA,4,NA,2,NA,NA,3,1,--4-2--31,2,Countries
157,2,3,1,8,4,7,9,6,5,231847965,1,Individuals
158,NA,NA,NA,NA,2,NA,NA,1,NA,----2--1-,2,Countries
159,2,NA,NA,1,4,NA,3,NA,NA,2--14-3--,1,Individuals
160,2,4,3,NA,1,NA,NA,NA,5,243-1---5,1,Individuals
161,1,NA,NA,NA,NA,NA,NA,3,2,1------32,1,Individuals
162,NA,NA,1,3,NA,NA,2,NA,NA,--13--2--,2,Countries
163,NA,NA,1,NA,NA,NA,2,NA,NA,--1---2--,1,Individuals
164,2,5,1,7,4,9,3,6,8,251749368,2,Countries
165,NA,NA,NA,NA,NA,NA,NA,1,2,-------12,1,Individuals
166,1,2,3,NA,NA,NA,NA,NA,NA,123------,1,Individuals
167,1,5,2,7,6,NA,NA,3,4,15276--34,2,Countries
168,3,NA,NA,1,NA,NA,NA,NA,2,3--1----2,1,Individuals
169,3,NA,1,NA,NA,NA,4,NA,2,3-1---4-2,1,Individuals
170,NA,5,1,6,4,NA,NA,3,2,-5164--32,1,Individuals
171,1,NA,2,NA,3,NA,NA,NA,NA,1-2-3----,2,Countries
172,3,1,NA,NA,NA,2,NA,NA,NA,31---2---,1,Individuals
173,1,NA,3,4,NA,NA,NA,NA,2,1-34----2,1,Individuals
174,2,6,4,9,7,5,8,1,3,264975813,2,Countries
175,3,NA,1,4,2,NA,NA,NA,NA,3-142----,2,Countries
176,2,NA,NA,NA,1,NA,3,NA,NA,2---1-3--,1,Individuals
177,3,NA,1,NA,4,NA,NA,NA,2,3-1-4---2,1,Individuals
178,4,7,1,5,8,9,2,6,3,471589263,2,Countries
179,2,NA,3,NA,NA,NA,NA,1,NA,2-3----1-,2,Countries
180,NA,NA,2,5,3,NA,4,NA,1,--253-4-1,2,Countries
181,2,NA,1,4,3,NA,NA,5,NA,2-143--5-,2,Countries
182,3,NA,1,NA,NA,NA,2,NA,NA,3-1---2--,2,Countries
183,NA,3,4,NA,2,NA,NA,NA,1,-34-2---1,1,Individuals
184,2,NA,NA,1,NA,4,NA,NA,3,2--1-4--3,1,Individuals
185,3,NA,1,NA,2,NA,NA,4,NA,3-1-2--4-,1,Individuals
186,NA,2,3,NA,NA,NA,NA,NA,1,-23-----1,1,Individuals
187,1,NA,2,NA,NA,NA,NA,NA,NA,1-2------,2,Countries
188,3,NA,2,1,NA,NA,NA,NA,NA,3-21-----,1,Individuals
189,NA,NA,2,NA,NA,NA,1,NA,NA,--2---1--,1,Individuals
190,1,NA,2,NA,NA,NA,NA,3,NA,1-2----3-,1,Individuals
191,1,NA,6,3,NA,7,2,4,5,1-63-7245,2,Countries
192,5,6,1,7,NA,2,NA,3,4,5617-2-34,2,Countries
193,NA,3,4,NA,NA,NA,NA,1,2,-34----12,1,Individuals
194,4,NA,5,NA,6,NA,2,3,1,4-5-6-231,1,Individuals
195,NA,NA,2,NA,1,NA,NA,3,NA,--2-1--3-,2,Countries
196,1,NA,NA,2,NA,NA,NA,NA,NA,1--2-----,2,Countries
197,NA,NA,3,NA,1,NA,2,NA,NA,--3-1-2--,1,Individuals
198,2,6,1,NA,5,NA,NA,4,3,261-5--43,2,Countries
199,NA,NA,NA,2,4,NA,3,1,NA,---24-31-,2,Countries
200,1,8,2,7,4,5,9,6,3,182745963,2,Countries
201,2,4,1,NA,NA,NA,NA,3,NA,241----3-,1,Individuals
202,5,NA,2,NA,3,NA,NA,4,1,5-2-3--41,1,Individuals
203,4,NA,3,1,NA,NA,NA,2,NA,4-31---2-,1,Individuals
204,2,3,NA,4,1,NA,NA,NA,NA,23-41----,2,Countries
205,NA,NA,NA,1,NA,2,NA,NA,NA,---1-2---,2,Countries
206,NA,2,1,NA,NA,NA,NA,NA,NA,-21------,1,Individuals
207,NA,NA,2,NA,NA,NA,1,NA,NA,--2---1--,2,Countries
208,NA,NA,1,NA,NA,NA,NA,3,2,--1----32,2,Countries
209,1,NA,3,NA,NA,2,NA,NA,NA,1-3--2---,1,Individuals
210,NA,NA,NA,1,NA,NA,2,NA,NA,---1--2--,2,Countries
211,1,NA,2,NA,4,NA,6,5,3,1-2-4-653,2,Countries
212,1,NA,2,5,NA,NA,3,NA,4,1-25--3-4,2,Countries
213,NA,2,NA,NA,NA,1,3,NA,NA,-2---13--,1,Individuals
214,NA,NA,NA,NA,1,NA,2,NA,NA,----1-2--,2,Countries
215,4,NA,NA,3,NA,NA,1,2,NA,4--3--12-,2,Countries
216,NA,NA,1,5,NA,2,4,3,NA,--15-243-,2,Countries
217,2,NA,NA,NA,NA,NA,NA,1,3,2------13,1,Individuals
218,2,NA,1,NA,NA,NA,NA,NA,NA,2-1------,1,Individuals
219,NA,NA,NA,2,NA,NA,3,1,4,---2--314,2,Countries
220,2,3,6,NA,1,NA,4,7,5,236-1-475,1,Individuals
221,1,NA,NA,NA,3,2,NA,NA,NA,1---32---,1,Individuals
222,2,NA,1,NA,5,NA,NA,4,3,2-1-5--43,1,Individuals
223,4,6,2,NA,3,NA,7,1,5,462-3-715,1,Individuals
224,4,NA,5,1,NA,NA,3,NA,2,4-51--3-2,1,Individuals
225,2,NA,1,NA,3,NA,NA,NA,NA,2-1-3----,1,Individuals
226,2,NA,3,NA,1,NA,NA,NA,NA,2-3-1----,2,Countries
227,2,NA,1,NA,3,NA,NA,NA,NA,2-1-3----,1,Individuals
228,1,NA,NA,NA,2,NA,NA,NA,3,1---2---3,2,Countries
229,2,5,3,NA,NA,NA,4,6,1,253---461,1,Individuals
230,NA,NA,1,NA,NA,NA,2,3,4,--1---234,2,Countries
231,2,NA,1,NA,NA,NA,3,NA,NA,2-1---3--,2,Countries
232,2,NA,1,NA,3,NA,NA,NA,NA,2-1-3----,1,Individuals
233,2,NA,1,NA,3,NA,NA,NA,4,2-1-3---4,1,Individuals
234,3,2,7,8,9,1,6,4,5,327891645,1,Individuals
235,3,NA,4,2,NA,NA,NA,1,NA,3-42---1-,2,Countries
236,6,4,2,NA,5,3,NA,NA,1,642-53--1,1,Individuals
237,NA,5,1,NA,6,3,NA,4,2,-51-63-42,2,Countries
238,2,NA,1,NA,NA,NA,NA,NA,3,2-1-----3,1,Individuals
239,2,NA,1,NA,NA,NA,NA,NA,NA,2-1------,1,Individuals
240,2,NA,1,NA,NA,NA,NA,4,3,2-1----43,1,Individuals
241,NA,NA,1,NA,2,NA,NA,NA,NA,--1-2----,2,Countries
242,NA,NA,4,1,NA,NA,2,NA,3,--41--2-3,1,Individuals
243,3,NA,2,NA,1,NA,NA,NA,NA,3-2-1----,2,Countries
244,NA,NA,5,3,NA,NA,4,1,2,--53--412,1,Individuals
245,1,NA,4,NA,NA,NA,3,2,NA,1-4---32-,2,Countries
246,4,5,2,NA,NA,NA,3,NA,1,452---3-1,1,Individuals
247,2,NA,1,NA,3,NA,NA,NA,NA,2-1-3----,1,Individuals
248,4,NA,1,NA,NA,NA,3,5,2,4-1---352,1,Individuals
249,1,NA,3,NA,5,NA,NA,4,2,1-3-5--42,2,Countries
250,2,NA,1,NA,NA,3,NA,NA,NA,2-1--3---,1,Individuals
251,1,5,4,NA,NA,NA,NA,2,3,154----23,1,Individuals
252,NA,NA,NA,1,2,NA,NA,NA,NA,---12----,2,Countries
253,1,NA,3,7,2,NA,5,6,4,1-372-564,1,Individuals
254,4,NA,2,3,NA,NA,5,1,6,4-23--516,1,Individuals
255,2,NA,NA,NA,1,NA,NA,NA,NA,2---1----,1,Individuals
256,NA,NA,NA,1,NA,NA,NA,2,NA,---1---2-,2,Countries
257,2,NA,1,NA,3,NA,4,NA,NA,2-1-3-4--,1,Individuals
258,NA,NA,1,NA,NA,NA,2,4,3,--1---243,1,Individuals
259,1,NA,2,NA,NA,NA,NA,NA,3,1-2-----3,2,Countries
260,8,4,2,1,9,6,7,5,3,842196753,2,Countries
261,3,9,5,4,8,7,2,6,1,395487261,1,Individuals
262,2,3,4,NA,5,1,NA,NA,6,234-51--6,2,Countries
263,4,NA,5,NA,2,NA,1,NA,3,4-5-2-1-3,2,Countries
264,3,NA,1,NA,NA,NA,2,NA,NA,3-1---2--,1,Individuals
265,NA,5,1,NA,4,NA,2,3,NA,-51-4-23-,1,Individuals
266,4,NA,1,5,NA,NA,2,3,NA,4-15--23-,2,Countries
267,2,NA,NA,NA,NA,NA,NA,1,NA,2------1-,2,Countries
268,NA,NA,NA,NA,1,NA,2,NA,NA,----1-2--,1,Individuals
269,NA,2,NA,NA,1,NA,3,NA,NA,-2--1-3--,1,Individuals
270,2,NA,1,NA,NA,NA,NA,3,NA,2-1----3-,2,Countries
271,2,NA,1,NA,NA,NA,NA,NA,NA,2-1------,2,Countries
272,3,4,2,NA,NA,NA,NA,1,NA,342----1-,1,Individuals
273,4,NA,1,NA,NA,NA,3,5,2,4-1---352,2,Countries
274,2,NA,1,3,NA,NA,NA,NA,NA,2-13-----,1,Individuals
275,3,2,4,NA,NA,1,NA,5,NA,324--1-5-,2,Countries
276,2,9,1,5,7,8,6,4,3,291578643,1,Individuals
277,5,NA,1,4,3,NA,NA,NA,2,5-143---2,2,Countries
278,NA,NA,3,NA,NA,NA,NA,1,2,--3----12,1,Individuals
279,NA,NA,NA,1,2,NA,NA,3,NA,---12--3-,1,Individuals
280,4,NA,2,NA,NA,NA,1,3,NA,4-2---13-,1,Individuals
281,NA,NA,2,NA,NA,NA,1,3,NA,--2---13-,2,Countries
282,NA,NA,NA,NA,NA,NA,NA,2,1,-------21,1,Individuals
283,3,NA,4,NA,6,NA,2,5,1,3-4-6-251,1,Individuals
284,4,7,2,8,1,9,5,6,3,472819563,1,Individuals
285,7,1,5,2,9,8,6,4,3,715298643,1,Individuals
286,4,NA,5,NA,3,NA,1,2,NA,4-5-3-12-,2,Countries
287,1,NA,3,NA,2,NA,NA,NA,NA,1-3-2----,2,Countries
288,1,NA,2,4,3,NA,NA,NA,NA,1-243----,2,Countries
289,4,NA,1,2,5,NA,NA,NA,3,4-125---3,2,Countries
290,NA,NA,2,1,NA,NA,3,NA,NA,--21--3--,1,Individuals
291,NA,NA,NA,2,NA,NA,1,NA,NA,---2--1--,2,Countries
292,7,9,2,3,6,5,4,8,1,792365481,2,Countries
293,1,NA,2,NA,4,5,NA,3,6,1-2-45-36,2,Countries
294,3,NA,4,2,1,NA,NA,NA,NA,3-421----,2,Countries
295,1,7,2,9,6,8,5,4,3,172968543,1,Individuals
296,1,NA,NA,NA,NA,4,NA,2,3,1----4-23,1,Individuals
297,NA,NA,NA,3,NA,NA,2,NA,1,---3--2-1,1,Individuals
298,4,5,1,NA,3,NA,NA,NA,2,451-3---2,1,Individuals
299,4,2,5,1,3,NA,6,NA,NA,42513-6--,1,Individuals
300,1,NA,NA,2,NA,NA,NA,NA,NA,1--2-----,2,Countries
301,7,8,1,2,6,9,5,4,3,781269543,2,Countries
302,1,NA,4,NA,NA,NA,3,5,2,1-4---352,2,Countries
303,3,NA,1,NA,NA,NA,NA,2,NA,3-1----2-,1,Individuals
304,3,NA,NA,NA,1,NA,2,NA,NA,3---1-2--,2,Countries
305,1,NA,2,NA,4,NA,5,3,NA,1-2-4-53-,1,Individuals
306,1,NA,NA,NA,NA,NA,NA,2,NA,1------2-,1,Individuals
307,NA,NA,NA,NA,NA,1,2,NA,NA,-----12--,1,Individuals
308,1,NA,2,5,4,7,NA,3,6,1-2547-36,2,Countries
309,1,NA,2,NA,3,NA,4,NA,NA,1-2-3-4--,1,Individuals
310,NA,NA,NA,NA,1,NA,NA,NA,2,----1---2,2,Countries
311,1,NA,NA,2,NA,NA,3,NA,NA,1--2--3--,2,Countries
312,3,NA,2,NA,4,NA,5,NA,1,3-2-4-5-1,1,Individuals
313,2,NA,1,NA,5,NA,3,NA,4,2-1-5-3-4,1,Individuals
314,NA,4,1,NA,2,NA,NA,NA,3,-41-2---3,2,Countries
315,2,NA,3,NA,NA,1,NA,4,NA,2-3--1-4-,2,Countries
316,NA,NA,1,2,NA,NA,NA,3,NA,--12---3-,1,Individuals
317,NA,NA,NA,1,NA,NA,NA,NA,2,---1----2,1,Individuals
318,NA,NA,1,NA,3,NA,NA,2,NA,--1-3--2-,1,Individuals
319,1,NA,2,NA,3,NA,NA,NA,4,1-2-3---4,1,Individuals
320,3,4,1,9,7,6,8,5,2,341976852,2,Countries
321,3,NA,2,NA,NA,NA,NA,NA,1,3-2-----1,1,Individuals
322,3,NA,1,NA,NA,NA,4,NA,2,3-1---4-2,2,Countries
323,3,NA,2,NA,NA,NA,4,NA,1,3-2---4-1,1,Individuals
324,2,NA,1,3,NA,NA,NA,NA,NA,2-13-----,1,Individuals
325,2,NA,1,NA,4,NA,NA,NA,3,2-1-4---3,1,Individuals
326,2,NA,5,4,NA,NA,1,NA,3,2-54--1-3,2,Countries
327,1,NA,2,NA,5,NA,4,3,NA,1-2-5-43-,2,Countries
328,2,NA,NA,NA,NA,1,NA,NA,NA,2----1---,1,Individuals
329,2,NA,NA,NA,4,NA,NA,3,1,2---4--31,2,Countries
330,1,NA,2,NA,NA,NA,4,3,NA,1-2---43-,2,Countries
331,1,NA,2,NA,NA,NA,NA,NA,3,1-2-----3,1,Individuals
332,2,NA,NA,NA,NA,NA,3,NA,1,2-----3-1,1,Individuals
333,NA,NA,NA,4,1,3,NA,2,NA,---413-2-,2,Countries
334,4,NA,2,NA,NA,NA,NA,3,1,4-2----31,2,Countries
335,NA,NA,NA,NA,NA,NA,2,NA,1,------2-1,1,Individuals
336,3,6,2,7,4,9,5,8,1,362749581,1,Individuals
337,2,3,1,4,NA,NA,NA,NA,NA,2314-----,1,Individuals
338,2,NA,1,NA,NA,NA,NA,3,NA,2-1----3-,2,Countries
339,1,NA,3,NA,2,NA,NA,4,5,1-3-2--45,2,Countries
340,NA,NA,NA,4,NA,2,3,5,1,---4-2351,2,Countries
341,NA,NA,2,NA,1,NA,NA,NA,NA,--2-1----,1,Individuals
342,4,6,2,9,8,1,7,5,3,462981753,1,Individuals
343,NA,NA,NA,4,2,NA,1,NA,3,---42-1-3,2,Countries
344,NA,NA,2,3,1,NA,NA,NA,NA,--231----,1,Individuals
345,6,NA,5,NA,4,1,NA,2,3,6-5-41-23,1,Individuals
346,1,NA,NA,NA,NA,2,NA,NA,3,1----2--3,1,Individuals
347,2,3,1,NA,NA,NA,NA,NA,NA,231------,1,Individuals
348,4,7,1,8,5,3,6,9,2,471853692,1,Individuals
349,3,4,2,NA,5,NA,NA,NA,1,342-5---1,1,Individuals
350,NA,NA,1,NA,3,NA,NA,NA,2,--1-3---2,1,Individuals
351,4,NA,2,NA,3,NA,NA,1,NA,4-2-3--1-,2,Countries
352,2,NA,1,NA,NA,NA,3,NA,NA,2-1---3--,2,Countries
353,3,NA,2,4,1,NA,NA,NA,NA,3-241----,2,Countries
354,3,NA,1,NA,NA,NA,NA,4,2,3-1----42,1,Individuals
355,4,9,8,6,3,7,2,1,5,498637215,1,Individuals
356,2,NA,NA,NA,3,NA,NA,NA,1,2---3---1,2,Countries
357,NA,NA,NA,2,NA,NA,1,NA,NA,---2--1--,1,Individuals
358,1,NA,2,NA,NA,NA,NA,3,4,1-2----34,1,Individuals
359,NA,NA,1,NA,2,NA,NA,NA,3,--1-2---3,1,Individuals
360,2,NA,NA,NA,NA,NA,1,NA,NA,2-----1--,2,Countries
361,2,NA,NA,NA,1,NA,NA,3,4,2---1--34,2,Countries
362,1,NA,2,NA,4,NA,NA,5,3,1-2-4--53,1,Individuals
363,2,NA,3,NA,NA,NA,1,NA,NA,2-3---1--,2,Countries
364,NA,4,1,NA,5,3,NA,2,NA,-41-53-2-,2,Countries
365,NA,NA,1,2,NA,NA,NA,3,NA,--12---3-,2,Countries
366,4,NA,1,NA,NA,NA,5,3,2,4-1---532,1,Individuals
367,1,5,4,9,6,7,2,8,3,154967283,1,Individuals
368,3,1,4,NA,NA,2,NA,NA,NA,314--2---,1,Individuals
369,NA,NA,NA,NA,NA,2,1,NA,3,-----21-3,1,Individuals
370,3,NA,1,NA,4,NA,NA,NA,2,3-1-4---2,1,Individuals
371,2,NA,1,NA,NA,4,3,NA,NA,2-1--43--,2,Countries
372,2,NA,1,NA,3,NA,4,NA,NA,2-1-3-4--,2,Countries
373,3,7,2,6,4,9,8,5,1,372649851,1,Individuals
374,NA,NA,NA,1,2,NA,NA,NA,NA,---12----,2,Countries
375,1,NA,2,NA,3,NA,NA,NA,NA,1-2-3----,2,Countries
376,NA,NA,2,NA,1,NA,NA,NA,NA,--2-1----,1,Individuals
377,1,NA,NA,NA,NA,NA,NA,3,2,1------32,1,Individuals
378,NA,NA,2,1,NA,NA,NA,3,NA,--21---3-,2,Countries
379,1,NA,3,NA,2,NA,NA,5,4,1-3-2--54,2,Countries
380,3,2,NA,NA,4,NA,NA,NA,1,32--4---1,2,Countries
381,NA,NA,NA,NA,NA,NA,NA,2,1,-------21,1,Individuals
382,1,NA,2,NA,NA,NA,NA,NA,NA,1-2------,1,Individuals
383,NA,NA,1,NA,NA,NA,2,3,NA,--1---23-,2,Countries
384,1,NA,3,NA,2,NA,NA,4,NA,1-3-2--4-,2,Countries
385,4,3,2,NA,1,NA,NA,NA,NA,432-1----,1,Individuals
386,NA,NA,2,NA,3,1,NA,NA,NA,--2-31---,2,Countries
387,3,NA,NA,2,NA,NA,NA,1,NA,3--2---1-,2,Countries
388,1,3,2,5,NA,NA,NA,4,6,1325---46,2,Countries
389,NA,NA,2,NA,1,NA,NA,NA,NA,--2-1----,1,Individuals
390,2,NA,1,NA,3,NA,NA,NA,NA,2-1-3----,2,Countries
391,2,NA,1,NA,NA,NA,NA,3,4,2-1----34,1,Individuals
392,3,NA,1,NA,NA,NA,NA,2,NA,3-1----2-,1,Individuals
393,2,NA,NA,NA,NA,NA,1,NA,NA,2-----1--,2,Countries
394,NA,NA,NA,2,1,NA,NA,NA,NA,---21----,1,Individuals
395,2,NA,3,5,NA,1,NA,4,NA,2-35-1-4-,2,Countries
396,NA,NA,NA,2,NA,NA,3,4,1,---2--341,2,Countries
397,NA,NA,2,4,1,NA,NA,3,NA,--241--3-,2,Countries
398,1,NA,2,NA,3,NA,NA,4,5,1-2-3--45,1,Individuals
399,2,NA,3,1,NA,NA,4,NA,NA,2-31--4--,2,Countries
400,1,NA,3,NA,4,NA,NA,2,NA,1-3-4--2-,1,Individuals
401,2,3,1,5,NA,NA,NA,NA,4,2315----4,2,Countries
402,1,NA,3,NA,2,NA,NA,NA,NA,1-3-2----,2,Countries
403,4,NA,3,NA,2,NA,NA,NA,1,4-3-2---1,1,Individuals
404,1,NA,NA,NA,NA,3,4,2,NA,1----342-,1,Individuals
405,3,NA,4,NA,NA,NA,2,5,1,3-4---251,1,Individuals
406,NA,NA,NA,2,NA,NA,1,NA,NA,---2--1--,2,Countries
407,NA,NA,NA,1,NA,NA,2,NA,NA,---1--2--,1,Individuals
408,3,NA,6,2,1,4,NA,5,7,3-6214-57,2,Countries
409,NA,NA,NA,NA,NA,NA,NA,2,1,-------21,2,Countries
410,2,NA,5,3,7,NA,1,6,4,2-537-164,2,Countries
411,NA,NA,NA,3,1,NA,2,NA,NA,---31-2--,2,Countries
412,1,NA,2,NA,NA,NA,NA,NA,NA,1-2------,1,Individuals
413,NA,NA,2,NA,NA,1,NA,NA,NA,--2--1---,2,Countries
414,NA,NA,NA,NA,1,3,NA,2,NA,----13-2-,2,Countries
415,3,NA,4,NA,NA,NA,NA,2,1,3-4----21,2,Countries
416,NA,3,1,NA,2,NA,NA,NA,4,-31-2---4,2,Countries
417,2,4,1,NA,NA,NA,NA,5,3,241----53,1,Individuals
418,3,NA,1,NA,NA,2,NA,NA,4,3-1--2--4,2,Countries
419,NA,2,4,NA,1,NA,NA,NA,3,-24-1---3,2,Countries
420,2,NA,1,NA,4,NA,NA,NA,3,2-1-4---3,1,Individuals
421,NA,NA,NA,2,NA,NA,3,4,1,---2--341,2,Countries
422,1,NA,NA,NA,NA,NA,NA,2,NA,1------2-,2,Countries
423,3,4,1,NA,5,NA,6,NA,2,341-5-6-2,1,Individuals
424,2,NA,1,NA,NA,NA,NA,NA,NA,2-1------,1,Individuals
425,3,NA,1,NA,4,NA,NA,2,NA,3-1-4--2-,2,Countries
426,NA,2,NA,1,NA,NA,NA,NA,NA,-2-1-----,2,Countries
427,2,NA,NA,1,NA,NA,3,NA,4,2--1--3-4,2,Countries
428,2,NA,3,4,NA,NA,NA,1,NA,2-34---1-,2,Countries
429,2,NA,1,NA,NA,NA,NA,NA,NA,2-1------,1,Individuals
430,NA,NA,NA,2,NA,NA,NA,1,NA,---2---1-,2,Countries
431,5,NA,3,4,NA,NA,2,NA,1,5-34--2-1,1,Individuals
432,1,NA,NA,NA,4,NA,3,NA,2,1---4-3-2,1,Individuals
433,NA,NA,1,2,NA,3,NA,NA,NA,--12-3---,2,Countries
434,5,NA,4,2,3,NA,6,NA,1,5-423-6-1,2,Countries
435,2,NA,1,NA,NA,NA,NA,3,NA,2-1----3-,1,Individuals
436,4,NA,2,NA,NA,NA,1,NA,3,4-2---1-3,1,Individuals
437,1,NA,2,NA,NA,NA,NA,3,NA,1-2----3-,2,Countries
438,2,3,1,NA,NA,NA,NA,NA,NA,231------,1,Individuals
439,NA,NA,NA,NA,NA,NA,1,2,NA,------12-,2,Countries
440,3,NA,4,NA,5,NA,6,2,1,3-4-5-621,2,Countries
441,2,NA,3,NA,1,NA,NA,NA,NA,2-3-1----,2,Countries
442,NA,NA,NA,2,NA,NA,NA,NA,1,---2----1,1,Individuals
443,1,NA,3,NA,4,NA,NA,NA,2,1-3-4---2,1,Individuals
444,1,NA,3,4,NA,NA,NA,NA,2,1-34----2,1,Individuals
445,1,6,4,8,2,9,5,7,3,164829573,1,Individuals
446,3,NA,NA,1,4,NA,2,NA,NA,3--14-2--,1,Individuals
447,3,1,2,5,6,NA,NA,NA,4,31256---4,1,Individuals
448,NA,NA,NA,1,NA,NA,2,NA,NA,---1--2--,1,Individuals
449,1,NA,3,NA,2,NA,NA,NA,4,1-3-2---4,1,Individuals
450,1,NA,2,3,NA,NA,NA,NA,NA,1-23-----,2,Countries
451,1,NA,NA,2,NA,NA,NA,NA,NA,1--2-----,2,Countries
452,5,7,2,6,8,9,4,3,1,572689431,1,Individuals
453,1,NA,NA,NA,3,NA,NA,2,NA,1---3--2-,1,Individuals
454,2,NA,NA,NA,1,NA,NA,3,4,2---1--34,2,Countries
455,2,NA,3,NA,NA,NA,NA,NA,1,2-3-----1,1,Individuals
456,NA,NA,3,NA,1,2,NA,NA,NA,--3-12---,2,Countries
457,NA,3,NA,2,NA,NA,NA,NA,1,-3-2----1,1,Individuals
458,3,9,2,8,4,7,5,6,1,392847561,1,Individuals
459,2,NA,1,NA,NA,NA,NA,NA,3,2-1-----3,1,Individuals
460,2,NA,4,NA,3,NA,NA,5,1,2-4-3--51,1,Individuals
461,4,2,3,NA,1,NA,NA,NA,NA,423-1----,2,Countries
462,1,NA,NA,NA,NA,NA,NA,2,NA,1------2-,1,Individuals
463,5,4,3,1,NA,NA,NA,NA,2,5431----2,1,Individuals
464,5,NA,1,NA,3,NA,NA,4,2,5-1-3--42,1,Individuals
465,NA,NA,NA,2,1,NA,NA,NA,NA,---21----,1,Individuals
466,NA,NA,2,NA,NA,3,NA,4,1,--2--3-41,1,Individuals
467,3,6,4,NA,5,NA,7,2,1,364-5-721,1,Individuals
468,NA,NA,NA,NA,2,1,NA,NA,NA,----21---,2,Countries
469,1,NA,NA,NA,NA,NA,NA,NA,2,1-------2,1,Individuals
470,2,5,NA,NA,3,NA,NA,1,4,25--3--14,2,Countries
471,NA,NA,NA,NA,NA,NA,NA,2,1,-------21,1,Individuals
472,NA,NA,3,2,NA,NA,NA,4,1,--32---41,1,Individuals
473,4,NA,3,5,1,2,6,NA,NA,4-35126--,2,Countries
474,2,NA,3,5,1,NA,4,NA,NA,2-351-4--,2,Countries
475,2,5,1,NA,4,NA,NA,3,NA,251-4--3-,1,Individuals
476,2,NA,1,NA,NA,NA,NA,3,NA,2-1----3-,1,Individuals
477,1,NA,3,NA,2,NA,NA,NA,NA,1-3-2----,1,Individuals
478,2,NA,1,NA,NA,NA,NA,NA,NA,2-1------,1,Individuals
479,2,NA,1,NA,NA,NA,NA,NA,NA,2-1------,2,Countries
480,1,NA,3,NA,NA,NA,NA,NA,2,1-3-----2,2,Countries
481,2,NA,1,3,4,5,NA,NA,NA,2-1345---,2,Countries
482,1,NA,NA,NA,NA,NA,NA,2,3,1------23,2,Countries
483,NA,4,1,2,NA,NA,NA,NA,3,-412----3,1,Individuals
484,NA,3,2,NA,4,NA,NA,NA,1,-32-4---1,1,Individuals
485,6,2,3,NA,7,NA,5,4,1,623-7-541,1,Individuals
486,NA,NA,NA,NA,1,NA,3,2,4,----1-324,2,Countries
487,3,NA,1,NA,4,NA,NA,5,2,3-1-4--52,1,Individuals
488,3,NA,5,NA,2,1,NA,4,NA,3-5-21-4-,2,Countries
489,1,NA,NA,NA,NA,NA,2,3,NA,1-----23-,2,Countries
490,3,8,7,2,4,9,6,5,1,387249651,1,Individuals
491,3,NA,NA,NA,NA,2,NA,NA,1,3----2--1,1,Individuals
492,1,9,3,5,2,8,4,7,6,193528476,2,Countries
493,NA,NA,3,1,NA,NA,NA,2,NA,--31---2-,2,Countries
494,1,8,4,5,3,7,2,6,NA,18453726-,2,Countries
495,2,NA,1,NA,NA,NA,NA,4,3,2-1----43,2,Countries
496,6,NA,5,2,4,NA,3,7,1,6-524-371,2,Countries
497,NA,NA,1,NA,NA,2,NA,NA,NA,--1--2---,2,Countries
498,NA,NA,1,4,3,NA,NA,2,NA,--143--2-,2,Countries
499,NA,NA,4,2,NA,NA,3,5,1,--42--351,2,Countries
500,3,NA,2,NA,4,NA,NA,NA,1,3-2-4---1,2,Countries
501,1,NA,NA,NA,2,NA,NA,NA,NA,1---2----,2,Countries
502,2,NA,1,NA,NA,NA,NA,4,3,2-1----43,1,Individuals
503,4,NA,NA,3,NA,NA,2,1,NA,4--3--21-,2,Countries
504,2,NA,1,NA,4,3,NA,NA,NA,2-1-43---,1,Individuals
505,NA,3,4,2,NA,NA,NA,NA,1,-342----1,1,Individuals
506,1,NA,NA,NA,2,NA,NA,NA,NA,1---2----,2,Countries
507,3,2,4,NA,1,NA,NA,NA,NA,324-1----,2,Countries
508,NA,NA,2,NA,4,NA,NA,3,1,--2-4--31,1,Individuals
509,2,NA,3,4,1,NA,NA,NA,NA,2-341----,2,Countries
510,4,NA,3,1,NA,NA,NA,NA,2,4-31----2,2,Countries
511,NA,NA,1,2,5,NA,4,NA,3,--125-4-3,1,Individuals
512,3,4,1,NA,2,NA,5,NA,NA,341-2-5--,2,Countries
513,NA,NA,NA,2,NA,NA,NA,NA,1,---2----1,2,Countries
514,NA,NA,3,1,NA,NA,2,NA,4,--31--2-4,1,Individuals
515,4,NA,3,NA,1,NA,NA,2,NA,4-3-1--2-,2,Countries
516,NA,NA,NA,1,NA,NA,2,NA,NA,---1--2--,2,Countries
517,3,NA,1,NA,2,NA,NA,NA,4,3-1-2---4,1,Individuals
518,2,NA,1,NA,3,NA,NA,NA,NA,2-1-3----,2,Countries
519,3,NA,1,NA,4,NA,NA,5,2,3-1-4--52,1,Individuals
520,NA,NA,1,NA,NA,NA,2,NA,3,--1---2-3,2,Countries
521,NA,2,NA,NA,NA,4,1,5,3,-2---4153,1,Individuals
522,3,4,2,NA,NA,NA,NA,NA,1,342-----1,1,Individuals
523,NA,NA,NA,NA,3,1,NA,2,NA,----31-2-,1,Individuals
524,1,8,5,4,6,NA,7,2,3,18546-723,2,Countries
525,2,NA,NA,4,NA,NA,1,NA,3,2--4--1-3,2,Countries
526,3,NA,2,NA,4,NA,NA,5,1,3-2-4--51,2,Countries
527,1,NA,2,NA,NA,NA,3,NA,NA,1-2---3--,2,Countries
528,2,NA,1,NA,NA,NA,NA,NA,NA,2-1------,1,Individuals
529,2,NA,NA,NA,NA,1,3,NA,NA,2----13--,2,Countries
530,1,NA,2,NA,3,NA,NA,NA,NA,1-2-3----,1,Individuals
531,5,7,4,NA,6,NA,3,1,2,574-6-312,1,Individuals
532,NA,3,1,NA,NA,4,NA,NA,2,-31--4--2,1,Individuals
533,3,NA,4,2,NA,NA,NA,1,NA,3-42---1-,1,Individuals
534,1,NA,2,NA,NA,NA,NA,NA,NA,1-2------,2,Countries
535,2,NA,1,NA,NA,NA,NA,NA,3,2-1-----3,1,Individuals
536,8,4,1,6,7,NA,3,2,5,84167-325,2,Countries
537,3,NA,NA,NA,NA,NA,NA,2,1,3------21,1,Individuals
538,3,NA,2,NA,NA,1,NA,NA,NA,3-2--1---,1,Individuals
539,1,NA,4,2,6,5,NA,3,NA,1-4265-3-,2,Countries
540,3,NA,2,NA,4,NA,NA,NA,1,3-2-4---1,2,Countries
541,1,NA,3,NA,NA,5,NA,2,4,1-3--5-24,2,Countries
542,NA,NA,2,NA,3,4,NA,NA,1,--2-34--1,2,Countries
543,NA,NA,NA,2,NA,NA,4,1,3,---2--413,2,Countries
544,1,NA,3,NA,2,NA,5,4,NA,1-3-2-54-,2,Countries
545,1,NA,2,NA,5,NA,NA,4,3,1-2-5--43,1,Individuals
546,2,NA,1,NA,4,NA,3,NA,NA,2-1-4-3--,1,Individuals
547,NA,NA,4,2,NA,NA,NA,3,1,--42---31,2,Countries
548,NA,4,2,NA,5,3,1,NA,NA,-42-531--,2,Countries
549,5,2,4,6,8,3,7,9,1,524683791,2,Countries
550,2,NA,NA,4,NA,3,NA,NA,1,2--4-3--1,1,Individuals
551,3,NA,4,NA,NA,NA,1,5,2,3-4---152,2,Countries
552,4,NA,3,NA,NA,NA,NA,2,1,4-3----21,1,Individuals
553,NA,NA,5,1,3,NA,2,NA,4,--513-2-4,2,Countries
554,NA,NA,1,NA,NA,NA,2,NA,3,--1---2-3,1,Individuals
555,4,5,1,NA,3,NA,NA,NA,2,451-3---2,2,Countries
556,1,NA,4,3,NA,2,5,NA,NA,1-43-25--,2,Countries
557,3,NA,NA,5,2,NA,4,1,NA,3--52-41-,1,Individuals
558,1,NA,3,5,NA,4,6,NA,2,1-35-46-2,2,Countries
559,2,NA,1,NA,3,NA,NA,4,NA,2-1-3--4-,2,Countries
560,3,NA,2,NA,NA,NA,NA,NA,1,3-2-----1,1,Individuals
561,4,NA,1,2,5,NA,3,NA,NA,4-125-3--,2,Countries
562,2,NA,1,NA,3,NA,NA,NA,NA,2-1-3----,2,Countries
563,3,7,2,6,5,4,8,9,1,372654891,1,Individuals
564,1,NA,5,7,6,NA,4,2,3,1-576-423,1,Individuals
565,NA,NA,NA,3,1,NA,NA,4,2,---31--42,2,Countries
566,4,NA,3,1,NA,NA,2,NA,NA,4-31--2--,2,Countries
567,3,NA,1,NA,2,NA,4,NA,NA,3-1-2-4--,2,Countries
568,NA,3,2,NA,1,5,NA,NA,4,-32-15--4,2,Countries
569,3,NA,5,NA,4,NA,NA,2,1,3-5-4--21,1,Individuals
570,NA,NA,NA,NA,3,1,NA,2,NA,----31-2-,1,Individuals
571,5,1,NA,NA,2,NA,4,NA,3,51--2-4-3,2,Countries
572,2,NA,3,NA,NA,NA,NA,1,NA,2-3----1-,1,Individuals
573,1,NA,2,5,4,NA,NA,3,NA,1-254--3-,1,Individuals
574,3,NA,2,NA,1,NA,NA,NA,NA,3-2-1----,2,Countries
575,NA,NA,1,NA,NA,2,NA,NA,NA,--1--2---,1,Individuals
576,NA,NA,NA,1,NA,NA,2,NA,NA,---1--2--,2,Countries
577,2,5,1,NA,4,NA,NA,6,3,251-4--63,1,Individuals
578,1,NA,NA,NA,3,4,NA,2,NA,1---34-2-,2,Countries
579,1,NA,NA,3,NA,NA,NA,NA,2,1--3----2,2,Countries
580,5,9,6,7,8,2,3,4,1,596782341,2,Countries
581,2,NA,NA,NA,1,NA,NA,NA,NA,2---1----,2,Countries
582,3,NA,4,NA,1,NA,NA,NA,2,3-4-1---2,2,Countries
583,3,NA,4,2,1,NA,NA,NA,NA,3-421----,1,Individuals
584,1,NA,NA,NA,5,NA,3,2,4,1---5-324,2,Countries
585,2,4,3,5,NA,NA,NA,NA,1,2435----1,1,Individuals
586,NA,1,3,NA,2,NA,NA,NA,4,-13-2---4,1,Individuals
587,5,9,1,8,3,7,6,4,2,591837642,1,Individuals
588,NA,NA,NA,NA,NA,NA,1,2,NA,------12-,2,Countries
589,5,NA,4,1,6,NA,7,3,2,5-416-732,2,Countries
590,2,NA,4,3,NA,NA,NA,1,NA,2-43---1-,2,Countries
591,3,NA,2,7,5,NA,6,4,1,3-275-641,1,Individuals
592,1,NA,3,NA,NA,NA,4,2,NA,1-3---42-,2,Countries
593,1,3,4,NA,NA,NA,NA,2,NA,134----2-,1,Individuals
594,2,NA,1,NA,4,NA,3,NA,NA,2-1-4-3--,2,Countries
595,NA,NA,NA,3,4,NA,NA,1,2,---34--12,2,Countries
596,1,NA,5,3,NA,NA,4,2,NA,1-53--42-,2,Countries
597,3,4,1,5,NA,NA,NA,NA,2,3415----2,1,Individuals
598,4,NA,2,NA,NA,NA,3,5,1,4-2---351,2,Countries
599,7,5,6,2,9,3,1,4,8,756293148,2,Countries
600,NA,NA,3,1,NA,NA,NA,2,NA,--31---2-,2,Countries
601,3,NA,NA,NA,1,NA,NA,NA,2,3---1---2,1,Individuals
602,NA,NA,NA,2,NA,1,NA,NA,NA,---2-1---,1,Individuals
603,3,NA,1,NA,NA,NA,4,NA,2,3-1---4-2,2,Countries
604,NA,NA,NA,2,NA,NA,1,NA,NA,---2--1--,2,Countries
605,NA,NA,1,2,NA,NA,3,4,5,--12--345,2,Countries
606,2,NA,1,NA,4,NA,NA,3,NA,2-1-4--3-,2,Countries
607,2,NA,4,6,1,NA,NA,5,3,2-461--53,1,Individuals
608,1,NA,NA,NA,NA,NA,NA,2,3,1------23,2,Countries
609,NA,NA,1,NA,2,3,NA,NA,NA,--1-23---,2,Countries
610,NA,NA,2,3,NA,1,NA,NA,NA,--23-1---,2,Countries
611,4,2,1,NA,3,NA,NA,6,5,421-3--65,2,Countries
612,NA,NA,1,NA,2,3,NA,NA,4,--1-23--4,1,Individuals
613,4,NA,NA,1,NA,6,3,5,2,4--1-6352,2,Countries
614,2,6,1,NA,5,NA,NA,4,3,261-5--43,2,Countries
615,3,NA,1,5,2,NA,NA,NA,4,3-152---4,1,Individuals
616,3,NA,6,7,2,NA,5,1,4,3-672-514,1,Individuals
617,2,4,1,NA,3,6,NA,5,7,241-36-57,2,Countries
618,NA,NA,2,1,NA,NA,NA,NA,NA,--21-----,1,Individuals
619,NA,NA,NA,1,NA,NA,NA,NA,2,---1----2,2,Countries
620,6,3,1,NA,4,NA,NA,5,2,631-4--52,1,Individuals
621,NA,NA,1,NA,NA,NA,NA,NA,2,--1-----2,1,Individuals
622,NA,NA,2,1,NA,3,NA,NA,NA,--21-3---,2,Countries
623,3,NA,1,NA,2,NA,NA,NA,NA,3-1-2----,2,Countries
624,3,NA,1,NA,NA,2,NA,NA,NA,3-1--2---,1,Individuals
625,4,NA,2,NA,NA,NA,NA,1,3,4-2----13,1,Individuals
626,NA,NA,NA,1,NA,NA,2,3,NA,---1--23-,2,Countries
627,4,NA,NA,NA,NA,2,NA,3,1,4----2-31,2,Countries
628,2,NA,3,NA,6,NA,5,4,1,2-3-6-541,1,Individuals
629,1,NA,2,NA,NA,NA,NA,3,4,1-2----34,2,Countries
630,1,NA,3,NA,2,NA,NA,4,NA,1-3-2--4-,1,Individuals
631,NA,NA,NA,2,NA,NA,1,NA,NA,---2--1--,1,Individuals
632,1,3,4,7,2,NA,6,NA,5,13472-6-5,2,Countries
633,6,8,2,1,3,9,5,4,7,682139547,2,Countries
634,2,NA,1,NA,3,NA,NA,4,NA,2-1-3--4-,2,Countries
635,2,1,NA,NA,NA,NA,NA,NA,NA,21-------,1,Individuals
636,NA,NA,NA,2,NA,NA,NA,NA,1,---2----1,2,Countries
637,1,NA,NA,3,NA,NA,NA,NA,2,1--3----2,2,Countries
638,NA,NA,2,NA,3,NA,4,NA,1,--2-3-4-1,1,Individuals
639,5,NA,1,NA,2,NA,3,4,6,5-1-2-346,2,Countries
640,NA,NA,NA,1,NA,NA,NA,2,NA,---1---2-,2,Countries
641,1,NA,2,4,NA,NA,3,NA,NA,1-24--3--,1,Individuals
642,NA,NA,2,NA,1,NA,NA,NA,NA,--2-1----,2,Countries
643,1,NA,NA,3,NA,NA,NA,2,NA,1--3---2-,1,Individuals
644,1,NA,NA,2,3,NA,4,NA,NA,1--23-4--,2,Countries
645,1,3,2,NA,5,NA,4,7,6,132-5-476,2,Countries
646,2,NA,4,NA,3,1,NA,NA,NA,2-4-31---,2,Countries
647,2,NA,1,5,NA,NA,NA,4,3,2-15---43,2,Countries
648,NA,NA,5,1,7,4,6,3,2,--5174632,2,Countries
649,NA,NA,NA,1,NA,NA,NA,2,NA,---1---2-,2,Countries
650,NA,NA,2,NA,1,NA,NA,3,4,--2-1--34,1,Individuals
651,NA,NA,1,2,NA,NA,NA,NA,NA,--12-----,2,Countries
652,1,NA,NA,NA,NA,NA,2,NA,NA,1-----2--,2,Countries
653,6,8,4,1,7,NA,2,5,3,68417-253,1,Individuals
654,4,NA,2,NA,NA,NA,1,3,NA,4-2---13-,1,Individuals
655,3,NA,NA,2,NA,1,NA,NA,NA,3--2-1---,2,Countries
656,NA,NA,1,2,NA,NA,NA,NA,NA,--12-----,2,Countries
657,NA,NA,4,NA,NA,1,3,2,NA,--4--132-,2,Countries
658,NA,NA,2,NA,1,NA,NA,NA,3,--2-1---3,2,Countries
659,4,NA,5,NA,2,3,NA,NA,1,4-5-23--1,2,Countries
660,2,NA,1,4,NA,NA,NA,NA,3,2-14----3,1,Individuals
661,7,4,3,8,5,6,9,2,1,743856921,1,Individuals
662,1,NA,4,NA,3,NA,NA,2,5,1-4-3--25,1,Individuals
663,1,NA,2,7,5,NA,6,4,3,1-275-643,1,Individuals
664,4,NA,1,6,2,NA,5,NA,3,4-162-5-3,2,Countries
665,2,NA,1,NA,NA,NA,NA,NA,NA,2-1------,1,Individuals
666,2,NA,3,1,NA,NA,NA,NA,NA,2-31-----,2,Countries
667,NA,NA,4,2,NA,NA,1,NA,3,--42--1-3,1,Individuals
668,2,NA,1,NA,3,NA,NA,NA,NA,2-1-3----,2,Countries
669,2,3,1,NA,NA,NA,NA,NA,NA,231------,1,Individuals
670,3,NA,2,NA,NA,NA,NA,4,1,3-2----41,1,Individuals
671,NA,NA,NA,NA,NA,NA,NA,2,1,-------21,2,Countries
672,1,NA,3,NA,4,NA,5,6,2,1-3-4-562,2,Countries
673,3,NA,4,NA,2,NA,5,NA,1,3-4-2-5-1,1,Individuals
674,3,NA,2,1,NA,NA,NA,NA,NA,3-21-----,2,Countries
675,2,NA,NA,1,NA,NA,NA,NA,NA,2--1-----,2,Countries
676,NA,NA,2,NA,4,1,NA,NA,3,--2-41--3,1,Individuals
677,4,NA,5,NA,2,3,NA,1,NA,4-5-23-1-,1,Individuals
678,1,4,2,NA,3,NA,NA,5,6,142-3--56,2,Countries
679,5,NA,2,3,6,NA,7,4,1,5-236-741,1,Individuals
680,1,NA,2,NA,NA,NA,NA,NA,NA,1-2------,1,Individuals
681,6,NA,2,1,7,NA,3,5,4,6-217-354,1,Individuals
682,3,NA,2,4,5,NA,NA,6,1,3-245--61,1,Individuals
683,2,NA,4,NA,3,NA,1,NA,NA,2-4-3-1--,2,Countries
684,2,NA,1,5,NA,NA,NA,3,4,2-15---34,2,Countries
685,NA,NA,3,NA,4,1,NA,NA,2,--3-41--2,1,Individuals
686,1,NA,6,NA,3,2,NA,4,5,1-6-32-45,2,Countries
687,4,NA,2,6,1,NA,7,3,5,4-261-735,2,Countries
688,NA,1,NA,4,3,NA,NA,2,NA,-1-43--2-,2,Countries
689,NA,NA,3,5,4,6,7,1,2,--3546712,2,Countries
690,NA,NA,2,NA,NA,NA,NA,1,NA,--2----1-,2,Countries
691,2,NA,NA,1,NA,NA,NA,NA,NA,2--1-----,1,Individuals
692,1,NA,NA,NA,NA,2,NA,NA,NA,1----2---,2,Countries
693,4,8,5,3,7,6,2,1,NA,48537621-,1,Individuals
694,1,NA,NA,3,NA,4,NA,2,NA,1--3-4-2-,2,Countries
695,NA,NA,2,NA,NA,NA,NA,1,NA,--2----1-,1,Individuals
696,1,NA,NA,2,NA,NA,NA,NA,NA,1--2-----,1,Individuals
697,NA,NA,NA,4,NA,NA,1,2,3,---4--123,2,Countries
698,2,NA,3,NA,1,NA,NA,NA,4,2-3-1---4,2,Countries
699,NA,NA,NA,2,NA,1,NA,NA,NA,---2-1---,2,Countries
700,6,4,1,NA,2,NA,5,7,3,641-2-573,1,Individuals
701,2,NA,1,NA,3,NA,NA,NA,4,2-1-3---4,2,Countries
702,3,NA,4,NA,2,NA,5,6,1,3-4-2-561,2,Countries
703,2,NA,1,NA,5,NA,NA,3,4,2-1-5--34,2,Countries
704,2,NA,1,NA,NA,NA,3,4,5,2-1---345,2,Countries
705,1,3,2,NA,5,NA,6,4,NA,132-5-64-,1,Individuals
706,2,NA,1,NA,3,NA,NA,NA,NA,2-1-3----,1,Individuals
707,NA,NA,NA,1,NA,NA,2,NA,NA,---1--2--,1,Individuals
708,1,NA,2,NA,NA,NA,NA,NA,3,1-2-----3,1,Individuals
709,3,5,4,NA,2,NA,6,NA,1,354-2-6-1,1,Individuals
710,4,NA,3,NA,NA,NA,2,1,5,4-3---215,1,Individuals
711,1,NA,2,7,5,4,6,NA,3,1-27546-3,1,Individuals
712,4,1,3,NA,NA,NA,2,NA,NA,413---2--,2,Countries
713,2,NA,NA,1,4,NA,NA,NA,3,2--14---3,1,Individuals
714,2,NA,3,NA,1,NA,NA,NA,NA,2-3-1----,2,Countries
715,3,NA,NA,NA,NA,NA,1,2,NA,3-----12-,2,Countries
716,2,NA,NA,NA,NA,NA,NA,3,1,2------31,2,Countries
717,NA,NA,NA,3,NA,NA,2,NA,1,---3--2-1,2,Countries
718,4,NA,2,NA,5,NA,NA,3,1,4-2-5--31,1,Individuals
719,3,NA,NA,1,NA,NA,NA,2,NA,3--1---2-,2,Countries
720,NA,NA,1,4,6,NA,5,3,2,--146-532,2,Countries
721,1,7,4,9,3,8,5,6,2,174938562,2,Countries
722,2,NA,1,NA,4,NA,NA,NA,3,2-1-4---3,2,Countries
723,NA,NA,1,3,NA,NA,2,NA,4,--13--2-4,1,Individuals
724,2,NA,1,4,NA,NA,NA,NA,3,2-14----3,2,Countries
725,2,NA,3,NA,NA,NA,NA,1,NA,2-3----1-,2,Countries
726,NA,NA,1,NA,NA,NA,2,NA,NA,--1---2--,2,Countries
727,NA,1,NA,3,NA,NA,2,NA,NA,-1-3--2--,2,Countries
728,4,NA,3,NA,1,NA,2,NA,NA,4-3-1-2--,2,Countries
729,NA,NA,1,2,4,NA,3,NA,NA,--124-3--,2,Countries
730,NA,NA,NA,NA,2,1,NA,NA,NA,----21---,1,Individuals
731,1,NA,2,NA,3,NA,NA,NA,NA,1-2-3----,2,Countries
732,4,NA,NA,NA,NA,1,NA,3,2,4----1-32,1,Individuals
733,3,NA,NA,NA,1,NA,NA,2,NA,3---1--2-,2,Countries
734,NA,2,1,NA,NA,NA,NA,NA,NA,-21------,1,Individuals
735,1,NA,2,NA,NA,NA,NA,NA,NA,1-2------,1,Individuals
736,1,7,2,6,8,9,4,5,3,172689453,1,Individuals
737,2,NA,1,NA,NA,NA,NA,NA,NA,2-1------,2,Countries
738,NA,NA,1,NA,3,2,NA,NA,4,--1-32--4,1,Individuals
739,NA,NA,1,NA,2,NA,NA,NA,3,--1-2---3,2,Countries
740,1,NA,NA,NA,NA,NA,2,NA,NA,1-----2--,1,Individuals
741,4,2,NA,7,6,1,NA,5,3,42-761-53,2,Countries
742,NA,NA,NA,2,NA,NA,1,NA,NA,---2--1--,1,Individuals
743,1,5,2,NA,4,NA,NA,NA,3,152-4---3,1,Individuals
744,2,NA,1,NA,3,NA,NA,NA,NA,2-1-3----,1,Individuals
745,2,NA,1,NA,3,NA,NA,NA,4,2-1-3---4,2,Countries
746,NA,NA,2,NA,NA,NA,1,NA,NA,--2---1--,2,Countries
747,2,NA,NA,NA,3,NA,NA,1,NA,2---3--1-,1,Individuals
748,4,NA,5,NA,1,NA,NA,2,3,4-5-1--23,2,Countries
749,1,NA,2,NA,5,3,NA,NA,4,1-2-53--4,2,Countries
750,NA,3,NA,NA,2,NA,NA,NA,1,-3--2---1,1,Individuals
751,2,NA,1,5,NA,NA,3,NA,4,2-15--3-4,1,Individuals
752,NA,NA,2,NA,NA,NA,1,NA,NA,--2---1--,2,Countries
753,1,5,6,2,7,3,NA,NA,4,156273--4,1,Individuals
754,1,7,3,8,4,9,5,2,6,173849526,2,Countries
755,2,1,NA,NA,NA,NA,NA,NA,NA,21-------,1,Individuals
756,NA,NA,1,NA,NA,4,3,NA,2,--1--43-2,2,Countries
757,2,NA,1,3,4,NA,NA,NA,NA,2-134----,1,Individuals
758,NA,NA,NA,1,NA,NA,2,NA,3,---1--2-3,2,Countries
759,3,NA,1,NA,4,NA,NA,NA,2,3-1-4---2,2,Countries
760,2,5,4,NA,3,7,NA,6,1,254-37-61,2,Countries
761,2,NA,3,5,4,NA,NA,1,NA,2-354--1-,2,Countries
762,4,NA,2,NA,NA,NA,3,NA,1,4-2---3-1,1,Individuals
763,1,NA,NA,3,NA,NA,2,NA,4,1--3--2-4,2,Countries
764,2,NA,4,NA,3,1,NA,NA,NA,2-4-31---,2,Countries
765,2,NA,NA,1,3,NA,NA,NA,NA,2--13----,1,Individuals
766,3,NA,2,5,1,NA,NA,4,6,3-251--46,2,Countries
767,3,NA,2,NA,NA,NA,NA,4,1,3-2----41,1,Individuals
768,5,NA,3,NA,1,4,2,NA,NA,5-3-142--,1,Individuals
769,1,NA,3,NA,NA,NA,NA,4,2,1-3----42,1,Individuals
770,2,4,1,8,3,9,7,6,5,241839765,2,Countries
771,3,4,1,NA,NA,NA,NA,NA,2,341-----2,1,Individuals
772,2,NA,3,NA,1,NA,NA,NA,NA,2-3-1----,2,Countries
773,1,NA,NA,NA,4,3,NA,2,NA,1---43-2-,2,Countries
774,2,1,NA,NA,NA,NA,NA,NA,NA,21-------,1,Individuals
775,NA,NA,1,NA,NA,2,NA,NA,NA,--1--2---,2,Countries
776,3,NA,1,NA,NA,NA,2,NA,4,3-1---2-4,1,Individuals
777,NA,NA,NA,1,NA,2,NA,NA,NA,---1-2---,1,Individuals
778,3,NA,1,NA,NA,NA,NA,2,NA,3-1----2-,2,Countries
779,2,3,1,NA,4,NA,NA,NA,5,231-4---5,1,Individuals
780,NA,NA,NA,2,NA,NA,1,NA,NA,---2--1--,2,Countries
781,NA,NA,1,NA,3,4,NA,NA,2,--1-34--2,1,Individuals
782,3,NA,2,5,NA,NA,1,NA,4,3-25--1-4,2,Countries
783,NA,NA,2,3,1,NA,NA,NA,NA,--231----,1,Individuals
784,3,2,NA,NA,NA,1,NA,NA,NA,32---1---,1,Individuals
785,3,NA,1,4,NA,NA,NA,NA,2,3-14----2,2,Countries
786,NA,NA,1,NA,2,NA,NA,NA,NA,--1-2----,1,Individuals
787,NA,NA,2,NA,1,NA,NA,3,NA,--2-1--3-,2,Countries
788,4,NA,1,3,2,NA,NA,NA,NA,4-132----,2,Countries
789,NA,1,NA,2,NA,NA,NA,NA,NA,-1-2-----,2,Countries
790,2,NA,1,NA,NA,NA,NA,3,NA,2-1----3-,1,Individuals
791,NA,NA,NA,2,NA,1,3,NA,NA,---2-13--,1,Individuals
792,3,NA,4,NA,2,NA,NA,1,NA,3-4-2--1-,2,Countries
793,NA,NA,NA,1,NA,NA,2,3,NA,---1--23-,2,Countries
794,NA,NA,NA,2,1,NA,NA,NA,NA,---21----,2,Countries
795,1,NA,2,6,4,NA,5,3,NA,1-264-53-,2,Countries
796,NA,NA,1,NA,4,NA,NA,3,2,--1-4--32,1,Individuals
797,NA,3,2,NA,NA,NA,4,1,NA,-32---41-,1,Individuals
798,2,NA,NA,3,NA,NA,1,4,NA,2--3--14-,2,Countries
799,NA,NA,4,2,1,NA,3,5,NA,--421-35-,2,Countries
800,2,NA,NA,1,NA,NA,NA,NA,3,2--1----3,2,Countries
801,4,NA,1,5,NA,NA,NA,2,3,4-15---23,2,Countries
802,4,NA,2,NA,NA,NA,NA,3,1,4-2----31,2,Countries
803,1,NA,2,6,4,NA,NA,3,5,1-264--35,1,Individuals
804,2,NA,1,NA,NA,NA,NA,NA,NA,2-1------,1,Individuals
805,2,NA,4,NA,1,NA,NA,3,NA,2-4-1--3-,1,Individuals
806,NA,NA,NA,NA,3,4,NA,2,1,----34-21,1,Individuals
807,2,NA,3,1,4,NA,NA,NA,NA,2-314----,1,Individuals
808,4,NA,1,NA,NA,NA,3,2,5,4-1---325,2,Countries
809,2,NA,1,NA,NA,4,NA,3,NA,2-1--4-3-,2,Countries
810,NA,NA,NA,1,NA,2,NA,NA,NA,---1-2---,2,Countries
811,4,NA,3,1,6,NA,2,NA,5,4-316-2-5,1,Individuals
812,3,NA,4,NA,2,NA,NA,1,NA,3-4-2--1-,2,Countries
813,2,NA,1,7,4,NA,3,6,5,2-174-365,2,Countries
814,1,2,NA,NA,NA,NA,NA,NA,NA,12-------,2,Countries
815,4,NA,2,NA,3,NA,1,5,NA,4-2-3-15-,2,Countries
816,3,5,2,9,1,8,7,6,4,352918764,2,Countries
817,3,4,NA,NA,NA,NA,2,1,NA,34----21-,2,Countries
818,2,NA,1,NA,NA,NA,NA,NA,NA,2-1------,1,Individuals
819,2,NA,1,NA,NA,NA,NA,NA,NA,2-1------,2,Countries
820,3,NA,1,NA,NA,NA,NA,2,NA,3-1----2-,2,Countries
821,3,NA,4,1,NA,NA,5,2,NA,3-41--52-,2,Countries
822,3,4,1,NA,2,NA,5,6,NA,341-2-56-,1,Individuals
823,4,7,1,NA,5,NA,6,2,3,471-5-623,1,Individuals
824,1,NA,2,5,3,NA,NA,4,NA,1-253--4-,2,Countries
825,2,NA,1,NA,NA,NA,4,3,NA,2-1---43-,2,Countries
826,2,NA,1,NA,NA,NA,NA,NA,3,2-1-----3,1,Individuals
827,2,NA,1,5,6,3,4,NA,NA,2-15634--,1,Individuals
828,3,NA,2,NA,NA,NA,4,NA,1,3-2---4-1,1,Individuals
829,NA,NA,1,NA,NA,3,NA,2,NA,--1--3-2-,2,Countries
830,NA,NA,1,4,NA,NA,2,3,NA,--14--23-,2,Countries
831,1,NA,NA,4,3,NA,NA,2,NA,1--43--2-,2,Countries
832,4,8,1,7,5,9,3,6,2,481759362,1,Individuals
833,2,NA,1,NA,3,NA,NA,NA,4,2-1-3---4,1,Individuals
834,2,6,1,7,3,NA,5,8,4,26173-584,1,Individuals
835,2,8,6,7,9,4,5,3,1,286794531,1,Individuals
836,3,NA,NA,NA,NA,2,NA,NA,1,3----2--1,2,Countries
837,NA,2,4,1,5,NA,3,NA,6,-2415-3-6,2,Countries
838,6,NA,3,4,5,NA,NA,1,2,6-345--12,2,Countries
839,NA,NA,1,NA,2,NA,NA,NA,NA,--1-2----,2,Countries
840,2,3,1,NA,4,NA,NA,NA,NA,231-4----,1,Individuals
841,2,NA,1,NA,NA,NA,NA,3,NA,2-1----3-,2,Countries
842,3,7,1,8,5,9,4,6,2,371859462,1,Individuals
843,3,4,1,NA,2,NA,NA,NA,NA,341-2----,2,Countries
844,4,5,1,NA,2,NA,NA,3,NA,451-2--3-,1,Individuals
845,3,NA,2,1,NA,NA,NA,NA,NA,3-21-----,2,Countries
846,1,NA,3,NA,2,NA,NA,NA,NA,1-3-2----,2,Countries
847,NA,2,1,NA,NA,3,NA,NA,NA,-21--3---,1,Individuals
848,3,NA,NA,1,NA,NA,2,NA,NA,3--1--2--,1,Individuals
849,NA,NA,1,2,NA,NA,NA,NA,3,--12----3,2,Countries
850,3,5,1,NA,NA,4,NA,2,NA,351--4-2-,1,Individuals
851,3,NA,1,4,2,7,NA,6,5,3-1427-65,2,Countries
852,4,NA,3,NA,2,NA,NA,NA,1,4-3-2---1,2,Countries
853,NA,NA,1,NA,NA,NA,2,NA,NA,--1---2--,1,Individuals
854,4,8,2,6,7,9,5,3,1,482679531,2,Countries
855,3,NA,2,NA,NA,4,NA,5,1,3-2--4-51,1,Individuals
856,NA,NA,2,NA,1,NA,NA,NA,NA,--2-1----,2,Countries
857,3,4,1,NA,2,NA,NA,NA,5,341-2---5,1,Individuals
858,1,NA,NA,2,NA,NA,NA,NA,3,1--2----3,2,Countries
859,1,NA,4,NA,NA,3,2,NA,NA,1-4--32--,1,Individuals
860,2,NA,NA,3,1,NA,NA,NA,4,2--31---4,2,Countries
861,5,NA,NA,3,1,4,NA,2,NA,5--314-2-,2,Countries
862,NA,NA,NA,1,NA,NA,2,NA,NA,---1--2--,1,Individuals
863,NA,NA,3,1,NA,2,NA,NA,4,--31-2--4,1,Individuals
864,5,NA,1,NA,4,NA,NA,3,2,5-1-4--32,2,Countries
865,NA,2,NA,NA,NA,1,NA,3,NA,-2---1-3-,2,Countries
866,3,NA,1,NA,NA,NA,NA,2,NA,3-1----2-,1,Individuals
867,NA,1,2,NA,3,NA,NA,NA,NA,-12-3----,1,Individuals
868,NA,NA,2,NA,NA,NA,1,3,NA,--2---13-,2,Countries
869,1,NA,2,NA,NA,NA,4,3,NA,1-2---43-,2,Countries
870,1,4,3,9,8,5,2,6,7,143985267,1,Individuals
871,3,2,NA,5,NA,NA,NA,4,1,32-5---41,1,Individuals
872,1,2,NA,3,4,NA,NA,NA,NA,12-34----,2,Countries
873,NA,2,5,NA,3,1,NA,4,6,-25-31-46,2,Countries
874,2,NA,NA,NA,1,NA,NA,NA,NA,2---1----,2,Countries
875,4,NA,NA,2,3,NA,NA,NA,1,4--23---1,1,Individuals
876,5,NA,2,NA,4,NA,NA,3,1,5-2-4--31,1,Individuals
877,NA,NA,NA,NA,NA,NA,2,1,NA,------21-,2,Countries
878,NA,NA,1,NA,NA,NA,4,3,2,--1---432,2,Countries
879,2,NA,3,NA,4,NA,NA,1,NA,2-3-4--1-,2,Countries
880,1,NA,3,NA,2,NA,NA,NA,NA,1-3-2----,2,Countries
881,NA,NA,NA,1,NA,NA,2,NA,NA,---1--2--,2,Countries
882,8,7,5,3,4,1,2,6,9,875341269,2,Countries
883,1,NA,2,NA,NA,NA,NA,NA,3,1-2-----3,2,Countries
884,NA,1,NA,NA,NA,2,NA,NA,NA,-1---2---,2,Countries
885,3,4,1,NA,NA,NA,NA,2,NA,341----2-,1,Individuals
886,6,2,4,NA,5,NA,1,3,7,624-5-137,1,Individuals
887,NA,NA,NA,NA,2,3,NA,1,NA,----23-1-,2,Countries
888,2,NA,1,NA,3,NA,NA,NA,NA,2-1-3----,1,Individuals
889,NA,NA,1,2,NA,NA,NA,NA,NA,--12-----,2,Countries
890,1,NA,2,NA,4,NA,3,NA,NA,1-2-4-3--,1,Individuals
891,NA,NA,NA,NA,2,NA,NA,1,NA,----2--1-,2,Countries
892,NA,NA,NA,NA,1,NA,NA,NA,2,----1---2,1,Individuals
893,NA,NA,NA,2,NA,4,3,NA,1,---2-43-1,2,Countries
894,NA,NA,2,NA,NA,NA,3,1,NA,--2---31-,2,Countries
895,4,NA,2,NA,NA,NA,3,1,NA,4-2---31-,1,Individuals
896,NA,NA,1,NA,NA,NA,2,NA,NA,--1---2--,1,Individuals
897,NA,NA,2,NA,1,NA,NA,NA,NA,--2-1----,2,Countries
898,2,5,NA,NA,1,4,NA,NA,3,25--14--3,1,Individuals
899,2,6,3,NA,5,NA,NA,4,1,263-5--41,1,Individuals
900,4,NA,1,NA,3,NA,NA,2,NA,4-1-3--2-,1,Individuals
901,NA,NA,NA,2,NA,NA,1,NA,NA,---2--1--,2,Countries
902,NA,NA,1,NA,2,NA,NA,NA,NA,--1-2----,1,Individuals
903,6,1,4,NA,5,3,NA,2,NA,614-53-2-,2,Countries
904,3,7,5,2,1,NA,6,NA,4,37521-6-4,1,Individuals
905,2,NA,1,NA,NA,NA,3,NA,NA,2-1---3--,2,Countries
906,2,NA,1,4,NA,NA,3,NA,NA,2-14--3--,2,Countries
907,5,3,6,2,1,NA,NA,4,NA,53621--4-,2,Countries
908,1,NA,2,4,3,NA,NA,NA,5,1-243---5,1,Individuals
909,1,NA,2,NA,NA,NA,4,3,NA,1-2---43-,1,Individuals
910,NA,2,1,NA,NA,NA,NA,NA,NA,-21------,1,Individuals
911,1,NA,2,NA,NA,NA,NA,NA,3,1-2-----3,1,Individuals
912,5,1,3,NA,2,NA,NA,4,NA,513-2--4-,2,Countries
913,1,NA,2,3,NA,NA,NA,NA,NA,1-23-----,1,Individuals
914,NA,NA,2,NA,NA,NA,NA,NA,1,--2-----1,1,Individuals
915,4,3,1,NA,2,NA,NA,NA,NA,431-2----,1,Individuals
916,NA,NA,3,2,NA,NA,4,NA,1,--32--4-1,1,Individuals
917,2,NA,1,NA,NA,NA,NA,NA,NA,2-1------,2,Countries
918,NA,NA,2,1,NA,NA,NA,NA,NA,--21-----,2,Countries
919,2,NA,1,NA,NA,NA,NA,NA,NA,2-1------,2,Countries
920,3,NA,2,NA,NA,1,NA,NA,4,3-2--1--4,2,Countries
921,2,NA,1,NA,NA,NA,NA,3,NA,2-1----3-,1,Individuals
922,3,8,1,4,2,9,7,5,6,381429756,1,Individuals
923,NA,NA,NA,NA,NA,NA,NA,2,1,-------21,1,Individuals
924,NA,NA,1,NA,3,2,NA,NA,NA,--1-32---,2,Countries
925,NA,4,3,NA,1,NA,NA,2,NA,-43-1--2-,1,Individuals
926,1,NA,4,5,3,NA,NA,2,NA,1-453--2-,2,Countries
927,NA,NA,NA,2,NA,NA,3,NA,1,---2--3-1,1,Individuals
928,2,NA,1,NA,NA,5,NA,4,3,2-1--5-43,1,Individuals
929,2,NA,1,NA,3,NA,NA,NA,NA,2-1-3----,2,Countries
930,2,NA,5,NA,4,NA,3,NA,1,2-5-4-3-1,1,Individuals
931,1,NA,3,NA,NA,NA,NA,4,2,1-3----42,1,Individuals
932,NA,NA,2,4,5,NA,3,NA,1,--245-3-1,2,Countries
933,2,NA,NA,NA,NA,3,NA,NA,1,2----3--1,1,Individuals
934,4,NA,2,NA,3,NA,NA,NA,1,4-2-3---1,1,Individuals
935,NA,NA,2,NA,1,NA,NA,NA,NA,--2-1----,2,Countries
936,NA,NA,NA,2,NA,NA,NA,1,NA,---2---1-,2,Countries
937,2,NA,1,NA,NA,NA,NA,3,NA,2-1----3-,2,Countries
938,2,NA,1,NA,NA,3,NA,NA,NA,2-1--3---,1,Individuals
939,2,NA,4,6,NA,NA,5,3,1,2-46--531,1,Individuals
940,3,NA,4,1,NA,NA,5,NA,2,3-41--5-2,2,Countries
941,1,NA,2,NA,NA,NA,3,NA,NA,1-2---3--,2,Countries
942,3,NA,2,NA,NA,NA,NA,NA,1,3-2-----1,1,Individuals
943,3,4,1,NA,2,6,NA,5,NA,341-26-5-,1,Individuals
944,1,NA,NA,NA,NA,NA,NA,2,NA,1------2-,2,Countries
945,2,1,NA,NA,NA,NA,NA,NA,NA,21-------,1,Individuals
946,NA,NA,1,NA,NA,2,NA,NA,NA,--1--2---,2,Countries
947,1,NA,NA,NA,2,NA,NA,NA,NA,1---2----,2,Countries
948,5,NA,4,NA,NA,NA,2,3,1,5-4---231,1,Individuals
949,2,NA,4,NA,5,NA,3,1,6,2-4-5-316,2,Countries
950,4,7,2,NA,6,NA,3,5,1,472-6-351,1,Individuals
951,NA,NA,1,2,NA,NA,NA,3,NA,--12---3-,2,Countries
952,3,NA,NA,NA,1,NA,NA,2,NA,3---1--2-,1,Individuals
953,3,4,2,NA,1,NA,NA,NA,NA,342-1----,2,Countries
954,2,NA,NA,NA,NA,1,NA,NA,NA,2----1---,1,Individuals
955,2,NA,NA,NA,1,NA,4,3,NA,2---1-43-,2,Countries
956,1,NA,2,NA,3,NA,NA,NA,NA,1-2-3----,1,Individuals
957,NA,NA,2,NA,1,NA,NA,NA,NA,--2-1----,1,Individuals
958,1,3,2,NA,7,8,6,5,4,132-78654,2,Countries
959,1,2,NA,NA,NA,4,NA,NA,3,12---4--3,2,Countries
960,1,NA,2,NA,NA,NA,NA,3,NA,1-2----3-,2,Countries
961,NA,NA,NA,2,NA,1,NA,NA,NA,---2-1---,1,Individuals
962,1,9,8,6,5,7,2,4,3,198657243,2,Countries
963,2,NA,1,NA,NA,NA,NA,3,NA,2-1----3-,2,Countries
964,1,NA,2,NA,NA,NA,NA,NA,NA,1-2------,2,Countries
965,NA,NA,NA,NA,1,3,NA,2,NA,----13-2-,1,Individuals
966,3,5,2,NA,NA,4,NA,NA,1,352--4--1,2,Countries
967,NA,NA,NA,NA,NA,2,1,NA,NA,-----21--,2,Countries
968,2,NA,1,NA,NA,NA,3,NA,NA,2-1---3--,2,Countries
969,2,NA,3,5,4,NA,NA,1,NA,2-354--1-,2,Countries
970,2,NA,1,NA,NA,NA,NA,3,NA,2-1----3-,2,Countries
971,NA,NA,NA,2,NA,NA,1,NA,NA,---2--1--,1,Individuals
972,2,9,1,8,5,3,7,4,6,291853746,1,Individuals
973,NA,NA,NA,1,NA,NA,NA,NA,2,---1----2,2,Countries
974,1,NA,3,NA,NA,NA,2,NA,4,1-3---2-4,2,Countries
975,2,NA,1,NA,NA,NA,NA,3,NA,2-1----3-,1,Individuals
976,1,NA,NA,NA,NA,NA,NA,2,3,1------23,2,Countries
977,1,NA,2,NA,4,NA,NA,NA,3,1-2-4---3,1,Individuals
978,NA,NA,NA,1,NA,2,NA,NA,NA,---1-2---,1,Individuals
979,3,NA,2,NA,NA,NA,NA,NA,1,3-2-----1,1,Individuals
980,1,NA,3,NA,4,2,NA,NA,NA,1-3-42---,1,Individuals
981,4,5,1,NA,3,NA,NA,NA,2,451-3---2,1,Individuals
982,7,6,2,9,1,8,5,4,3,762918543,1,Individuals
983,NA,NA,NA,2,NA,NA,1,NA,NA,---2--1--,2,Countries
984,1,NA,3,NA,NA,NA,NA,4,2,1-3----42,1,Individuals
985,1,NA,2,NA,4,NA,NA,3,NA,1-2-4--3-,2,Countries
986,1,NA,5,3,NA,2,4,NA,NA,1-53-24--,2,Countries
987,NA,1,4,NA,2,3,NA,NA,NA,-14-23---,1,Individuals
988,1,NA,2,NA,3,NA,NA,NA,NA,1-2-3----,1,Individuals
989,2,1,7,NA,6,NA,4,3,5,217-6-435,2,Countries
990,2,NA,1,NA,NA,NA,NA,NA,NA,2-1------,1,Individuals
991,1,NA,3,NA,2,NA,NA,NA,4,1-3-2---4,2,Countries
992,NA,1,NA,NA,2,NA,NA,3,NA,-1--2--3-,1,Individuals
993,8,6,2,NA,7,3,5,1,4,862-73514,2,Countries
994,2,NA,3,NA,NA,1,NA,NA,NA,2-3--1---,1,Individuals
995,NA,NA,4,2,NA,NA,3,5,1,--42--351,1,Individuals
996,1,NA,3,NA,2,NA,NA,NA,NA,1-3-2----,1,Individuals
997,1,NA,NA,3,NA,2,4,NA,NA,1--3-24--,2,Countries
998,1,NA,4,3,NA,NA,5,2,NA,1-43--52-,2,Countries
999,3,NA,1,2,5,NA,7,4,6,3-125-746,2,Countries
1000,2,NA,3,NA,NA,NA,4,NA,1,2-3---4-1,1,Individuals
1001,NA,NA,NA,2,NA,NA,NA,1,NA,---2---1-,2,Countries
1002,NA,NA,4,NA,5,NA,3,2,1,--4-5-321,1,Individuals
1003,4,NA,1,NA,2,5,NA,NA,3,4-1-25--3,1,Individuals
1004,2,NA,3,NA,1,NA,5,4,NA,2-3-1-54-,1,Individuals
1005,7,NA,3,6,5,NA,1,4,2,7-365-142,1,Individuals
1006,NA,NA,NA,NA,1,2,NA,3,NA,----12-3-,1,Individuals
1007,4,NA,5,3,NA,NA,2,NA,1,4-53--2-1,2,Countries
1008,NA,2,1,NA,4,NA,NA,NA,3,-21-4---3,1,Individuals
1009,2,9,3,8,7,6,5,1,4,293876514,2,Countries
1010,5,4,1,NA,2,NA,NA,6,3,541-2--63,1,Individuals
1011,NA,NA,2,NA,NA,NA,NA,NA,1,--2-----1,2,Countries
1012,NA,NA,NA,1,NA,NA,NA,2,NA,---1---2-,1,Individuals
1013,2,3,1,NA,NA,NA,NA,NA,4,231-----4,1,Individuals
1014,6,3,5,NA,2,NA,NA,4,1,635-2--41,1,Individuals
1015,1,6,5,7,3,9,8,2,4,165739824,2,Countries
1016,2,NA,NA,NA,NA,NA,NA,NA,1,2-------1,1,Individuals
1017,7,NA,2,3,6,NA,5,4,1,7-236-541,2,Countries
1018,NA,NA,NA,NA,2,NA,1,NA,NA,----2-1--,1,Individuals
1019,1,NA,NA,3,2,NA,NA,NA,NA,1--32----,2,Countries
1020,NA,NA,3,2,1,NA,NA,4,NA,--321--4-,2,Countries
1021,6,5,3,4,7,8,9,1,2,653478912,2,Countries
1022,NA,NA,3,NA,1,2,NA,NA,4,--3-12--4,1,Individuals
1023,NA,NA,NA,4,NA,3,2,NA,1,---4-32-1,1,Individuals
1024,3,NA,NA,NA,NA,NA,4,2,1,3-----421,1,Individuals
1025,4,NA,1,6,2,NA,3,5,NA,4-162-35-,1,Individuals
1026,3,NA,2,NA,NA,NA,4,NA,1,3-2---4-1,1,Individuals
1027,2,NA,NA,1,NA,NA,NA,NA,3,2--1----3,2,Countries
1028,4,5,1,NA,2,NA,NA,NA,3,451-2---3,1,Individuals
1029,2,NA,1,NA,3,NA,NA,NA,NA,2-1-3----,2,Countries
1030,3,NA,4,5,NA,NA,2,NA,1,3-45--2-1,2,Countries
1031,2,3,4,NA,1,5,NA,NA,NA,234-15---,2,Countries
1032,2,NA,1,3,4,NA,NA,NA,NA,2-134----,2,Countries
1033,1,NA,2,NA,3,NA,NA,4,NA,1-2-3--4-,2,Countries
1034,1,NA,2,NA,3,NA,NA,NA,4,1-2-3---4,2,Countries
1035,NA,NA,3,5,4,NA,6,1,2,--354-612,1,Individuals
1036,5,3,8,2,4,NA,1,6,7,53824-167,2,Countries
1037,NA,NA,NA,1,2,NA,NA,NA,NA,---12----,2,Countries
1038,1,3,2,9,4,6,8,7,5,132946875,1,Individuals
1039,6,7,1,NA,2,NA,3,5,4,671-2-354,1,Individuals
1040,NA,NA,2,NA,1,NA,NA,NA,NA,--2-1----,1,Individuals
1041,4,NA,1,NA,3,5,2,NA,NA,4-1-352--,2,Countries
1042,3,NA,1,NA,2,NA,NA,NA,NA,3-1-2----,2,Countries
1043,3,NA,2,6,5,NA,NA,4,1,3-265--41,1,Individuals
1044,4,NA,6,3,NA,NA,2,1,5,4-63--215,2,Countries
1045,8,7,4,NA,1,6,2,5,3,874-16253,2,Countries
1046,NA,NA,NA,1,NA,NA,3,4,2,---1--342,2,Countries
1047,4,NA,1,3,NA,2,NA,NA,NA,4-13-2---,2,Countries
1048,1,NA,2,NA,NA,NA,4,5,3,1-2---453,2,Countries
1049,NA,2,NA,NA,NA,NA,NA,3,1,-2-----31,1,Individuals
1050,3,NA,1,2,NA,NA,NA,NA,4,3-12----4,1,Individuals
1051,NA,NA,NA,3,NA,NA,NA,2,1,---3---21,2,Countries
1052,3,NA,4,NA,NA,NA,NA,2,1,3-4----21,1,Individuals
1053,1,5,8,3,4,9,2,6,7,158349267,2,Countries
1054,1,4,3,NA,5,NA,7,6,2,143-5-762,1,Individuals
1055,1,3,4,NA,NA,NA,5,NA,2,134---5-2,2,Countries
1056,1,4,2,NA,3,NA,6,NA,5,142-3-6-5,1,Individuals
1057,3,NA,2,NA,NA,NA,NA,1,NA,3-2----1-,2,Countries
1058,NA,NA,NA,1,NA,3,2,NA,NA,---1-32--,1,Individuals
1059,NA,2,NA,NA,NA,NA,NA,1,3,-2-----13,1,Individuals
1060,3,5,2,7,1,6,4,8,9,352716489,1,Individuals
1061,3,NA,4,NA,NA,NA,5,1,2,3-4---512,2,Countries
1062,2,NA,1,NA,4,NA,5,6,3,2-1-4-563,1,Individuals
1063,2,NA,1,NA,NA,NA,NA,NA,NA,2-1------,1,Individuals
1064,3,NA,1,NA,NA,NA,NA,2,NA,3-1----2-,1,Individuals
1065,5,NA,NA,3,NA,NA,2,4,1,5--3--241,2,Countries
1066,3,NA,2,1,NA,NA,NA,4,NA,3-21---4-,2,Countries
1067,NA,NA,NA,NA,1,2,NA,NA,3,----12--3,1,Individuals
1068,3,NA,4,1,NA,NA,2,NA,5,3-41--2-5,2,Countries
1069,2,NA,1,5,NA,NA,NA,4,3,2-15---43,1,Individuals
1070,3,NA,4,NA,1,NA,NA,NA,2,3-4-1---2,1,Individuals
1071,2,NA,1,NA,NA,NA,NA,NA,NA,2-1------,1,Individuals
1072,2,NA,NA,NA,4,NA,1,3,NA,2---4-13-,2,Countries
1073,3,NA,2,NA,NA,NA,1,4,5,3-2---145,1,Individuals
1074,4,2,1,6,NA,NA,3,5,7,4216--357,2,Countries
1075,NA,NA,3,NA,NA,NA,2,NA,1,--3---2-1,2,Countries
1076,4,NA,2,NA,NA,NA,NA,3,1,4-2----31,1,Individuals
1077,3,NA,NA,1,NA,2,4,NA,NA,3--1-24--,1,Individuals
1078,NA,NA,1,NA,NA,NA,NA,NA,2,--1-----2,2,Countries
1079,3,NA,NA,4,1,NA,NA,2,NA,3--41--2-,2,Countries
1080,1,2,NA,NA,NA,4,NA,3,NA,12---4-3-,2,Countries
1081,3,NA,2,NA,NA,NA,NA,NA,1,3-2-----1,1,Individuals
1082,5,4,1,8,3,9,7,6,2,541839762,2,Countries
1083,NA,NA,2,NA,1,NA,NA,NA,3,--2-1---3,1,Individuals
1084,NA,NA,2,NA,NA,1,NA,NA,NA,--2--1---,2,Countries
1085,1,NA,4,NA,NA,NA,3,2,NA,1-4---32-,1,Individuals
1086,1,6,3,NA,4,NA,NA,2,5,163-4--25,2,Countries
1087,2,4,1,NA,3,5,NA,6,NA,241-35-6-,2,Countries
1088,1,3,2,NA,4,NA,NA,NA,NA,132-4----,1,Individuals
1089,3,NA,NA,5,NA,NA,4,2,1,3--5--421,2,Countries
1090,NA,4,NA,NA,3,NA,1,NA,2,-4--3-1-2,1,Individuals
1091,NA,3,2,NA,1,NA,NA,NA,4,-32-1---4,1,Individuals
1092,3,NA,4,2,NA,NA,NA,1,NA,3-42---1-,2,Countries
1093,NA,NA,NA,2,NA,NA,1,NA,NA,---2--1--,1,Individuals
1094,4,9,7,3,2,8,5,1,6,497328516,2,Countries
1095,3,NA,NA,NA,NA,2,NA,1,NA,3----2-1-,1,Individuals
1096,NA,NA,1,NA,3,NA,NA,2,NA,--1-3--2-,1,Individuals
1097,1,NA,3,NA,4,NA,NA,NA,2,1-3-4---2,1,Individuals
1098,2,NA,3,NA,NA,NA,NA,1,NA,2-3----1-,2,Countries
1099,4,2,3,NA,NA,NA,NA,NA,1,423-----1,2,Countries
1100,3,NA,2,1,NA,NA,NA,NA,NA,3-21-----,1,Individuals
1101,1,3,NA,NA,NA,NA,NA,2,NA,13-----2-,2,Countries
1102,3,NA,2,NA,NA,NA,NA,4,1,3-2----41,1,Individuals
1103,2,NA,1,NA,4,NA,NA,NA,3,2-1-4---3,1,Individuals
1104,3,6,1,9,2,4,7,8,5,361924785,1,Individuals
1105,1,NA,NA,4,NA,NA,3,2,NA,1--4--32-,2,Countries
1106,NA,NA,1,2,NA,NA,NA,3,NA,--12---3-,1,Individuals
1107,5,8,3,4,7,9,6,1,2,583479612,1,Individuals
1108,2,NA,NA,4,NA,NA,3,NA,1,2--4--3-1,2,Countries
1109,NA,NA,NA,2,NA,NA,1,3,NA,---2--13-,2,Countries
1110,NA,NA,NA,NA,NA,NA,NA,2,1,-------21,2,Countries
1111,1,NA,3,NA,2,NA,4,5,NA,1-3-2-45-,1,Individuals
1112,NA,NA,2,NA,NA,NA,NA,NA,1,--2-----1,1,Individuals
1113,2,NA,3,NA,NA,NA,NA,4,1,2-3----41,1,Individuals
1114,3,NA,2,4,NA,NA,NA,NA,1,3-24----1,1,Individuals
1115,2,5,3,1,6,NA,4,NA,NA,25316-4--,2,Countries
1116,NA,NA,3,2,1,NA,NA,NA,NA,--321----,1,Individuals
1117,4,NA,1,NA,2,5,NA,NA,3,4-1-25--3,1,Individuals
1118,2,NA,1,NA,3,NA,NA,NA,4,2-1-3---4,1,Individuals
1119,1,NA,3,NA,2,NA,NA,4,NA,1-3-2--4-,2,Countries
1120,3,NA,2,NA,NA,NA,4,5,1,3-2---451,1,Individuals
1121,4,NA,1,5,2,NA,NA,NA,3,4-152---3,1,Individuals
1122,2,NA,1,NA,NA,NA,NA,NA,NA,2-1------,2,Countries
1123,NA,NA,NA,1,NA,NA,2,3,4,---1--234,1,Individuals
1124,NA,NA,NA,1,NA,NA,2,3,NA,---1--23-,2,Countries
1125,4,NA,3,NA,2,NA,NA,NA,1,4-3-2---1,1,Individuals
1126,2,NA,6,5,3,1,NA,NA,4,2-6531--4,1,Individuals
1127,2,NA,4,1,NA,NA,5,NA,3,2-41--5-3,2,Countries
1128,NA,4,NA,NA,1,NA,2,NA,3,-4--1-2-3,1,Individuals
1129,2,NA,NA,5,4,NA,3,1,NA,2--54-31-,2,Countries
1130,5,NA,1,7,6,NA,4,3,2,5-176-432,2,Countries
1131,4,NA,1,2,NA,NA,3,NA,NA,4-12--3--,2,Countries
1132,6,1,2,3,5,8,4,9,7,612358497,2,Countries
1133,2,NA,6,3,7,NA,1,5,4,2-637-154,1,Individuals
1134,2,NA,5,1,NA,NA,4,3,NA,2-51--43-,2,Countries
1135,4,NA,1,NA,2,NA,3,NA,5,4-1-2-3-5,1,Individuals
1136,NA,NA,NA,NA,1,NA,NA,NA,2,----1---2,1,Individuals
1137,1,NA,3,NA,2,NA,NA,NA,4,1-3-2---4,2,Countries
1138,1,NA,NA,NA,NA,NA,3,NA,2,1-----3-2,1,Individuals
1139,1,NA,2,NA,NA,NA,3,NA,NA,1-2---3--,2,Countries
1140,NA,2,NA,NA,NA,NA,1,NA,NA,-2----1--,1,Individuals
1141,1,NA,2,NA,3,NA,NA,NA,NA,1-2-3----,1,Individuals
1142,NA,4,2,NA,NA,NA,3,5,1,-42---351,2,Countries
1143,1,NA,3,4,NA,NA,2,NA,NA,1-34--2--,1,Individuals
1144,NA,NA,NA,2,NA,1,3,NA,NA,---2-13--,1,Individuals
1145,5,NA,2,1,4,NA,NA,3,NA,5-214--3-,1,Individuals
1146,1,NA,2,NA,4,NA,NA,NA,3,1-2-4---3,1,Individuals
1147,NA,NA,2,1,NA,NA,3,NA,4,--21--3-4,1,Individuals
1148,1,NA,3,NA,NA,NA,NA,2,4,1-3----24,2,Countries
1149,NA,NA,3,NA,2,1,NA,NA,NA,--3-21---,1,Individuals
1150,4,NA,1,NA,2,NA,NA,NA,3,4-1-2---3,1,Individuals
1151,NA,NA,2,NA,3,NA,NA,NA,1,--2-3---1,1,Individuals
1152,2,4,NA,NA,1,5,NA,3,NA,24--15-3-,2,Countries
1153,NA,3,2,NA,1,NA,NA,NA,NA,-32-1----,1,Individuals
1154,2,NA,3,NA,NA,NA,NA,4,1,2-3----41,1,Individuals
1155,1,2,NA,3,NA,NA,NA,NA,4,12-3----4,2,Countries
1156,2,6,3,4,1,NA,NA,5,NA,26341--5-,2,Countries
1157,NA,NA,NA,3,4,NA,1,NA,2,---34-1-2,2,Countries
1158,3,4,1,NA,NA,NA,NA,NA,2,341-----2,2,Countries
1159,NA,NA,NA,1,NA,3,NA,2,NA,---1-3-2-,2,Countries
1160,3,NA,2,4,NA,NA,NA,1,NA,3-24---1-,1,Individuals
1161,2,1,5,NA,NA,NA,NA,4,3,215----43,1,Individuals
1162,1,NA,NA,2,NA,NA,3,NA,NA,1--2--3--,2,Countries
1163,2,NA,3,NA,4,NA,NA,1,NA,2-3-4--1-,1,Individuals
1164,6,NA,5,NA,3,NA,1,2,4,6-5-3-124,1,Individuals
1165,3,NA,1,NA,4,2,NA,NA,NA,3-1-42---,2,Countries
1166,1,NA,2,NA,4,NA,3,NA,NA,1-2-4-3--,1,Individuals
1167,NA,NA,NA,2,NA,NA,1,NA,NA,---2--1--,1,Individuals
1168,3,NA,2,NA,NA,NA,NA,1,4,3-2----14,2,Countries
1169,1,NA,NA,4,NA,NA,NA,2,3,1--4---23,2,Countries
1170,1,NA,3,NA,2,NA,NA,NA,NA,1-3-2----,2,Countries
1171,1,NA,3,NA,4,NA,NA,2,NA,1-3-4--2-,2,Countries
1172,NA,NA,1,NA,NA,NA,2,NA,NA,--1---2--,1,Individuals
1173,NA,NA,4,NA,2,NA,NA,3,1,--4-2--31,2,Countries
1174,NA,1,NA,NA,NA,2,3,NA,4,-1---23-4,1,Individuals
1175,1,NA,2,NA,4,NA,NA,5,3,1-2-4--53,1,Individuals
1176,NA,NA,1,NA,2,NA,NA,NA,NA,--1-2----,2,Countries
1177,1,5,NA,NA,4,NA,2,3,NA,15--4-23-,2,Countries
1178,2,3,1,NA,NA,NA,NA,NA,NA,231------,1,Individuals
1179,1,NA,4,NA,3,NA,NA,5,2,1-4-3--52,2,Countries
1180,6,3,2,NA,1,4,NA,5,NA,632-14-5-,2,Countries
1181,3,NA,1,7,4,NA,6,2,5,3-174-625,2,Countries
1182,NA,NA,1,NA,NA,NA,3,NA,2,--1---3-2,2,Countries
1183,NA,NA,NA,NA,NA,NA,NA,2,1,-------21,2,Countries
1184,NA,3,NA,NA,NA,1,NA,2,NA,-3---1-2-,1,Individuals
1185,NA,NA,4,NA,1,NA,2,3,5,--4-1-235,1,Individuals
1186,4,NA,3,NA,NA,NA,5,2,1,4-3---521,1,Individuals
1187,NA,NA,2,NA,3,NA,NA,4,1,--2-3--41,1,Individuals
1188,NA,NA,NA,1,NA,NA,NA,NA,2,---1----2,1,Individuals
1189,4,NA,1,2,NA,NA,NA,NA,3,4-12----3,2,Countries
1190,NA,2,3,NA,1,NA,NA,NA,NA,-23-1----,1,Individuals
1191,2,NA,3,1,4,NA,NA,NA,NA,2-314----,2,Countries
1192,2,NA,1,NA,5,NA,NA,4,3,2-1-5--43,1,Individuals
1193,3,NA,5,NA,1,4,NA,2,NA,3-5-14-2-,2,Countries
1194,1,NA,NA,4,NA,NA,2,NA,3,1--4--2-3,1,Individuals
1195,4,NA,3,NA,1,2,NA,NA,NA,4-3-12---,2,Countries
1196,NA,3,2,NA,NA,NA,NA,NA,1,-32-----1,1,Individuals
1197,3,4,1,NA,5,NA,NA,NA,2,341-5---2,1,Individuals
1198,NA,NA,NA,NA,NA,NA,2,1,NA,------21-,2,Countries
1199,5,NA,3,1,2,NA,NA,4,NA,5-312--4-,1,Individuals
1200,1,NA,NA,2,3,NA,NA,NA,NA,1--23----,2,Countries
1201,NA,2,NA,NA,1,NA,NA,NA,NA,-2--1----,2,Countries
1202,NA,NA,NA,2,NA,NA,1,NA,3,---2--1-3,2,Countries
1203,NA,NA,NA,2,NA,NA,1,NA,NA,---2--1--,1,Individuals
1204,1,NA,NA,NA,NA,NA,NA,2,NA,1------2-,2,Countries
1205,3,NA,1,NA,NA,NA,2,NA,NA,3-1---2--,1,Individuals
1206,NA,NA,NA,4,2,NA,3,NA,1,---42-3-1,2,Countries
1207,NA,NA,3,1,NA,NA,NA,NA,2,--31----2,1,Individuals
1208,NA,2,NA,NA,3,1,NA,NA,NA,-2--31---,2,Countries
1209,4,NA,2,NA,1,NA,NA,3,NA,4-2-1--3-,1,Individuals
1210,3,NA,1,NA,2,NA,NA,NA,NA,3-1-2----,1,Individuals
1211,4,NA,5,3,2,NA,NA,NA,1,4-532---1,1,Individuals
1212,NA,4,3,2,NA,NA,NA,NA,1,-432----1,2,Countries
1213,4,5,NA,NA,2,1,NA,3,6,45--21-36,2,Countries
1214,1,NA,NA,NA,2,NA,NA,4,3,1---2--43,1,Individuals
1215,NA,NA,NA,2,NA,NA,3,NA,1,---2--3-1,1,Individuals
1216,NA,NA,NA,NA,NA,NA,NA,1,2,-------12,2,Countries
1217,4,1,8,2,5,9,6,3,7,418259637,2,Countries
1218,2,NA,5,4,NA,NA,1,6,3,2-54--163,2,Countries
1219,NA,NA,1,NA,NA,NA,NA,3,2,--1----32,2,Countries
1220,4,3,6,NA,1,5,NA,NA,2,436-15--2,2,Countries
1221,4,NA,1,NA,5,NA,2,3,6,4-1-5-236,1,Individuals
1222,3,5,4,8,2,9,6,7,1,354829671,1,Individuals
1223,NA,1,NA,3,NA,NA,2,NA,NA,-1-3--2--,2,Countries
1224,NA,2,3,NA,1,NA,NA,NA,NA,-23-1----,1,Individuals
1225,3,NA,2,NA,1,NA,NA,NA,NA,3-2-1----,2,Countries
1226,2,NA,1,NA,NA,NA,NA,3,NA,2-1----3-,2,Countries
1227,NA,NA,3,NA,NA,NA,1,NA,2,--3---1-2,1,Individuals
1228,2,NA,1,NA,5,4,NA,3,NA,2-1-54-3-,1,Individuals
1229,2,NA,4,NA,NA,1,3,NA,NA,2-4--13--,2,Countries
1230,NA,NA,1,NA,NA,NA,NA,2,NA,--1----2-,2,Countries
1231,3,NA,2,NA,1,NA,5,NA,4,3-2-1-5-4,2,Countries
1232,5,3,4,NA,2,1,NA,NA,NA,534-21---,1,Individuals
1233,2,1,NA,NA,NA,NA,NA,NA,NA,21-------,2,Countries
1234,1,NA,2,NA,NA,NA,3,NA,NA,1-2---3--,1,Individuals
1235,NA,NA,NA,2,NA,NA,NA,1,NA,---2---1-,1,Individuals
1236,NA,NA,2,1,4,NA,NA,3,NA,--214--3-,2,Countries
1237,4,NA,1,NA,NA,NA,NA,3,2,4-1----32,1,Individuals
1238,3,6,2,5,1,NA,NA,NA,4,36251---4,2,Countries
1239,NA,NA,NA,1,NA,NA,2,NA,NA,---1--2--,2,Countries
1240,NA,NA,1,NA,3,2,NA,NA,NA,--1-32---,1,Individuals
1241,4,NA,2,NA,3,NA,NA,1,NA,4-2-3--1-,2,Countries
1242,1,NA,2,NA,NA,NA,NA,NA,NA,1-2------,1,Individuals
1243,2,3,1,NA,4,NA,NA,NA,NA,231-4----,1,Individuals
1244,2,NA,1,NA,NA,NA,NA,3,NA,2-1----3-,1,Individuals
1245,2,NA,NA,NA,NA,NA,NA,1,3,2------13,1,Individuals
